Air temperature [K],Process temperature [K],Rotational speed [rpm],Torque [Nm],Tool wear [min],Machine failure,Temp_diff,Power,Torque_per_wear,Type_L,Type_M
298.1,308.6,1551,42.8,0,0,10.5,6951.590560157351,42.8,0,1
298.2,308.7,1408,46.3,3,0,10.5,6826.722724152667,11.575,1,0
298.1,308.5,1498,49.4,5,0,10.399999999999977,7749.387542560967,8.233333333333333,1,0
298.2,308.6,1433,39.5,7,0,10.400000000000034,5927.504658915661,4.9375,1,0
298.2,308.7,1408,40.0,9,0,10.5,5897.816608339237,4.0,1,0
298.1,308.6,1425,41.9,11,0,10.5,6252.554778807084,3.4916666666666667,0,1
298.1,308.6,1558,42.4,14,0,10.5,6917.703247400629,2.8266666666666667,1,0
298.1,308.6,1527,40.2,16,0,10.5,6428.264055922363,2.364705882352941,1,0
298.3,308.7,1667,28.6,18,0,10.399999999999977,4992.639989035923,1.5052631578947369,0,1
298.5,309.0,1741,28.0,21,0,10.5,5104.878622573175,1.2727272727272727,0,1
298.4,308.9,1782,23.9,24,0,10.5,4459.993426595285,0.956,0,0
298.6,309.1,1423,44.3,29,0,10.5,6601.41817101272,1.4766666666666666,0,0
298.6,309.1,1339,51.1,34,0,10.5,7165.22933257697,1.46,0,1
298.6,309.2,1742,30.0,37,0,10.599999999999966,5472.6544025534195,0.7894736842105263,0,1
298.6,309.2,2035,19.6,40,0,10.599999999999966,4176.85215270275,0.4780487804878049,1,0
298.6,309.2,1542,48.4,42,0,10.599999999999966,7815.528539894543,1.1255813953488372,1,0
298.6,309.2,1311,46.6,44,0,10.599999999999966,6397.602111623327,1.0355555555555556,0,1
298.7,309.2,1410,45.6,47,0,10.5,6733.0613751736455,0.9500000000000001,0,1
298.8,309.2,1306,54.5,50,0,10.399999999999977,7453.6380101520235,1.0686274509803921,0,0
298.9,309.3,1632,32.5,55,0,10.400000000000034,5554.3358115467545,0.5803571428571429,0,1
298.9,309.3,1375,42.7,58,0,10.400000000000034,6148.3586224630235,0.7237288135593221,0,0
298.8,309.3,1450,44.8,63,0,10.5,6802.595292573099,0.7,1,0
298.9,309.3,1581,30.7,65,0,10.400000000000034,5082.7513383163905,0.46515151515151515,0,1
299.0,309.4,1758,25.7,68,0,10.399999999999977,4731.3013681593,0.372463768115942,1,0
299.0,309.4,1561,37.3,70,0,10.399999999999977,6097.339157768725,0.5253521126760563,0,1
299.0,309.5,1861,23.3,73,0,10.5,4540.784717670103,0.31486486486486487,1,0
299.1,309.5,1512,39.0,75,0,10.399999999999977,6175.114519896098,0.5131578947368421,1,0
299.1,309.4,1811,24.6,77,0,10.299999999999955,4665.327922433915,0.31538461538461543,0,0
299.1,309.4,1439,44.2,82,0,10.299999999999955,6660.574360679816,0.5325301204819277,1,0
299.0,309.4,1693,30.1,84,0,10.399999999999977,5336.445417069278,0.35411764705882354,1,0
299.1,309.5,1339,48.2,86,0,10.399999999999977,6758.592051471818,0.5540229885057472,0,1
299.0,309.4,1798,25.5,89,0,10.399999999999977,4801.296052481282,0.2833333333333333,1,0
299.0,309.4,1419,48.3,91,0,10.399999999999977,7177.251160464705,0.525,1,0
298.9,309.3,1665,32.5,93,0,10.400000000000034,5666.647748912589,0.34574468085106386,1,0
298.8,309.1,1559,34.7,95,0,10.300000000000011,5665.056008634771,0.3614583333333334,0,1
298.8,309.2,1452,48.6,98,0,10.399999999999977,7389.7799034800555,0.4909090909090909,0,1
298.9,309.2,1581,36.7,101,0,10.300000000000011,6076.122935381484,0.3598039215686275,0,1
298.8,309.1,1439,39.2,104,0,10.300000000000011,5907.115722593864,0.37333333333333335,1,0
298.9,309.2,1379,50.7,106,0,10.300000000000011,7321.51309511755,0.4738317757009346,0,0
298.8,309.1,1350,52.5,111,0,10.300000000000011,7422.0126441058865,0.46875,1,0
298.8,309.1,1362,45.4,113,0,10.300000000000011,6475.325113873137,0.3982456140350877,1,0
298.8,309.1,1368,50.8,115,0,10.300000000000011,7277.436550187683,0.4379310344827586,1,0
298.8,309.1,1368,49.1,117,0,10.300000000000011,7033.900287681403,0.4161016949152542,0,1
298.8,309.2,1372,48.5,120,0,10.399999999999977,6968.261945172401,0.40082644628099173,0,0
298.8,309.1,1472,47.5,125,0,10.300000000000011,7322.00527796661,0.376984126984127,0,1
298.8,309.1,1489,49.1,128,0,10.300000000000011,7656.050824822813,0.3806201550387597,1,0
298.7,309.0,1843,25.8,130,0,10.300000000000011,4979.36152408675,0.1969465648854962,0,1
298.8,309.1,1418,46.3,133,0,10.300000000000011,6875.207970773071,0.3455223880597015,1,0
298.8,309.2,1425,53.9,135,0,10.399999999999977,8043.2625913532665,0.3963235294117647,0,0
298.9,309.2,1412,44.1,140,0,10.300000000000011,6520.815375497119,0.3127659574468085,0,1
298.9,309.1,2861,4.6,143,1,10.200000000000045,1378.1748092277942,0.03194444444444444,1,0
298.9,309.1,1383,54.9,145,0,10.200000000000045,7951.025431043872,0.37602739726027395,1,0
298.8,309.0,1497,43.8,147,0,10.199999999999989,6866.327735538923,0.2959459459459459,0,0
298.7,309.0,1565,35.1,152,0,10.300000000000011,5752.41322835559,0.22941176470588237,1,0
298.7,309.0,1691,30.1,154,0,10.300000000000011,5330.141287811076,0.1941935483870968,1,0
298.8,309.1,1512,40.7,156,0,10.300000000000011,6444.286178455672,0.2592356687898089,1,0
298.8,309.1,1477,42.4,158,0,10.300000000000011,6558.053720417668,0.26666666666666666,1,0
298.8,309.1,1513,40.3,160,0,10.300000000000011,6385.171876690622,0.2503105590062112,1,0
298.8,309.0,1661,29.5,162,0,10.199999999999989,5131.215640985769,0.18098159509202455,0,1
298.8,309.1,1378,54.4,165,0,10.300000000000011,7850.127946986078,0.327710843373494,1,0
298.8,309.1,1393,52.6,167,0,10.300000000000011,7673.004953176688,0.3130952380952381,1,0
298.8,309.0,1592,38.2,169,0,10.199999999999989,6368.469075749038,0.2247058823529412,0,1
298.8,309.0,1829,22.9,172,0,10.199999999999989,4386.092695407342,0.13236994219653178,1,0
298.9,309.0,1812,25.9,174,0,10.100000000000023,4914.581883569729,0.148,0,1
299.0,309.1,1523,38.6,177,0,10.100000000000023,6156.244020023535,0.21685393258426966,1,0
299.0,309.1,1394,45.1,179,0,10.100000000000023,6583.668172519938,0.2505555555555556,1,0
298.9,308.9,1679,28.7,181,0,10.0,5046.162255877581,0.1576923076923077,0,1
298.8,308.9,1466,44.1,184,0,10.099999999999966,6770.195000339076,0.23837837837837839,0,0
298.8,308.9,1527,32.4,189,0,10.099999999999966,5180.988940594142,0.17052631578947366,1,0
298.9,309.0,1410,65.7,191,1,10.100000000000023,9700.923955019924,0.34218750000000003,1,0
298.9,309.0,1924,22.6,193,0,10.100000000000023,4553.4662800150945,0.11649484536082474,0,1
298.9,309.1,1452,45.5,196,0,10.200000000000045,6918.415341735443,0.23096446700507614,1,0
298.9,309.1,1369,44.4,198,0,10.200000000000045,6365.243707291352,0.22311557788944722,1,0
299.0,309.1,1592,35.0,200,0,10.100000000000023,5834.984755267443,0.17412935323383086,1,0
298.9,309.0,1601,32.3,202,0,10.100000000000023,5415.299392674381,0.15911330049261083,1,0
298.8,308.9,1379,46.7,204,0,10.099999999999966,6743.878925877506,0.2278048780487805,1,0
298.8,308.9,1461,47.9,206,0,10.099999999999966,7328.487430808518,0.23140096618357486,1,0
298.8,308.9,1455,41.3,208,1,10.099999999999966,6292.767164773035,0.19760765550239234,1,0
298.8,308.9,1398,51.5,0,0,10.099999999999966,7539.508209350145,51.5,1,0
298.8,308.9,1402,37.9,2,0,10.099999999999966,5564.367964087218,12.633333333333333,1,0
298.8,308.8,1445,49.9,4,0,10.0,7550.870302780627,9.98,0,0
298.9,308.9,1450,47.5,9,0,10.0,7212.573133866567,4.75,1,0
298.9,308.9,1453,40.8,11,0,10.0,6208.038410905718,3.4,1,0
299.0,309.0,1469,40.1,13,0,10.0,6168.716142858287,2.8642857142857143,1,0
298.9,308.9,1422,47.6,15,0,10.0,7088.187008735435,2.975,1,0
299.0,309.0,1804,26.8,17,0,10.0,5062.906944721215,1.488888888888889,0,1
299.0,309.0,1436,43.9,20,0,10.0,6601.575250645399,2.0904761904761906,0,0
299.0,309.0,1544,31.8,25,0,10.0,5141.656200571199,1.2230769230769232,1,0
299.0,309.0,1419,45.2,27,0,10.0,6716.599429668835,1.6142857142857143,0,1
298.9,308.9,1487,39.5,30,0,10.0,6150.871896585897,1.2741935483870968,0,1
298.9,308.9,1753,25.8,33,0,10.0,4736.2022526989,0.7588235294117647,1,0
298.9,308.9,1830,24.9,35,0,10.0,4771.765081537536,0.6916666666666667,1,0
298.9,308.9,1727,27.1,37,0,10.0,4901.062563183781,0.7131578947368421,0,1
299.1,309.0,1450,43.0,40,0,9.899999999999977,6529.276731710787,1.048780487804878,1,0
299.0,308.9,1622,31.9,42,0,9.899999999999977,5418.388625450411,0.741860465116279,1,0
299.0,309.0,1351,52.2,44,0,10.0,7385.06751449967,1.1600000000000001,0,1
299.0,309.0,1575,35.3,47,0,10.0,5822.156585265284,0.7354166666666666,0,1
298.9,308.9,1750,29.9,50,0,10.0,5479.4611866361965,0.5862745098039216,0,1
298.9,308.8,1529,32.7,53,0,9.900000000000034,5235.809732399286,0.6055555555555556,1,0
298.8,308.8,1523,44.4,55,0,10.0,7081.275504897538,0.7928571428571428,1,0
298.8,308.9,1852,25.0,57,0,10.099999999999966,4848.524662040247,0.43103448275862066,1,0
298.8,308.8,1991,20.7,59,0,10.0,4315.888571575122,0.345,1,0
298.8,308.8,1555,40.6,61,0,10.0,6611.272299969481,0.6548387096774194,1,0
298.8,308.8,1441,40.5,63,0,10.0,6111.497268660904,0.6328125,0,1
298.8,308.7,1450,43.4,66,0,9.899999999999977,6590.01418968019,0.6477611940298508,1,0
298.8,308.7,1591,31.1,68,0,9.899999999999977,5181.543955296277,0.45072463768115945,1,0
298.8,308.7,1445,48.5,70,0,9.899999999999977,7339.022238173556,0.6830985915492958,1,0
298.8,308.8,1497,46.8,72,0,10.0,7336.624155781315,0.6410958904109588,0,1
298.9,308.8,1621,32.7,75,0,9.900000000000034,5550.848643701271,0.4302631578947369,0,0
298.9,308.7,1572,34.1,80,0,9.800000000000011,5613.523417140386,0.42098765432098767,1,0
298.8,308.6,1872,22.5,82,0,9.800000000000011,4410.79608564007,0.2710843373493976,1,0
298.7,308.6,1499,43.5,84,0,9.900000000000034,6828.408712210095,0.5117647058823529,0,0
298.8,308.7,1498,39.5,89,0,9.899999999999977,6196.3726301853885,0.4388888888888889,0,1
298.8,308.6,1486,41.9,92,0,9.800000000000011,6520.208000917424,0.4505376344086021,0,1
298.8,308.6,1680,29.4,95,0,9.800000000000011,5172.318144870235,0.30624999999999997,1,0
298.8,308.6,1431,45.7,97,0,9.800000000000011,6848.326409633855,0.46632653061224494,1,0
298.9,308.7,1564,34.1,99,0,9.800000000000011,5584.955867943743,0.341,1,0
298.8,308.6,1599,33.0,101,0,9.800000000000011,5525.747318399087,0.3235294117647059,1,0
298.8,308.6,1707,28.1,103,0,9.800000000000011,5023.0610778981845,0.27019230769230773,0,1
298.7,308.5,1467,40.7,106,0,9.800000000000011,6252.491946954015,0.38037383177570094,1,0
298.9,308.7,1433,44.7,108,0,9.800000000000011,6707.834386165318,0.4100917431192661,1,0
298.9,308.7,1558,41.2,110,0,9.800000000000011,6721.919193228914,0.3711711711711712,1,0
299.0,308.8,1310,50.7,112,0,9.800000000000011,6955.171975782444,0.44867256637168146,1,0
298.9,308.7,1546,43.4,114,0,9.800000000000011,7026.318577410739,0.3773913043478261,1,0
298.9,308.7,1727,29.4,116,0,9.800000000000011,5317.019902494581,0.2512820512820513,1,0
298.9,308.6,1560,32.2,118,0,9.700000000000045,5260.28273917075,0.2705882352941177,1,0
299.0,308.6,1329,60.5,120,0,9.600000000000023,8419.939550518684,0.5,1,0
298.9,308.6,1413,46.5,122,0,9.700000000000045,6880.559150259685,0.3780487804878049,1,0
299.0,308.6,1587,38.6,124,0,9.600000000000023,6414.9437030711415,0.3088,1,0
298.9,308.5,1559,34.3,126,0,9.600000000000023,5599.75276934215,0.2700787401574803,1,0
298.8,308.4,1473,41.1,128,0,9.599999999999966,6339.765390870739,0.3186046511627907,1,0
298.8,308.4,1737,27.7,130,0,9.599999999999966,5038.580545606917,0.21145038167938932,1,0
298.7,308.4,1441,43.2,132,0,9.699999999999989,6518.930419904966,0.324812030075188,0,1
298.7,308.4,1430,49.6,135,0,9.699999999999989,7427.5627911272295,0.3647058823529412,0,1
298.8,308.4,1369,53.0,138,0,9.599999999999966,7598.151272217154,0.381294964028777,1,0
298.8,308.5,1711,28.5,140,0,9.699999999999989,5106.501778777529,0.20212765957446807,0,1
298.7,308.5,1420,45.7,143,0,9.800000000000011,6795.683788735201,0.31736111111111115,0,0
298.7,308.6,1297,55.3,148,0,9.900000000000034,7510.93018817799,0.3711409395973154,1,0
298.8,308.6,1449,49.4,150,0,9.800000000000011,7495.902903318319,0.3271523178807947,0,0
298.8,308.6,1268,55.8,155,0,9.800000000000011,7409.383441638455,0.3576923076923077,1,0
298.8,308.6,1511,36.1,157,0,9.800000000000011,5712.158954487593,0.22848101265822784,1,0
298.7,308.5,1544,35.2,159,0,9.800000000000011,5691.393027047366,0.22000000000000003,1,0
298.6,308.4,1778,28.2,161,0,9.799999999999955,5250.606633797693,0.17407407407407408,0,1
298.6,308.4,1407,50.5,164,0,9.799999999999955,7440.705120394745,0.30606060606060603,0,0
298.6,308.4,1391,42.4,169,0,9.799999999999955,6176.203605349342,0.24941176470588233,0,1
298.5,308.4,1513,33.6,172,0,9.899999999999977,5323.61724706712,0.19421965317919077,1,0
298.5,308.4,1612,36.1,174,0,9.899999999999977,6093.977653629385,0.2062857142857143,0,0
298.4,308.4,1515,40.1,179,0,10.0,6361.882203152011,0.2227777777777778,1,0
298.3,308.3,1379,48.0,181,0,10.0,6931.61003088052,0.26373626373626374,0,1
298.4,308.3,1473,39.9,184,0,9.900000000000034,6154.662751721228,0.21567567567567567,1,0
298.4,308.3,1422,42.7,186,0,9.900000000000034,6358.52069901267,0.22834224598930483,1,0
298.4,308.2,1463,37.6,188,0,9.800000000000011,5760.508065426342,0.19894179894179895,0,1
298.4,308.2,1584,41.0,191,0,9.800000000000011,6800.919776491184,0.21354166666666666,0,1
298.4,308.2,1850,27.0,194,0,9.800000000000011,5230.751768227006,0.13846153846153847,1,0
298.4,308.2,1528,36.2,196,0,9.800000000000011,5792.426646786813,0.18375634517766498,1,0
298.4,308.2,1987,19.8,198,0,9.800000000000011,4119.9474377707265,0.09949748743718594,0,0
298.4,308.1,1495,46.0,203,0,9.700000000000045,7201.577559579002,0.22549019607843138,0,1
298.4,308.2,1478,43.5,206,0,9.800000000000011,6732.747215908285,0.21014492753623187,0,0
298.4,308.2,1499,40.0,211,0,9.800000000000011,6278.996516974799,0.18867924528301888,0,1
298.4,308.2,1471,47.0,214,0,9.800000000000011,7240.009709707918,0.2186046511627907,1,0
298.4,308.2,1282,60.7,216,1,9.800000000000011,8149.019072048613,0.2797235023041475,1,0
298.3,308.1,1412,52.3,218,1,9.800000000000011,7733.302588174587,0.23881278538812784,1,0
298.3,308.1,1586,35.5,0,0,9.800000000000011,5896.036372502204,35.5,1,0
298.4,308.2,1468,43.8,2,0,9.800000000000011,6733.312702585932,14.6,0,1
298.5,308.3,1440,43.6,5,0,9.800000000000011,6574.725105432719,7.266666666666667,0,1
298.5,308.4,1733,26.0,8,0,9.899999999999977,4718.4627261816295,2.888888888888889,1,0
298.4,308.2,1612,32.6,10,0,9.800000000000011,5503.148795244264,2.963636363636364,0,0
298.4,308.3,1458,42.9,15,0,9.900000000000034,6550.032187175502,2.68125,0,0
298.4,308.3,1433,62.3,20,1,9.900000000000034,9348.950386087232,2.9666666666666663,1,0
298.4,308.3,1318,59.1,22,0,9.900000000000034,8157.019661339754,2.5695652173913044,1,0
298.4,308.2,1610,35.0,24,0,9.800000000000011,5900.958200992827,1.4,0,1
298.2,308.1,1462,50.8,27,0,9.900000000000034,7777.494324835084,1.8142857142857143,1,0
298.1,308.0,1924,20.8,29,0,9.899999999999977,4190.800824084688,0.6933333333333334,0,1
298.2,308.0,1591,33.7,32,0,9.800000000000011,5614.727694324262,1.0212121212121212,0,1
298.2,308.1,1306,58.3,35,0,9.900000000000034,7973.341210859871,1.6194444444444445,1,0
298.2,308.1,1382,43.5,37,0,9.900000000000034,6295.437518528586,1.144736842105263,1,0
298.2,308.1,1618,34.7,39,0,9.900000000000034,5879.4487632912505,0.8675,1,0
298.2,308.2,1988,21.4,41,0,10.0,4455.1134860067095,0.5095238095238095,1,0
298.2,308.2,1436,50.2,43,0,10.0,7548.953931261938,1.1409090909090909,1,0
298.2,308.3,1304,49.8,45,0,10.100000000000023,6800.41712166661,1.0826086956521739,1,0
298.2,308.3,1475,49.9,47,0,10.100000000000023,7707.635776194758,1.0395833333333333,1,0
298.2,308.3,1824,24.2,49,0,10.100000000000023,4622.413766785878,0.484,0,0
298.1,308.2,1342,48.1,54,0,10.099999999999966,6759.681136925063,0.8745454545454546,0,1
298.1,308.2,1485,40.7,57,0,10.099999999999966,6329.209639554678,0.7017241379310345,1,0
298.2,308.2,1667,30.6,59,0,10.0,5341.775652604869,0.51,1,0
298.2,308.2,1446,38.2,61,0,10.0,5784.426057495672,0.6161290322580646,1,0
298.1,308.3,1301,56.0,63,0,10.199999999999989,7629.462478997933,0.875,1,0
298.2,308.4,1379,43.1,65,0,10.199999999999989,6224.008173561467,0.6530303030303031,1,0
298.3,308.5,1606,33.6,67,0,10.199999999999989,5650.845537865033,0.49411764705882355,1,0
298.3,308.4,1539,43.4,69,0,10.099999999999966,6994.504715805388,0.62,0,1
298.2,308.4,1477,49.9,72,0,10.199999999999989,7718.086807755699,0.6835616438356165,1,0
298.2,308.4,1666,34.6,74,0,10.199999999999989,6036.423676215621,0.4613333333333334,1,0
298.2,308.4,1398,51.8,76,0,10.199999999999989,7583.42767464733,0.6727272727272727,0,0
298.2,308.4,1678,34.6,81,0,10.199999999999989,6079.903318541303,0.42195121951219516,0,0
298.2,308.5,2678,10.7,86,1,10.300000000000011,3000.702695051803,0.12298850574712643,0,1
298.3,308.5,1453,42.9,89,0,10.199999999999989,6527.569799702335,0.4766666666666666,1,0
298.3,308.6,1432,49.5,91,0,10.300000000000011,7422.955121901963,0.5380434782608695,0,0
298.4,308.6,1527,40.9,96,0,10.200000000000045,6540.199002169767,0.4216494845360825,0,1
298.4,308.7,1588,35.0,99,0,10.300000000000011,5820.32398955069,0.35,1,0
298.4,308.6,1433,47.1,101,0,10.200000000000045,7067.986567972852,0.46176470588235297,1,0
298.4,308.6,1609,35.0,103,0,10.200000000000045,5897.293009563639,0.33653846153846156,1,0
298.3,308.5,1575,41.2,105,0,10.199999999999989,6795.264909714723,0.3886792452830189,1,0
298.4,308.5,1636,35.7,107,0,10.100000000000023,6116.178241714753,0.3305555555555556,0,1
298.4,308.5,1490,37.9,110,0,10.100000000000023,5913.6292913623065,0.34144144144144145,1,0
298.4,308.5,1741,32.8,112,0,10.100000000000023,5980.000672157147,0.2902654867256637,1,0
298.5,308.6,1344,53.0,114,0,10.100000000000023,7459.397596683605,0.4608695652173913,0,1
298.5,308.7,1609,35.3,117,0,10.199999999999989,5947.841235359898,0.29915254237288136,1,0
298.4,308.7,1421,60.7,119,1,10.300000000000011,9032.571061919718,0.5058333333333334,0,1
298.4,308.6,1591,36.7,122,0,10.200000000000045,6114.555085510398,0.2983739837398374,1,0
298.4,308.6,1477,44.0,124,0,10.200000000000045,6805.527445716449,0.352,1,0
298.4,308.7,1523,36.1,126,0,10.300000000000011,5757.523552405431,0.284251968503937,1,0
298.5,308.7,1575,33.9,128,0,10.199999999999989,5591.249525226434,0.2627906976744186,1,0
298.4,308.7,1344,52.9,130,0,10.300000000000011,7445.323261595522,0.40381679389312974,0,0
298.4,308.7,1386,44.9,135,0,10.300000000000011,6516.856968753595,0.3301470588235294,1,0
298.3,308.6,1589,37.1,137,0,10.300000000000011,6173.428531838672,0.2688405797101449,0,1
298.3,308.6,1548,40.3,140,0,10.300000000000011,6532.879091286903,0.2858156028368794,1,0
298.3,308.6,1499,38.3,142,0,10.300000000000011,6012.13916500337,0.2678321678321678,1,0
298.3,308.5,1664,31.6,144,0,10.199999999999989,5506.416051603998,0.21793103448275863,1,0
298.3,308.6,1447,38.1,146,0,10.300000000000011,5773.2734035754265,0.25918367346938775,1,0
298.3,308.5,1434,46.2,148,0,10.199999999999989,6937.767552481556,0.31006711409395976,0,1
298.3,308.5,1416,52.7,151,0,10.199999999999989,7814.523230245396,0.34671052631578947,1,0
298.4,308.5,1827,24.3,153,0,10.100000000000023,4649.148720267927,0.1577922077922078,0,0
298.4,308.6,1304,45.0,158,0,10.200000000000045,6144.955230421636,0.2830188679245283,1,0
298.4,308.6,1569,34.4,160,0,10.200000000000045,5652.102174926468,0.21366459627329193,1,0
298.3,308.6,1584,29.3,162,0,10.300000000000011,4860.169498809553,0.17975460122699388,1,0
298.3,308.5,1362,53.8,164,0,10.199999999999989,7673.40288824614,0.32606060606060605,1,0
298.3,308.4,1329,49.2,166,0,10.099999999999966,6847.28968405817,0.2946107784431138,1,0
298.3,308.5,1539,36.1,168,0,10.199999999999989,5818.009682962546,0.21360946745562132,1,0
298.3,308.5,1629,37.1,170,0,10.199999999999989,6328.832648436246,0.21695906432748538,0,1
298.3,308.5,1538,32.2,173,0,10.199999999999989,5186.099264643983,0.18505747126436783,1,0
298.3,308.6,1570,34.8,175,0,10.300000000000011,5721.468540717731,0.19772727272727272,1,0
298.3,308.4,1408,43.1,177,0,10.099999999999966,6354.897395485528,0.24213483146067416,1,0
298.2,308.4,1424,47.6,179,0,10.199999999999989,7098.156329422827,0.2644444444444444,1,0
298.2,308.4,1512,34.9,181,0,10.199999999999989,5525.935813958303,0.19175824175824174,1,0
298.2,308.4,1478,42.9,183,0,10.199999999999989,6639.881737068171,0.23315217391304346,1,0
298.1,308.3,1680,33.7,185,0,10.199999999999989,5928.8136558546585,0.18118279569892476,0,1
298.1,308.3,1495,38.7,188,0,10.199999999999989,6058.718512080595,0.20476190476190478,1,0
298.0,308.1,1552,36.6,190,0,10.100000000000023,5948.417194013057,0.19162303664921468,0,1
297.9,308.1,1393,50.3,193,0,10.200000000000045,7337.493329748809,0.2592783505154639,1,0
298.0,308.2,1611,30.6,195,0,10.199999999999989,5162.32788023182,0.15612244897959185,1,0
298.0,308.1,1339,51.6,197,0,10.100000000000023,7235.339208629582,0.2606060606060606,0,1
298.0,308.1,1777,24.3,200,0,10.100000000000023,4521.91421779754,0.1208955223880597,1,0
298.0,308.2,1348,58.8,202,1,10.199999999999989,8300.33911819652,0.28965517241379307,1,0
298.0,308.2,1442,44.1,204,0,10.199999999999989,6659.359611520428,0.2151219512195122,1,0
298.0,308.2,1395,49.1,206,0,10.199999999999989,7172.727267043536,0.23719806763285026,0,1
297.9,308.1,1627,31.4,209,0,10.200000000000045,5349.901905602154,0.1495238095238095,0,1
297.9,308.1,1585,33.5,212,0,10.200000000000045,5560.3571974661345,0.1572769953051643,1,0
298.0,308.2,1469,45.5,214,0,10.199999999999989,6999.4160723205,0.2116279069767442,1,0
298.0,308.3,1362,56.8,216,1,10.300000000000011,8101.2878076650695,0.26175115207373273,1,0
298.0,308.3,1405,56.2,218,1,10.300000000000011,8268.776584003457,0.25662100456621006,1,0
298.0,308.3,1662,32.7,0,0,10.300000000000011,5691.246419390198,32.7,1,0
298.0,308.2,1466,42.6,2,0,10.199999999999989,6539.916258830944,14.200000000000001,0,1
298.0,308.2,1620,35.8,5,0,10.199999999999989,6073.326917919787,5.966666666666666,1,0
298.0,308.2,1357,48.2,7,0,10.199999999999989,6849.446911013634,6.025,1,0
298.0,308.2,1514,37.9,9,0,10.199999999999989,6008.8823806191485,3.79,1,0
298.0,308.2,1489,40.4,11,0,10.199999999999989,6299.479701076205,3.3666666666666667,1,0
298.1,308.3,1331,63.0,13,0,10.199999999999989,8781.065626048829,4.5,1,0
298.0,308.0,1615,29.5,15,0,10.0,4989.110933288391,1.84375,1,0
298.1,308.2,1482,37.9,17,0,10.099999999999966,5881.878261610027,2.1055555555555556,1,0
298.1,308.2,1420,63.9,19,1,10.099999999999966,9502.061140047686,3.195,0,1
298.2,308.3,1522,49.1,22,0,10.100000000000023,7825.728244043198,2.134782608695652,0,1
298.1,308.2,1654,32.1,25,0,10.099999999999966,5559.927846470144,1.2346153846153847,1,0
298.1,308.2,1736,26.8,27,0,10.099999999999966,4872.065662991146,0.9571428571428572,0,1
298.0,308.1,1587,32.3,30,0,10.100000000000023,5367.945119409271,1.0419354838709676,0,1
298.1,308.2,1390,47.5,33,0,10.099999999999966,6914.1218317755365,1.3970588235294117,1,0
298.0,308.1,1454,37.1,35,0,10.100000000000023,5648.939638321855,1.0305555555555557,1,0
298.0,308.1,1440,43.7,37,0,10.100000000000023,6589.80475016995,1.1500000000000001,0,0
297.9,308.0,1954,21.1,42,0,10.100000000000023,4317.532671730501,0.4906976744186047,1,0
297.9,308.0,1800,24.8,44,0,10.100000000000023,4674.689868541612,0.5511111111111111,0,0
298.0,308.0,1524,37.0,49,0,10.0,5904.937551687375,0.74,1,0
298.0,308.0,1520,39.6,51,0,10.0,6303.2915001625615,0.7615384615384616,0,0
298.1,308.1,1452,40.8,56,0,10.0,6203.765844896836,0.7157894736842105,0,1
298.1,308.1,1484,40.4,59,0,10.0,6278.326310542034,0.6733333333333333,1,0
298.1,308.0,1426,46.0,61,0,9.899999999999977,6869.197056829202,0.7419354838709677,1,0
298.1,308.0,1652,28.5,63,0,9.899999999999977,4930.415510543821,0.4453125,1,0
298.0,308.0,1401,54.7,65,0,10.0,8025.16701766859,0.8287878787878789,1,0
298.0,307.9,1750,26.6,67,0,9.899999999999977,4874.704600820162,0.3911764705882353,0,1
298.0,308.0,1479,50.7,70,0,10.0,7852.442253574225,0.7140845070422536,0,0
298.0,308.0,1620,29.4,75,0,10.0,4987.5924968391555,0.3868421052631579,0,1
298.0,308.1,1819,23.4,78,0,10.100000000000023,4457.354488766269,0.2962025316455696,1,0
298.1,308.1,1456,43.7,80,0,10.0,6663.024802949617,0.5395061728395062,0,1
298.1,308.0,1626,36.5,83,0,9.899999999999977,6215.012746596688,0.43452380952380953,1,0
298.1,308.1,1390,49.8,85,0,10.0,7248.910888893088,0.5790697674418605,0,1
298.2,308.2,1469,43.0,88,0,10.0,6614.832771643549,0.48314606741573035,1,0
298.2,308.3,2051,19.2,90,0,10.100000000000023,4123.780180808106,0.210989010989011,1,0
298.2,308.3,1568,36.0,92,0,10.100000000000023,5911.2207369945545,0.3870967741935484,1,0
298.2,308.3,1589,33.2,94,0,10.100000000000023,5524.469737386628,0.3494736842105263,1,0
298.2,308.3,1805,31.6,96,0,10.100000000000023,5973.005392515154,0.32577319587628867,1,0
298.2,308.4,1385,42.2,98,0,10.199999999999989,6120.555527478756,0.4262626262626263,0,0
298.1,308.4,1436,46.7,103,0,10.299999999999955,7022.632442030528,0.44903846153846155,1,0
298.1,308.4,1438,45.6,105,0,10.299999999999955,6866.767558510426,0.43018867924528303,1,0
298.0,308.3,1473,42.6,107,0,10.300000000000011,6571.143689807627,0.39444444444444443,1,0
298.1,308.4,1335,40.2,109,0,10.299999999999955,5619.9950980067815,0.3654545454545455,1,0
298.1,308.5,1392,44.8,111,0,10.399999999999977,6530.491480870174,0.39999999999999997,0,0
298.1,308.5,1372,51.1,116,0,10.399999999999977,7341.818255635252,0.43675213675213675,0,1
298.1,308.6,1716,30.7,119,0,10.5,5516.762363409821,0.2558333333333333,0,1
298.0,308.5,1395,46.2,122,0,10.5,6749.083497706953,0.375609756097561,1,0
298.0,308.5,1713,25.3,124,0,10.5,4538.438995155423,0.2024,1,0
297.9,308.5,2129,18.7,126,0,10.600000000000023,4169.134306750431,0.14724409448818898,0,0
297.8,308.3,1567,35.6,131,0,10.5,5841.812483301244,0.2696969696969697,0,1
297.8,308.4,1622,38.3,134,0,10.599999999999966,6505.463459396576,0.2837037037037037,1,0
297.7,308.4,1740,27.1,136,0,10.699999999999989,4937.955332912437,0.1978102189781022,1,0
297.8,308.4,1512,35.1,138,0,10.599999999999966,5557.603067906488,0.2525179856115108,0,0
297.8,308.4,1479,43.5,143,0,10.599999999999966,6737.302525255991,0.3020833333333333,0,1
297.8,308.4,1737,27.5,146,0,10.599999999999966,5002.200902678348,0.1870748299319728,1,0
297.8,308.4,2129,19.2,148,0,10.599999999999966,4280.608486075309,0.12885906040268455,1,0
297.8,308.4,1374,47.1,150,0,10.599999999999966,6776.980840470831,0.3119205298013245,1,0
297.8,308.4,1579,36.6,152,0,10.599999999999966,6051.9012560223055,0.23921568627450981,0,1
297.9,308.5,1305,47.2,155,0,10.600000000000023,6450.3180363505635,0.3025641025641026,1,0
297.9,308.5,1449,40.8,157,0,10.600000000000023,6190.948146870191,0.2582278481012658,0,1
298.0,308.6,1526,41.8,160,0,10.600000000000023,6679.738075866714,0.25962732919254655,0,0
298.0,308.6,1453,44.1,165,0,10.600000000000023,6710.159164728975,0.2656626506024096,0,1
297.9,308.6,1468,36.0,168,0,10.700000000000045,5534.229618563781,0.21301775147928995,1,0
298.0,308.6,1313,50.8,170,0,10.600000000000023,6984.849554383354,0.2970760233918128,1,0
297.9,308.5,1300,53.0,172,0,10.600000000000023,7215.191127744558,0.3063583815028902,0,1
297.9,308.4,1646,40.6,175,0,10.5,6998.1699072345755,0.23068181818181818,1,0
297.8,308.4,1714,33.2,177,0,10.599999999999966,5959.056721133215,0.1865168539325843,1,0
297.8,308.4,1685,28.4,179,0,10.599999999999966,5011.259161496199,0.15777777777777777,1,0
297.8,308.4,1512,39.9,181,0,10.599999999999966,6317.617162662931,0.21923076923076923,1,0
297.8,308.4,1612,32.1,183,0,10.599999999999966,5418.744672617819,0.17445652173913045,1,0
297.8,308.4,1550,38.2,185,0,10.599999999999966,6200.456700635056,0.2053763440860215,0,0
297.8,308.4,1518,32.5,190,0,10.599999999999966,5166.349118828415,0.17015706806282724,1,0
297.8,308.5,1448,40.0,192,0,10.699999999999989,6065.368216530695,0.20725388601036268,1,0
297.8,308.5,1561,46.3,194,0,10.699999999999989,7568.546997444826,0.2374358974358974,1,0
297.8,308.5,1488,41.9,196,0,10.699999999999989,6528.983516396452,0.21269035532994923,0,1
297.8,308.5,1699,27.8,199,0,10.699999999999989,4946.144417762795,0.139,1,0
297.7,308.5,1501,41.4,201,0,10.800000000000011,6507.432190792826,0.20495049504950494,1,0
297.7,308.5,1373,56.7,203,1,10.800000000000011,8152.338688285906,0.27794117647058825,1,0
297.6,308.4,1703,31.4,205,0,10.799999999999955,5599.805129219711,0.1524271844660194,0,0
297.7,308.5,1720,29.9,210,0,10.800000000000011,5385.527566293862,0.14170616113744075,0,0
297.6,308.4,1398,41.9,215,0,10.799999999999955,6134.085319840215,0.19398148148148148,0,1
297.6,308.4,1391,51.9,218,0,10.799999999999955,7560.022809378086,0.236986301369863,0,1
297.6,308.3,1538,40.2,0,0,10.699999999999989,6474.571131636277,40.2,0,1
297.5,308.2,1647,31.3,3,0,10.699999999999989,5398.4185681490935,7.825,1,0
297.5,308.1,1469,44.8,5,0,10.600000000000023,6891.732748130953,7.466666666666666,0,1
297.4,308.1,1749,25.9,8,0,10.700000000000045,4743.710659140979,2.8777777777777778,1,0
297.6,308.2,1995,20.5,10,0,10.599999999999966,4282.776185006285,1.8636363636363635,0,1
297.6,308.3,1742,27.7,13,0,10.699999999999989,5053.084231690991,1.9785714285714284,1,0
297.5,308.2,1563,38.2,15,0,10.699999999999989,6252.460531027478,2.3875,1,0
297.5,308.2,1713,32.2,17,0,10.699999999999989,5776.195084743266,1.788888888888889,0,1
297.4,308.1,1474,39.4,20,0,10.700000000000045,6081.662610427314,1.8761904761904762,1,0
297.4,308.2,1530,32.6,22,0,10.800000000000011,5223.21194585839,1.4173913043478261,0,1
297.4,308.2,1471,46.5,25,0,10.800000000000011,7162.988329817408,1.7884615384615385,1,0
297.5,308.3,1388,48.6,27,0,10.800000000000011,7064.059577155866,1.7357142857142858,1,0
297.5,308.2,2448,13.8,29,0,10.699999999999989,3537.6846553543946,0.46,0,1
297.5,308.3,1585,32.9,32,0,10.800000000000011,5460.768710347337,0.996969696969697,1,0
297.5,308.3,1459,45.2,34,0,10.800000000000011,6905.932746925179,1.2914285714285716,0,1
297.5,308.3,1544,40.8,37,0,10.800000000000011,6596.841917713991,1.0736842105263158,1,0
297.6,308.3,1617,31.7,39,0,10.699999999999989,5367.819455703128,0.7925,1,0
297.6,308.3,1595,34.3,41,0,10.699999999999989,5729.060722963907,0.8166666666666667,1,0
297.6,308.3,1400,44.3,43,0,10.699999999999989,6494.719212521298,1.0068181818181818,0,0
297.6,308.4,1611,31.0,48,0,10.799999999999955,5229.809290430929,0.6326530612244898,0,1
297.6,308.4,1507,46.0,51,0,10.799999999999955,7259.382864405055,0.8846153846153846,0,1
297.5,308.3,1674,30.0,54,0,10.800000000000011,5259.026102109314,0.5454545454545454,0,0
297.6,308.3,1658,34.3,59,0,10.699999999999989,5955.3496418019795,0.5716666666666667,1,0
297.6,308.3,1623,36.9,61,0,10.699999999999989,6271.529998434768,0.5951612903225806,1,0
297.6,308.4,1398,48.9,63,0,10.799999999999955,7158.872843441205,0.7640625,0,1
297.6,308.4,1517,34.2,66,0,10.799999999999955,5433.007503265117,0.5104477611940299,1,0
297.6,308.3,1467,36.7,68,0,10.699999999999989,5637.996423911851,0.5318840579710146,0,1
297.6,308.3,1567,34.6,71,0,10.699999999999989,5677.716627028738,0.48055555555555557,0,1
297.5,308.3,1521,38.2,74,0,10.800000000000011,6084.448155913496,0.5093333333333334,0,1
297.5,308.3,1596,36.8,77,0,10.800000000000011,6150.4844334919535,0.4717948717948718,1,0
297.6,308.3,1640,30.9,79,0,10.699999999999989,5306.778310443879,0.38625,0,0
297.6,308.3,1438,47.8,84,0,10.699999999999989,7198.058975806981,0.5623529411764705,1,0
297.6,308.4,1407,55.2,86,0,10.799999999999955,8133.206389025544,0.6344827586206897,1,0
297.6,308.4,1353,57.5,88,0,10.799999999999955,8146.935148921731,0.6460674157303371,1,0
297.6,308.5,1552,40.9,90,0,10.899999999999977,6647.274951779618,0.4494505494505494,0,1
297.6,308.4,1569,38.3,93,0,10.799999999999955,6292.892828479178,0.40744680851063825,0,1
297.5,308.4,1489,39.5,96,0,10.899999999999977,6159.144757240349,0.4072164948453608,1,0
297.5,308.4,1587,36.1,98,0,10.899999999999977,5999.468074633892,0.36464646464646466,0,0
297.5,308.3,1622,37.2,103,0,10.800000000000011,6318.6224723120795,0.3576923076923077,0,1
297.5,308.4,1604,38.1,106,0,10.899999999999977,6399.675562774695,0.3560747663551402,1,0
297.4,308.3,1405,51.7,108,0,10.900000000000034,7606.685932259408,0.4743119266055046,0,1
297.4,308.3,1412,42.0,111,0,10.900000000000034,6210.300357616304,0.375,1,0
297.4,308.3,1431,43.0,113,0,10.900000000000034,6443.720691778025,0.37719298245614036,1,0
297.4,308.2,1533,37.4,115,0,10.800000000000011,6004.023383981596,0.32241379310344825,1,0
297.4,308.2,1401,51.9,117,0,10.800000000000011,7614.3723622851885,0.4398305084745763,0,1
297.4,308.2,1424,53.9,120,0,10.800000000000011,8037.618196552319,0.44545454545454544,0,1
297.3,308.2,1754,29.4,123,0,10.899999999999977,5400.146444108567,0.23709677419354838,1,0
297.3,308.2,1754,26.8,125,0,10.899999999999977,4922.582472860871,0.2126984126984127,1,0
297.5,308.3,2564,12.8,127,1,10.800000000000011,3436.818587223139,0.1,1,0
297.5,308.5,1546,40.4,129,0,11.0,6540.628353165756,0.31076923076923074,1,0
297.5,308.5,1335,48.0,131,0,11.0,6710.441908067798,0.36363636363636365,1,0
297.5,308.6,1842,27.0,133,0,11.100000000000023,5208.132301121159,0.20149253731343283,0,1
297.5,308.5,1712,26.8,136,0,11.0,4804.709916498182,0.19562043795620437,1,0
297.6,308.6,1414,45.4,138,0,11.0,6722.54751175963,0.32661870503597124,0,1
297.6,308.7,1319,50.9,141,0,11.099999999999966,7030.58067144411,0.3584507042253521,1,0
297.7,308.7,1249,60.4,143,0,11.0,7900.016438325086,0.41944444444444445,1,0
297.6,308.7,1455,48.2,145,0,11.099999999999966,7344.10114629686,0.3301369863013699,1,0
297.6,308.7,1408,54.8,147,0,11.099999999999966,8080.008753424755,0.37027027027027026,0,1
297.6,308.7,1460,46.7,150,0,11.099999999999966,7140.0023435686435,0.30927152317880796,1,0
297.6,308.6,1491,38.1,152,0,11.0,5948.825601058024,0.24901960784313726,1,0
297.6,308.5,1490,43.4,154,0,10.899999999999977,6771.807684567919,0.27999999999999997,0,1
297.5,308.4,1350,52.2,157,0,10.899999999999977,7379.601143282424,0.3303797468354431,0,1
297.5,308.4,1528,39.9,160,0,10.899999999999977,6384.470254331321,0.24782608695652172,1,0
297.4,308.3,1571,37.7,162,0,10.900000000000034,6202.205520545553,0.23128834355828223,1,0
297.4,308.3,1490,42.6,164,0,10.900000000000034,6646.9817364652845,0.2581818181818182,1,0
297.4,308.3,1774,28.9,166,0,10.900000000000034,5368.835237327789,0.17305389221556886,0,1
297.4,308.3,1502,43.6,169,0,10.900000000000034,6857.803547472183,0.2564705882352941,0,0
297.4,308.4,1392,49.7,174,0,11.0,7244.76398659035,0.28400000000000003,1,0
297.4,308.5,2100,16.9,176,0,11.100000000000023,3716.504109196725,0.09548022598870055,1,0
297.5,308.5,1722,30.4,178,0,11.0,5481.953516808045,0.16983240223463686,1,0
297.4,308.6,1678,32.3,180,0,11.200000000000045,5675.747895632488,0.17845303867403314,1,0
297.3,308.6,1273,59.8,182,0,11.300000000000011,7971.833246386148,0.326775956284153,1,0
297.3,308.6,1297,45.9,184,0,11.300000000000011,6234.2078777101215,0.2481081081081081,1,0
297.3,308.5,1350,57.6,186,0,11.199999999999989,8143.008158104744,0.30802139037433157,1,0
297.4,308.6,1439,51.9,188,0,11.200000000000045,7820.9006633321815,0.27460317460317457,1,0
297.4,308.5,1600,42.1,190,0,11.100000000000023,7053.9227048602825,0.22041884816753926,0,1
297.4,308.6,1434,44.4,193,0,11.200000000000045,6667.464920566689,0.2288659793814433,0,1
297.4,308.6,1459,41.3,196,0,11.200000000000045,6310.066868318802,0.2096446700507614,1,0
297.5,308.6,1472,44.9,198,0,11.100000000000023,6921.221831172648,0.22562814070351758,0,1
297.5,308.7,1429,44.3,201,0,11.199999999999989,6629.252681923525,0.21930693069306928,1,0
297.5,308.6,1388,48.2,203,0,11.100000000000023,7005.91916911343,0.2362745098039216,1,0
297.4,308.4,1573,34.5,205,0,11.0,5682.984030711256,0.16747572815533981,1,0
297.4,308.4,1588,32.5,207,0,11.0,5404.58656172564,0.15625,1,0
297.5,308.4,1511,42.8,209,0,10.899999999999977,6772.310339392493,0.2038095238095238,1,0
297.4,308.5,1495,37.8,211,0,11.100000000000023,5917.818081567092,0.17830188679245282,1,0
297.4,308.4,1394,50.1,213,0,11.0,7313.5648657039665,0.23411214953271028,1,0
297.4,308.4,2151,17.7,0,0,11.0,3986.9638207442704,17.7,1,0
297.3,308.3,1501,38.2,2,0,11.0,6004.442263002077,12.733333333333334,0,1
297.3,308.3,1301,39.6,5,0,11.0,5395.119895862825,6.6000000000000005,0,1
297.3,308.3,1657,31.1,8,0,11.0,5396.491724654891,3.4555555555555557,0,1
297.3,308.3,1333,55.2,11,0,11.0,7705.4471333127585,4.6000000000000005,1,0
297.3,308.3,1484,43.9,13,0,11.0,6822.240718633547,3.1357142857142857,1,0
297.3,308.4,1430,45.7,15,0,11.099999999999966,6843.540716824888,2.85625,1,0
297.3,308.4,1665,28.9,17,0,11.099999999999966,5038.957536725348,1.6055555555555554,0,1
297.4,308.5,1501,44.9,20,0,11.100000000000023,7057.577424313959,2.138095238095238,1,0
297.5,308.5,1496,42.2,22,0,11.0,6611.083804410266,1.8347826086956522,0,1
297.6,308.6,1595,36.9,25,0,11.0,6163.333547445136,1.419230769230769,0,1
297.5,308.6,1208,62.3,28,0,11.100000000000023,7881.041218697402,2.1482758620689655,1,0
297.5,308.6,1596,37.1,30,0,11.100000000000023,6200.624252243247,1.196774193548387,1,0
297.5,308.5,1446,41.9,32,0,11.0,6344.697691336874,1.2696969696969695,1,0
297.6,308.5,1466,39.7,34,0,10.899999999999977,6094.710691915223,1.1342857142857143,0,1
297.6,308.5,1848,23.7,37,0,10.899999999999977,4586.473946828811,0.6236842105263157,0,1
297.5,308.5,1484,44.7,40,0,11.0,6946.564011911607,1.0902439024390245,0,1
297.4,308.3,1493,41.2,43,0,10.900000000000034,6441.479689018465,0.9363636363636364,1,0
297.3,308.3,1504,36.3,45,0,11.0,5717.195974708849,0.7891304347826086,1,0
297.3,308.3,1538,38.5,47,0,11.0,6200.770859900414,0.8020833333333334,1,0
297.4,308.4,1341,52.2,49,0,11.0,7330.403802327209,1.044,1,0
297.4,308.3,1535,34.6,51,0,10.900000000000034,5561.77091416025,0.6653846153846155,0,1
297.4,308.5,1389,39.2,54,0,11.100000000000023,5701.865002559331,0.7127272727272728,1,0
297.5,308.5,1393,46.6,56,0,11.0,6797.757239886571,0.8175438596491228,0,0
297.4,308.5,1399,61.5,61,1,11.100000000000023,9009.930650862849,0.9919354838709677,1,0
297.4,308.5,1469,45.1,63,0,11.100000000000023,6937.882744212187,0.7046875,0,0
297.4,308.4,1582,37.2,68,0,11.0,6162.7994766940255,0.5391304347826087,1,0
297.5,308.6,1793,26.7,70,0,11.100000000000023,5013.259308818985,0.376056338028169,1,0
297.5,308.6,1452,39.0,72,0,11.100000000000023,5930.070292916093,0.5342465753424658,1,0
297.6,308.7,1376,59.9,74,0,11.099999999999966,8631.253544374646,0.7986666666666666,0,1
297.5,308.6,1552,44.9,77,0,11.100000000000023,7297.375191562466,0.5756410256410256,1,0
297.6,308.7,1622,37.9,79,0,11.099999999999966,6437.52128227494,0.47375,1,0
297.6,308.7,1419,41.7,81,0,11.099999999999966,6196.5087658670445,0.5085365853658537,0,1
297.5,308.6,1440,46.1,84,0,11.100000000000023,6951.716223863495,0.5423529411764706,0,0
297.4,308.6,1643,31.0,89,0,11.200000000000045,5333.6912875096305,0.34444444444444444,0,1
297.4,308.7,1510,36.2,92,0,11.300000000000011,5724.191254350842,0.389247311827957,1,0
297.4,308.7,1468,46.6,94,0,11.300000000000011,7163.752784029783,0.4905263157894737,1,0
297.4,308.7,1429,57.4,96,0,11.300000000000011,8589.596025788045,0.5917525773195876,1,0
297.3,308.7,1478,47.6,98,0,11.399999999999977,7367.3279879823995,0.4808080808080808,0,0
297.4,308.6,1276,53.6,103,0,11.200000000000045,7162.161043751962,0.5153846153846154,1,0
297.3,308.6,1486,42.6,105,0,11.300000000000011,6629.137490192895,0.4018867924528302,1,0
297.4,308.6,1476,42.3,107,0,11.200000000000045,6538.156966944933,0.39166666666666666,1,0
297.3,308.6,1431,42.0,109,0,11.300000000000011,6293.866722201792,0.38181818181818183,0,0
297.4,308.7,1402,40.2,114,0,11.300000000000011,5902.0472864460735,0.34956521739130436,1,0
297.4,308.7,1433,43.4,116,0,11.300000000000011,6512.751954352903,0.37094017094017095,1,0
297.4,308.7,2874,4.2,118,1,11.300000000000011,1264.0512200983894,0.03529411764705882,1,0
297.3,308.6,1511,35.7,120,0,11.300000000000011,5648.866334493271,0.2950413223140496,1,0
297.3,308.6,1456,42.9,122,0,11.300000000000011,6541.047232186236,0.348780487804878,0,1
297.2,308.5,1550,41.5,125,0,11.300000000000011,6736.098248072115,0.32936507936507936,1,0
297.2,308.5,2182,16.5,127,0,11.300000000000011,3770.2253435731104,0.12890625,1,0
297.3,308.7,1619,31.6,129,0,11.399999999999977,5357.504559823842,0.24307692307692308,1,0
297.3,308.8,1586,32.7,131,0,11.5,5430.996883966819,0.24772727272727274,0,1
297.3,308.8,1499,44.2,134,0,11.5,6938.291151257154,0.3274074074074074,0,0
297.3,308.8,1419,42.4,139,0,11.5,6300.526898627401,0.3028571428571428,0,0
297.4,309.0,1497,41.8,144,0,11.600000000000023,6552.7967887106615,0.2882758620689655,0,1
297.4,309.0,1520,37.0,147,0,11.600000000000023,5889.439027929666,0.25,0,1
297.4,309.1,1478,49.8,150,0,11.700000000000045,7707.834743729485,0.32980132450331123,1,0
297.4,309.1,1380,41.1,152,0,11.700000000000045,5939.495070876864,0.26862745098039215,1,0
297.4,309.0,1570,37.9,154,0,11.600000000000023,6231.139588885116,0.24451612903225806,1,0
297.4,309.0,1468,41.4,156,0,11.600000000000023,6364.364061348347,0.26369426751592356,0,0
297.4,309.0,1833,22.6,161,0,11.600000000000023,4338.0996316360015,0.13950617283950617,1,0
297.4,308.9,1323,57.3,163,0,11.5,7938.584724135656,0.349390243902439,0,1
297.4,309.0,1583,32.0,166,0,11.600000000000023,5304.683915341486,0.19161676646706588,1,0
297.3,309.0,1556,39.5,168,0,11.699999999999989,6436.2855891645295,0.23372781065088757,0,1
297.3,309.0,1548,37.4,171,0,11.699999999999989,6062.771166603727,0.21744186046511627,1,0
297.4,309.0,1324,56.9,173,0,11.600000000000023,7889.12558379264,0.32701149425287357,1,0
297.4,309.0,1568,33.7,175,0,11.600000000000023,5533.559412131014,0.19147727272727275,1,0
297.4,309.0,1685,30.7,177,0,11.600000000000023,5417.10057246244,0.17247191011235954,0,1
297.4,309.1,1582,35.9,180,0,11.700000000000045,5947.4328283149325,0.19834254143646407,0,1
297.4,309.1,1463,35.0,183,0,11.700000000000045,5362.175060902179,0.19021739130434784,0,1
297.4,309.2,1584,42.8,186,0,11.800000000000011,7099.496742288357,0.22887700534759356,1,0
297.5,309.2,1347,55.8,188,0,11.699999999999989,7871.00906615694,0.29523809523809524,0,1
297.4,309.2,1459,37.9,191,0,11.800000000000011,5790.5940510722185,0.19739583333333333,1,0
297.4,309.2,1420,45.6,193,0,11.800000000000011,6780.813583508209,0.23505154639175257,1,0
297.5,309.3,1404,43.5,195,0,11.800000000000011,6395.654324178101,0.22193877551020408,1,0
297.5,309.3,1470,38.8,197,0,11.800000000000011,5972.795953004914,0.19595959595959594,1,0
297.6,309.4,1326,49.8,199,0,11.799999999999955,6915.148085375708,0.249,1,0
297.5,309.3,1459,49.7,201,0,11.800000000000011,7593.470299163306,0.24603960396039606,0,0
297.5,309.2,1530,40.0,206,0,11.699999999999989,6408.849013323178,0.1932367149758454,0,1
297.4,309.0,1505,39.2,209,0,11.600000000000023,6178.046673039448,0.18666666666666668,1,0
297.5,309.1,1611,30.2,211,0,11.600000000000023,5094.846470032711,0.14245283018867924,1,0
297.5,309.1,1515,35.1,213,0,11.600000000000023,5568.630058120588,0.16401869158878504,1,0
297.5,309.2,1804,27.4,215,0,11.699999999999989,5176.255607662735,0.12685185185185185,0,1
297.6,309.3,1464,46.2,218,0,11.699999999999989,7082.909133077404,0.21095890410958906,0,1
297.6,309.2,1390,43.3,221,0,11.599999999999966,6302.767901386962,0.19504504504504502,1,0
297.6,309.2,1442,48.1,0,0,11.599999999999966,7263.383159050626,48.1,0,1
297.6,309.3,1529,41.9,3,0,11.699999999999989,6708.881583716516,10.475,0,1
297.6,309.3,1610,35.0,6,0,11.699999999999989,5900.958200992827,5.0,1,0
297.6,309.3,1543,34.3,8,0,11.699999999999989,5542.282567732481,3.811111111111111,1,0
297.8,309.4,1445,48.2,10,0,11.599999999999966,7293.626224329183,4.381818181818182,0,0
297.7,309.3,1893,24.6,15,0,11.600000000000023,4876.568612461292,1.5375,1,0
297.6,309.3,1415,41.3,17,0,11.699999999999989,6119.770129315357,2.2944444444444443,0,1
297.5,309.3,1564,37.5,20,0,11.800000000000011,6141.813637768046,1.7857142857142858,1,0
297.5,309.3,1479,39.4,22,0,11.800000000000011,6102.292402185886,1.7130434782608694,1,0
297.5,309.2,1426,44.8,24,0,11.699999999999989,6690.00061186844,1.7919999999999998,1,0
297.4,309.2,1428,38.8,26,0,11.800000000000011,5802.144640061916,1.437037037037037,1,0
297.4,309.2,1620,33.2,28,0,11.800000000000011,5632.247309355781,1.1448275862068966,1,0
297.5,309.2,1715,28.0,30,0,11.699999999999989,5028.642640846062,0.9032258064516129,1,0
297.5,309.3,1732,29.9,32,0,11.800000000000011,5423.101014430797,0.906060606060606,1,0
297.5,309.4,1391,58.2,34,0,11.899999999999977,8477.713439418201,1.662857142857143,0,1
297.6,309.5,1924,20.6,37,0,11.899999999999977,4150.504662314644,0.5421052631578948,1,0
297.7,309.5,2027,19.8,39,0,11.800000000000011,4202.885483825497,0.495,0,1
297.6,309.5,1617,36.2,42,0,11.899999999999977,6129.812753831333,0.8418604651162791,1,0
297.5,309.4,1497,35.8,44,0,11.899999999999977,5612.203948225878,0.7955555555555555,1,0
297.5,309.5,1448,43.7,46,0,12.0,6626.414776559784,0.9297872340425533,0,1
297.4,309.4,1401,45.9,49,0,12.0,6734.098100749328,0.9179999999999999,1,0
297.4,309.4,1620,35.4,51,0,12.0,6005.468516602248,0.6807692307692308,1,0
297.4,309.4,1466,45.5,53,0,12.0,6985.121825746665,0.8425925925925926,1,0
297.6,309.5,1373,50.6,55,0,11.899999999999977,7275.279323232219,0.9035714285714286,1,0
297.6,309.6,1592,35.8,57,0,12.0,5968.355835387841,0.6172413793103447,0,1
297.5,309.5,1553,42.4,60,0,12.0,6895.502659315261,0.6950819672131148,0,1
297.6,309.5,1569,36.2,63,0,11.899999999999977,5947.851707335412,0.565625,1,0
297.6,309.5,1709,32.2,65,0,11.899999999999977,5762.707180283854,0.4878787878787879,0,1
297.6,309.5,1549,34.9,68,0,11.899999999999977,5661.160433744319,0.5057971014492754,1,0
297.5,309.4,1443,45.4,70,0,11.899999999999977,6860.421541350175,0.6394366197183098,1,0
297.5,309.3,1675,29.8,72,0,11.800000000000011,5227.0865767978175,0.40821917808219177,1,0
297.5,309.3,1623,33.4,74,0,11.800000000000011,5676.66942947754,0.4453333333333333,1,0
297.4,309.3,1365,52.4,76,0,11.900000000000034,7490.185204688784,0.6805194805194805,0,0
297.4,309.3,1759,24.8,81,0,11.900000000000034,4568.210821535942,0.3024390243902439,1,0
297.4,309.3,1516,43.0,83,0,11.900000000000034,6826.47139674038,0.5119047619047619,0,0
297.4,309.3,1499,36.8,88,0,11.900000000000034,5776.676795616815,0.4134831460674157,0,1
297.4,309.3,1775,25.8,91,0,11.900000000000034,4795.641185704819,0.28043478260869564,0,1
297.4,309.4,1473,45.5,94,0,12.0,7018.475067752278,0.4789473684210526,1,0
297.4,309.4,1296,52.3,96,0,12.0,7097.988777814635,0.5391752577319587,1,0
297.5,309.4,1803,24.7,98,0,11.899999999999977,4663.60004647444,0.2494949494949495,1,0
297.5,309.3,1563,36.1,100,0,11.800000000000011,5908.738878798219,0.35742574257425747,0,0
297.5,309.4,1831,26.6,105,0,11.899999999999977,5100.333785200982,0.2509433962264151,0,1
297.6,309.4,1958,22.1,108,0,11.799999999999955,4531.412299586895,0.20275229357798166,1,0
297.5,309.4,1809,24.3,110,0,11.899999999999977,4603.344299378588,0.21891891891891893,1,0
297.5,309.4,1482,39.3,112,0,11.899999999999977,6099.150809532297,0.347787610619469,0,1
297.4,309.3,1332,53.2,115,0,11.900000000000034,7420.693175191379,0.45862068965517244,1,0
297.4,309.2,1437,40.4,117,0,11.800000000000011,6079.484439520825,0.3423728813559322,1,0
297.4,309.2,1698,29.4,119,0,11.800000000000011,5227.735839279559,0.245,1,0
297.4,309.2,1274,54.3,121,0,11.800000000000011,7244.324163618847,0.4450819672131147,1,0
297.4,309.3,1622,35.0,123,0,11.900000000000034,5944.940498143085,0.28225806451612906,0,1
297.4,309.3,1564,36.0,126,0,11.900000000000034,5896.141092257324,0.28346456692913385,0,1
297.5,309.4,1368,45.3,129,0,11.899999999999977,6489.525112667363,0.34846153846153843,0,0
297.4,309.4,1539,42.2,134,0,12.0,6801.108272050401,0.3125925925925926,0,1
297.5,309.4,1357,50.1,137,0,11.899999999999977,7119.4458556386535,0.3630434782608696,1,0
297.5,309.4,1433,48.3,139,0,11.899999999999977,7248.062658876618,0.345,0,1
297.5,309.4,1650,34.6,142,0,11.899999999999977,5978.450819781377,0.24195804195804196,1,0
297.5,309.4,1503,40.6,144,0,11.899999999999977,6390.187952960855,0.28,1,0
297.5,309.4,1318,58.2,146,0,11.899999999999977,8032.801087816813,0.3959183673469388,1,0
297.5,309.4,1678,34.4,148,0,11.899999999999977,6044.759368723145,0.2308724832214765,0,1
297.6,309.5,1574,30.9,151,0,11.899999999999977,5093.212841852844,0.20328947368421052,1,0
297.7,309.6,1529,35.2,153,0,11.900000000000034,5636.100996344186,0.2285714285714286,1,0
297.6,309.6,1669,32.1,155,0,12.0,5610.350408560261,0.2057692307692308,0,0
297.7,309.7,1570,35.8,160,0,12.0,5885.878556255598,0.22236024844720495,0,0
297.6,309.7,1541,33.7,165,0,12.099999999999966,5438.274906947636,0.2030120481927711,0,1
297.7,309.7,1680,30.2,168,0,12.0,5313.061495751058,0.178698224852071,0,1
297.8,309.7,1935,22.1,171,0,11.899999999999977,4478.18324805957,0.12848837209302327,1,0
297.7,309.6,1596,35.2,173,0,11.900000000000034,5883.072066818391,0.20229885057471267,0,1
297.7,309.7,1498,41.0,176,0,12.0,6431.677919939264,0.23163841807909605,1,0
297.8,309.8,1676,29.0,178,0,12.0,5089.798977835943,0.16201117318435754,0,1
297.8,309.9,1351,49.0,181,0,12.099999999999966,6932.343069166357,0.2692307692307692,1,0
297.9,309.9,1472,45.0,183,0,12.0,6936.636579126262,0.24456521739130435,1,0
297.9,310.0,1439,41.7,185,0,12.100000000000023,6283.84504163684,0.2241935483870968,0,1
297.9,309.9,1410,55.4,188,0,12.0,8180.078951417104,0.2931216931216931,0,1
297.7,309.7,1440,51.1,191,0,12.0,7705.698460725045,0.26614583333333336,0,0
297.7,309.7,1591,37.7,196,0,12.0,6281.1642159057765,0.19137055837563452,1,0
297.8,309.8,1533,36.8,198,0,12.0,5907.7021532225335,0.18492462311557786,1,0
297.8,309.7,1700,31.3,200,0,11.899999999999977,5572.138169917096,0.15572139303482588,0,1
297.8,309.8,1798,25.5,203,0,12.0,4801.296052481282,0.125,0,1
297.8,309.7,1394,42.9,206,0,11.899999999999977,6262.513627518965,0.2072463768115942,1,0
297.8,309.7,1341,49.2,208,0,11.899999999999977,6909.1162274808175,0.23540669856459331,1,0
297.7,309.6,1697,32.2,210,0,11.900000000000034,5722.243466905618,0.15260663507109007,0,0
297.6,309.6,1419,48.2,215,0,12.0,7162.391427213226,0.22314814814814815,0,0
297.6,309.5,2001,20.5,220,0,11.899999999999977,4295.656714886004,0.09276018099547512,1,0
297.6,309.6,1501,49.8,222,1,12.0,7827.780751243545,0.22331838565022422,1,0
297.6,309.5,1623,33.1,224,0,11.899999999999977,5625.681380709778,0.1471111111111111,0,0
297.6,309.4,1628,33.4,229,0,11.799999999999955,5694.157628582525,0.14521739130434783,1,0
297.6,309.4,1491,40.2,231,0,11.799999999999955,6276.7136263131915,0.17327586206896553,1,0
297.5,309.4,1517,36.7,233,0,11.899999999999977,5830.157174556427,0.15683760683760686,1,0
297.5,309.3,1525,41.7,235,0,11.800000000000011,6659.3910274469645,0.1766949152542373,0,0
297.5,309.5,1668,27.9,240,0,12.0,4873.36418795463,0.11576763485477178,0,0
297.5,309.6,1312,50.7,0,0,12.100000000000023,6965.790558951576,50.7,1,0
297.6,309.6,1278,50.4,2,0,12.0,6745.125090963429,16.8,0,0
297.6,309.6,1330,53.1,7,0,12.0,7395.623265815731,6.6375,0,1
297.6,309.6,1530,37.3,10,0,12.0,5976.251704923863,3.3909090909090907,0,1
297.6,309.6,1428,46.6,13,0,12.0,6968.555160486735,3.3285714285714287,0,0
297.7,309.6,1480,47.9,18,0,11.900000000000034,7423.79287994292,2.5210526315789474,1,0
297.7,309.7,1616,31.1,20,0,12.0,5262.963564901813,1.480952380952381,0,0
297.8,309.7,1547,37.3,25,0,11.899999999999977,6042.654501645239,1.4346153846153844,1,0
297.9,309.7,2194,16.8,27,0,11.800000000000011,3859.8863979065636,0.6,1,0
297.9,309.8,2000,21.3,29,0,11.900000000000034,4461.061568097506,0.7100000000000001,1,0
297.9,309.8,1336,71.6,31,1,11.900000000000034,10017.240447334367,2.2375,1,0
297.9,309.9,1542,33.8,33,0,12.0,5457.951748934619,0.9941176470588234,1,0
297.9,309.8,1693,29.9,35,0,11.900000000000034,5300.987307985761,0.8305555555555555,0,1
297.9,309.8,1461,50.5,38,0,11.900000000000034,7726.275892606058,1.294871794871795,1,0
298.0,309.9,1565,33.9,40,0,11.899999999999977,5555.749528240868,0.8268292682926829,0,1
298.0,309.9,1403,47.7,43,0,11.899999999999977,7008.170643848503,1.0840909090909092,1,0
298.1,309.9,1629,32.5,45,0,11.799999999999955,5544.125635422587,0.7065217391304348,1,0
298.1,310.0,1534,33.7,47,0,11.899999999999977,5413.571516714908,0.7020833333333334,1,0
298.1,310.0,1553,40.9,49,0,11.899999999999977,6651.557989764013,0.818,1,0
298.1,309.9,1563,32.8,51,0,11.799999999999955,5368.604853866525,0.6307692307692307,1,0
298.1,309.9,1634,30.0,53,0,11.799999999999955,5133.362395965722,0.5555555555555556,1,0
298.0,309.9,1445,45.2,55,0,11.899999999999977,6839.666085885458,0.8071428571428572,0,1
298.1,309.9,1642,30.4,58,0,11.799999999999955,5227.275072357032,0.5152542372881356,1,0
298.1,309.9,1686,29.1,60,0,11.799999999999955,5137.82345753382,0.47704918032786886,0,0
298.1,310.0,1393,43.1,65,0,11.899999999999977,6287.19607380067,0.6530303030303031,0,1
298.2,310.0,1433,44.2,68,0,11.800000000000011,6632.802681622082,0.6405797101449275,0,0
298.3,310.0,1507,44.7,73,0,11.699999999999989,7054.226392150131,0.6040540540540541,1,0
298.3,310.1,1389,49.6,75,0,11.800000000000011,7214.604697115888,0.6526315789473685,0,1
298.3,310.1,1408,45.3,78,0,11.800000000000011,6679.277308944186,0.5734177215189873,1,0
298.4,310.2,1725,32.0,80,0,11.800000000000011,5780.530482605219,0.3950617283950617,0,1
298.4,310.1,1926,23.7,83,0,11.700000000000045,4780.058886143014,0.28214285714285714,1,0
298.3,310.1,1509,37.6,85,0,11.800000000000011,5941.631353881304,0.4372093023255814,0,0
298.3,310.1,1545,36.3,90,0,11.800000000000011,5873.050386253439,0.39890109890109887,1,0
298.4,310.1,1533,35.2,92,0,11.700000000000045,5650.845537865032,0.378494623655914,1,0
298.4,310.1,1455,42.2,94,0,11.700000000000045,6429.8976841022295,0.4442105263157895,1,0
298.4,310.1,1335,57.8,96,0,11.700000000000045,8080.490464298307,0.5958762886597938,0,1
298.3,310.1,1523,45.9,99,0,11.800000000000011,7320.5077854684005,0.45899999999999996,1,0
298.3,310.0,1460,47.6,101,0,11.699999999999989,7277.604101795876,0.4666666666666667,1,0
298.4,310.0,1554,37.3,103,0,11.600000000000023,6069.996829706982,0.3586538461538461,1,0
298.3,310.0,1419,47.1,105,0,11.699999999999989,6998.934361446949,0.44433962264150945,0,0
298.3,310.0,1442,43.9,110,0,11.699999999999989,6629.158434143918,0.3954954954954955,1,0
298.3,309.9,1507,41.6,112,0,11.599999999999966,6565.007112157616,0.368141592920354,1,0
298.3,310.0,1858,23.9,114,0,11.699999999999989,4650.2063897946355,0.20782608695652172,1,0
298.3,309.9,1463,43.9,116,0,11.599999999999966,6725.6995763887335,0.3752136752136752,1,0
298.2,309.7,1585,37.4,118,0,11.5,6207.68236373831,0.3142857142857143,1,0
298.0,309.6,1536,37.3,120,0,11.600000000000023,5999.687986119643,0.3082644628099173,1,0
298.0,309.6,1403,51.3,122,0,11.600000000000023,7537.0891830068795,0.4170731707317073,1,0
297.9,309.6,1515,38.8,124,0,11.700000000000045,6155.63664544384,0.31039999999999995,0,1
297.9,309.5,1390,47.9,127,0,11.600000000000023,6972.346015622067,0.37421875,1,0
297.8,309.4,1226,58.7,129,0,11.599999999999966,7536.282840892459,0.45153846153846156,0,1
297.8,309.4,1495,36.5,132,0,11.599999999999966,5714.295237492034,0.2744360902255639,0,1
297.7,309.4,1608,30.2,135,0,11.699999999999989,5085.35886021887,0.22205882352941175,0,0
297.7,309.4,1392,44.1,140,0,11.699999999999989,6428.452551481579,0.3127659574468085,1,0
297.7,309.4,1461,43.7,142,0,11.699999999999989,6685.906069443262,0.3055944055944056,0,1
297.7,309.3,1559,36.9,145,0,11.600000000000023,6024.223824744179,0.25273972602739725,1,0
297.7,309.3,1400,48.9,147,0,11.600000000000023,7169.114435491906,0.3304054054054054,0,0
297.7,309.2,1732,28.8,152,0,11.5,5223.588936976821,0.18823529411764706,0,1
297.6,309.2,1611,33.1,155,0,11.599999999999966,5584.08669397625,0.21217948717948718,1,0
297.6,309.1,1503,38.9,157,0,11.5,6122.618506654611,0.2462025316455696,1,0
297.7,309.2,1391,44.5,159,0,11.5,6482.10048202938,0.278125,1,0
297.8,309.3,2015,20.1,161,0,11.5,4241.307161978901,0.12407407407407409,1,0
297.8,309.2,1683,30.9,163,0,11.399999999999977,5445.919449071371,0.18841463414634146,1,0
297.7,309.1,1435,38.8,165,0,11.400000000000034,5830.586525552417,0.23373493975903611,1,0
297.7,309.1,1732,28.1,167,0,11.400000000000034,5096.626705869746,0.16726190476190478,0,1
297.7,309.2,1365,58.6,170,0,11.5,8376.428492266465,0.34269005847953216,1,0
297.7,309.1,1562,36.8,172,0,11.400000000000034,6019.459075886235,0.21271676300578032,1,0
297.6,309.1,1449,49.1,174,0,11.5,7450.381225767803,0.2805714285714286,1,0
297.7,309.2,1700,27.4,176,0,11.5,4877.846193473752,0.15480225988700563,0,1
297.6,309.0,1427,45.6,179,0,11.399999999999977,6814.240129342405,0.25333333333333335,0,1
297.6,308.9,1479,38.1,182,0,11.299999999999955,5900.947729017316,0.20819672131147543,0,1
297.5,308.9,1469,44.0,185,0,11.399999999999977,6768.666091914329,0.23655913978494625,1,0
297.5,308.9,1390,47.4,187,0,11.399999999999977,6899.565785813903,0.2521276595744681,1,0
297.5,308.9,1729,28.1,189,0,11.399999999999977,5087.7988305131585,0.14789473684210527,1,0
297.5,309.0,1470,43.5,191,0,11.5,6696.304741126643,0.2265625,1,0
297.5,308.9,1459,48.5,193,0,11.399999999999977,7410.126951899805,0.25,1,0
297.5,308.9,1738,24.0,195,0,11.399999999999977,4368.070425551248,0.12244897959183673,1,0
297.5,308.9,1471,37.7,197,0,11.399999999999977,5807.412043744436,0.1904040404040404,0,0
297.6,309.0,1822,25.4,202,0,11.399999999999977,4846.304603231711,0.1251231527093596,1,0
297.5,308.9,1554,34.8,204,0,11.399999999999977,5663.1605810671035,0.1697560975609756,1,0
297.6,308.9,1433,43.2,206,0,11.299999999999955,6482.739272535609,0.20869565217391306,0,1
297.6,308.9,1449,47.7,209,0,11.299999999999955,7237.946730532061,0.22714285714285715,1,0
297.8,309.0,1456,41.2,0,0,11.199999999999989,6281.844894314056,41.2,1,0
297.8,309.1,1424,45.5,2,0,11.300000000000011,6785.002373712997,15.166666666666666,0,1
297.9,309.2,1577,34.7,5,0,11.300000000000011,5730.463967682511,5.783333333333334,0,0
297.9,309.2,1478,39.7,10,0,11.300000000000011,6144.599183254229,3.6090909090909093,1,0
297.8,309.2,1295,61.2,12,0,11.399999999999977,8299.459472253515,4.707692307692308,0,1
297.8,309.2,1372,47.3,15,0,11.399999999999977,6795.851340343393,2.95625,1,0
297.8,309.1,1432,42.6,17,0,11.300000000000011,6388.240165515629,2.3666666666666667,0,1
297.7,309.0,1656,33.2,20,0,11.300000000000011,5757.408360674798,1.580952380952381,0,1
297.8,309.0,1410,48.8,23,0,11.199999999999989,7205.55691027355,2.033333333333333,0,0
297.7,309.0,1874,24.4,28,0,11.300000000000011,4788.373634699515,0.8413793103448275,1,0
297.7,309.0,1538,43.2,30,0,11.300000000000011,6957.748081758387,1.3935483870967742,1,0
297.7,309.0,1636,29.7,32,0,11.300000000000011,5088.249125460173,0.9,0,1
297.7,309.0,1504,40.4,35,0,11.300000000000011,6362.939872678719,1.1222222222222222,0,1
297.7,309.0,1531,42.4,38,0,11.300000000000011,6797.820071739642,1.087179487179487,0,1
297.6,309.0,1735,26.4,41,0,11.399999999999977,4796.583663500896,0.6285714285714286,0,0
297.6,309.0,1354,55.6,46,0,11.399999999999977,7883.554492820275,1.1829787234042553,0,0
297.6,309.0,1413,40.2,51,0,11.399999999999977,5948.3543621599865,0.7730769230769231,0,0
297.7,309.1,1563,39.3,56,0,11.400000000000034,6432.505206004708,0.6894736842105262,1,0
297.7,309.1,1479,42.1,58,0,11.400000000000034,6520.4698003052235,0.7135593220338984,1,0
297.7,309.1,1477,38.3,60,0,11.400000000000034,5923.902299339545,0.6278688524590164,1,0
297.6,309.1,1394,50.0,62,0,11.5,7298.966931840286,0.7936507936507936,1,0
297.6,309.0,1487,45.4,64,0,11.399999999999977,7069.609724177208,0.6984615384615385,1,0
297.6,309.0,1815,25.3,66,0,11.399999999999977,4808.678795217217,0.3776119402985075,0,1
297.6,308.8,1453,39.7,69,0,11.199999999999989,6040.664826297966,0.5671428571428572,0,1
297.6,308.8,1539,40.2,72,0,11.199999999999989,6478.780865792088,0.5506849315068494,1,0
297.5,308.7,1416,39.2,74,0,11.199999999999989,5812.70039137798,0.5226666666666667,0,0
297.6,308.8,1683,31.6,79,0,11.199999999999989,5569.2897925778425,0.395,0,1
297.7,308.8,1515,40.1,82,0,11.100000000000023,6361.882203152011,0.48313253012048196,1,0
297.7,308.9,1531,48.3,84,0,11.199999999999989,7743.743147760017,0.5682352941176471,0,1
297.7,308.9,1479,40.9,87,0,11.199999999999989,6334.613178918851,0.4647727272727273,0,0
297.7,308.9,1516,33.7,92,0,11.199999999999989,5350.048513259322,0.3623655913978495,1,0
297.7,309.0,1507,38.2,94,0,11.300000000000011,6028.444030875503,0.40210526315789474,1,0
297.8,309.0,1434,43.3,96,0,11.199999999999989,6502.2799788409375,0.44639175257731956,0,1
297.7,308.9,1838,27.3,99,0,11.199999999999989,5254.565040541216,0.273,1,0
297.6,308.8,1416,45.9,101,0,11.199999999999989,6806.197652149215,0.45,0,1
297.6,308.8,1357,49.7,104,0,11.199999999999989,7062.603972559702,0.4733333333333334,0,1
297.5,308.7,1697,28.1,107,0,11.199999999999989,4993.634826709561,0.2601851851851852,0,1
297.5,308.7,1443,46.2,110,0,11.199999999999989,6981.310026660311,0.41621621621621624,1,0
297.5,308.7,1453,37.6,112,0,11.199999999999989,5721.133437501348,0.3327433628318584,1,0
297.4,308.6,1439,46.4,114,0,11.200000000000045,6992.096161437634,0.40347826086956523,1,0
297.4,308.6,1609,36.2,116,0,11.200000000000045,6099.485912748679,0.3094017094017094,1,0
297.4,308.6,1324,59.1,118,0,11.200000000000045,8194.153286505185,0.4966386554621849,1,0
297.4,308.6,1420,45.8,120,0,11.200000000000045,6810.553993962192,0.3785123966942148,0,0
297.4,308.7,1545,36.9,125,0,11.300000000000011,5970.125599249363,0.29285714285714287,1,0
297.5,308.8,1477,39.0,127,0,11.300000000000011,6032.172054157761,0.3046875,1,0
297.4,308.8,1447,58.1,129,0,11.400000000000034,8803.863116738381,0.4469230769230769,1,0
297.4,308.9,1809,23.8,131,0,11.5,4508.625280872856,0.1803030303030303,1,0
297.5,308.9,1696,30.9,133,0,11.399999999999977,5487.985374702937,0.23059701492537313,1,0
297.5,308.9,1427,44.7,135,0,11.399999999999977,6679.748547842227,0.3286764705882353,1,0
297.4,308.9,1500,46.3,137,0,11.5,7272.786993060371,0.33550724637681156,0,1
297.5,308.9,1390,44.6,140,0,11.399999999999977,6491.996498888188,0.31631205673758866,1,0
297.4,308.8,1640,34.2,142,0,11.400000000000034,5873.521625151478,0.2391608391608392,1,0
297.4,308.8,1628,37.4,144,0,11.400000000000034,6376.092673921749,0.2579310344827586,0,1
297.3,308.6,1499,37.6,147,0,11.300000000000011,5902.256725956312,0.25405405405405407,0,0
297.4,308.7,1425,50.3,152,0,11.300000000000011,7506.050247589412,0.3287581699346405,0,1
297.3,308.6,1586,37.7,155,0,11.300000000000011,6261.424542065722,0.2416666666666667,1,0
297.3,308.6,1471,50.7,157,0,11.300000000000011,7809.96792089769,0.32088607594936713,0,1
297.3,308.6,1431,53.0,160,0,11.300000000000011,7942.2603875403565,0.32919254658385094,0,1
297.2,308.6,1924,22.1,163,0,11.400000000000034,4452.725875589982,0.13475609756097562,1,0
297.1,308.4,1421,42.0,165,0,11.299999999999955,6249.884425051535,0.25301204819277107,0,1
297.0,308.4,1305,54.6,168,0,11.399999999999977,7461.596711541118,0.3230769230769231,0,0
296.9,308.4,1557,32.4,173,0,11.5,5282.776542570452,0.18620689655172412,1,0
296.9,308.3,1555,38.2,175,0,11.400000000000034,6220.45817386291,0.21704545454545457,1,0
296.9,308.3,1474,39.2,177,0,11.400000000000034,6050.791226618038,0.22022471910112362,0,0
296.8,308.3,1506,45.9,182,0,11.5,7238.79496054853,0.25081967213114753,1,0
296.9,308.4,1390,41.8,184,0,11.5,6084.427211962471,0.22594594594594594,1,0
296.9,308.4,1450,46.9,186,0,11.5,7121.466946912463,0.25080213903743315,0,1
296.9,308.3,1513,38.8,189,0,11.400000000000034,6147.510392446555,0.20421052631578945,1,0
296.8,308.2,1643,34.7,191,0,11.399999999999977,5970.293150857555,0.1807291666666667,1,0
296.8,308.2,1361,53.8,193,0,11.399999999999977,7667.768965420704,0.27731958762886594,1,0
296.7,308.1,1450,40.9,195,0,11.400000000000034,6210.4050773714225,0.2086734693877551,1,0
296.7,308.0,1451,50.7,197,0,11.300000000000011,7703.782089206355,0.2560606060606061,1,0
296.8,308.1,1289,62.0,199,1,11.300000000000011,8368.99338965297,0.31,1,0
296.8,308.1,1356,48.3,201,0,11.300000000000011,6858.599417611092,0.2391089108910891,1,0
296.7,308.1,1528,46.3,203,0,11.400000000000034,7408.545683597497,0.2269607843137255,0,0
296.6,308.0,1978,22.3,208,0,11.399999999999977,4619.125566475121,0.10669856459330145,1,0
296.7,308.0,1535,36.8,210,0,11.300000000000011,5915.40952719934,0.17440758293838862,1,0
296.8,308.1,1843,24.2,212,0,11.300000000000011,4670.563910189898,0.1136150234741784,0,1
296.9,308.1,1422,48.7,215,0,11.200000000000045,7251.989649693606,0.22546296296296298,1,0
296.8,308.0,1536,40.4,217,0,11.199999999999989,6498.321572097415,0.18532110091743118,1,0
296.9,308.1,1483,44.3,219,0,11.200000000000045,6879.763280120775,0.20136363636363636,0,1
296.8,308.1,1492,43.7,222,0,11.300000000000011,6827.769921703865,0.19596412556053813,0,0
296.8,308.0,1584,40.4,227,0,11.199999999999989,6701.3941212254595,0.17719298245614035,1,0
296.9,308.1,1555,33.7,229,0,11.200000000000045,5487.681687413091,0.14652173913043479,1,0
296.8,308.0,1497,41.7,231,0,11.199999999999989,6537.120241369249,0.17974137931034484,1,0
296.7,307.8,1537,36.3,233,0,11.100000000000023,5842.6397693666895,0.1551282051282051,0,1
296.7,307.8,1505,39.4,236,0,11.100000000000023,6209.567319330465,0.16624472573839663,1,0
296.7,307.8,1646,34.6,238,0,11.100000000000023,5963.957605672816,0.14476987447698744,1,0
296.7,307.8,1286,60.5,0,0,11.100000000000023,8147.511107574889,60.5,0,1
296.7,307.8,1400,47.5,3,0,11.100000000000023,6963.8637154573735,11.875,1,0
296.8,307.9,1337,56.5,5,0,11.099999999999966,7910.582661616658,9.416666666666666,1,0
296.9,308.0,1332,53.9,7,0,11.100000000000023,7518.3338748649485,6.7375,1,0
296.8,308.0,1561,38.3,9,0,11.199999999999989,6260.806695510514,3.8299999999999996,1,0
296.9,308.0,1546,31.1,11,0,11.100000000000023,5034.988658006313,2.591666666666667,1,0
296.9,308.0,1713,29.3,13,0,11.100000000000023,5255.978757235332,2.092857142857143,1,0
296.9,308.0,1343,44.5,15,0,11.100000000000023,6258.419085093786,2.78125,1,0
296.8,308.0,1391,54.4,17,0,11.199999999999989,7924.185757806703,3.022222222222222,1,0
296.8,308.0,1311,58.6,19,0,11.199999999999989,8045.053299165814,2.93,0,0
296.8,308.0,1453,51.0,24,0,11.199999999999989,7760.048013632148,2.04,0,0
296.8,308.0,1510,39.4,29,0,11.199999999999989,6230.197111089037,1.3133333333333332,1,0
296.8,307.9,1448,48.8,31,0,11.099999999999966,7399.749224167446,1.525,1,0
296.7,307.8,1453,46.0,33,0,11.100000000000023,6999.258992687819,1.3529411764705883,1,0
296.7,307.8,1468,39.2,35,0,11.100000000000023,6026.161140213894,1.088888888888889,1,0
296.7,307.8,1382,47.5,37,0,11.100000000000023,6874.328324830065,1.25,1,0
296.7,308.0,1580,32.2,39,0,11.300000000000011,5327.722261467811,0.805,1,0
296.8,308.0,1666,29.8,41,0,11.199999999999989,5199.000738474725,0.7095238095238096,1,0
296.9,308.0,1409,50.7,43,0,11.100000000000023,7480.791842654551,1.1522727272727273,0,1
296.8,308.0,1675,29.7,46,0,11.199999999999989,5209.546017815274,0.6319148936170212,1,0
296.8,307.9,1698,30.8,48,0,11.099999999999966,5476.675641150014,0.6285714285714286,1,0
296.7,307.9,1579,33.4,50,0,11.199999999999989,5522.773277353688,0.6549019607843137,0,0
296.7,307.9,1743,27.9,55,0,11.199999999999989,5092.490275542518,0.49821428571428567,1,0
296.9,308.0,1497,44.8,57,0,11.100000000000023,7023.093208953053,0.7724137931034483,0,1
296.9,308.1,1741,28.8,60,0,11.200000000000045,5250.732297503838,0.4721311475409836,1,0
296.9,308.1,1435,45.3,62,0,11.200000000000045,6807.360041431043,0.719047619047619,1,0
296.9,308.1,1440,46.3,64,0,11.200000000000045,6981.875513337955,0.7123076923076923,0,1
296.9,308.0,1641,33.3,67,0,11.100000000000023,5722.442434440343,0.48970588235294116,0,1
296.8,307.9,1420,45.4,70,0,11.099999999999966,6751.073173054226,0.6394366197183098,1,0
296.8,307.9,1611,35.4,72,0,11.099999999999966,5972.104802621125,0.4849315068493151,1,0
296.8,307.8,1373,42.9,74,0,11.0,6168.171600131664,0.572,1,0
296.8,307.9,1683,31.8,76,0,11.099999999999966,5604.538462151119,0.412987012987013,0,1
296.9,307.9,1547,32.6,79,0,11.0,5281.247634145706,0.40750000000000003,0,0
296.9,307.8,1605,37.0,84,0,10.900000000000034,6218.782657780996,0.43529411764705883,1,0
296.9,307.9,2010,18.9,86,0,11.0,3978.1987772407547,0.21724137931034482,0,1
296.8,307.7,1565,40.1,89,0,10.899999999999977,6571.845312166927,0.4455555555555556,1,0
296.9,307.8,1828,24.6,91,0,10.900000000000034,4709.121724024956,0.2673913043478261,0,1
297.0,307.8,1579,34.1,94,0,10.800000000000011,5638.5200226874485,0.3589473684210526,0,1
297.0,307.9,1882,24.2,97,0,10.899999999999977,4769.398415071832,0.24693877551020407,0,1
296.9,307.8,1285,52.1,100,0,10.900000000000034,7010.830525628543,0.5158415841584159,1,0
296.9,307.8,1571,35.0,102,0,10.900000000000034,5758.015735254492,0.33980582524271846,1,0
296.9,307.8,1549,37.8,104,0,10.900000000000034,6131.572045717342,0.36,0,0
296.9,307.8,1544,37.6,109,0,10.900000000000034,6079.442551618777,0.34181818181818185,0,1
297.0,307.9,1412,47.4,112,0,10.899999999999977,7008.767546452686,0.4194690265486726,0,1
297.0,307.9,1422,53.0,115,0,10.899999999999977,7892.309064348277,0.45689655172413796,0,1
297.0,307.7,1867,22.8,118,0,10.699999999999989,4457.668648031629,0.1915966386554622,1,0
296.9,307.7,1424,43.3,120,0,10.800000000000011,6456.9363248741265,0.35785123966942145,1,0
296.9,307.6,1452,45.7,122,0,10.700000000000045,6948.825958622192,0.3715447154471545,1,0
296.9,307.7,1550,39.7,124,0,10.800000000000011,6443.930131288264,0.31760000000000005,1,0
296.8,307.6,1588,37.6,126,0,10.800000000000011,6252.690914488741,0.29606299212598425,1,0
296.8,307.6,1338,44.4,128,0,10.800000000000011,6221.107436344651,0.3441860465116279,1,0
296.8,307.6,1513,40.0,130,0,10.800000000000011,6337.639579841809,0.3053435114503817,1,0
296.8,307.5,1470,45.9,132,0,10.699999999999989,7065.756037188803,0.3451127819548872,0,1
296.8,307.5,1516,36.7,135,0,10.699999999999989,5826.313959543535,0.26985294117647063,0,1
296.8,307.6,1434,48.3,138,0,10.800000000000011,7253.120623048899,0.3474820143884892,1,0
296.8,307.6,1368,52.0,140,0,10.800000000000011,7449.344500192116,0.36879432624113473,1,0
296.8,307.6,1304,48.7,142,0,10.800000000000011,6650.207104922971,0.3405594405594406,1,0
296.8,307.6,1398,46.7,144,0,10.800000000000011,6836.79676459518,0.3220689655172414,1,0
296.7,307.6,1516,37.4,146,0,10.900000000000034,5937.442563676517,0.254421768707483,1,0
296.7,307.6,1474,41.7,148,0,10.900000000000034,6436.683524233985,0.27986577181208055,1,0
296.7,307.6,1547,34.7,150,0,10.900000000000034,5621.450702602944,0.22980132450331128,0,1
296.6,307.5,1482,39.9,153,0,10.899999999999977,6192.267615784698,0.2590909090909091,0,1
296.6,307.4,1436,42.8,156,0,10.799999999999955,6436.159925458384,0.27261146496815286,1,0
296.6,307.3,1474,40.0,158,0,10.699999999999989,6174.276761855141,0.25157232704402516,1,0
296.5,307.2,1481,38.2,160,0,10.699999999999989,5924.436370090657,0.23726708074534164,1,0
296.5,307.3,1501,42.1,162,0,10.800000000000011,6617.461237497053,0.25828220858895706,1,0
296.5,307.3,1566,37.2,164,0,10.800000000000011,6100.470278446804,0.22545454545454546,1,0
296.5,307.3,1579,34.5,166,0,10.800000000000011,5704.661020021025,0.20658682634730538,1,0
296.6,307.4,1631,35.0,168,0,10.799999999999955,5977.927221005777,0.20710059171597633,1,0
296.6,307.4,1544,42.3,170,0,10.799999999999955,6839.372870571123,0.24736842105263157,0,1
296.6,307.4,1521,38.6,173,0,10.799999999999955,6148.159654928296,0.22183908045977013,1,0
296.6,307.4,1616,28.0,175,0,10.799999999999955,4738.359479654365,0.1590909090909091,1,0
296.6,307.4,1333,50.2,177,0,10.799999999999955,7007.489965440226,0.28202247191011237,0,0
296.7,307.4,1533,32.5,182,0,10.699999999999989,5217.399999449249,0.17759562841530055,0,1
296.6,307.4,1368,45.1,185,0,10.799999999999955,6460.873787666625,0.2424731182795699,1,0
296.6,307.4,1465,47.8,187,0,10.799999999999955,7333.210291764414,0.2542553191489362,1,0
296.6,307.4,1406,41.5,189,0,10.799999999999955,6110.2929914770275,0.21842105263157896,0,0
296.5,307.4,1565,43.5,194,0,10.899999999999977,7129.059129158637,0.2230769230769231,0,1
296.6,307.5,1582,37.9,197,0,10.899999999999977,6278.766133513536,0.1914141414141414,1,0
296.6,307.5,1439,45.5,199,0,10.899999999999977,6856.473606582163,0.2275,1,0
296.6,307.5,1566,35.0,201,0,10.899999999999977,5739.689778108552,0.17326732673267325,0,1
296.6,307.5,1485,42.7,204,0,10.899999999999977,6640.227312260067,0.2082926829268293,1,0
296.5,307.5,1566,35.1,206,0,11.0,5756.088891760291,0.16956521739130437,1,0
296.3,307.3,1439,41.5,208,0,11.0,6253.706696113401,0.19856459330143542,1,0
296.4,307.4,1416,50.0,210,0,11.0,7414.158662471912,0.23696682464454977,0,1
296.4,307.4,2833,5.6,213,1,11.0,1661.3579710223783,0.02616822429906542,1,0
296.3,307.4,1465,47.1,215,0,11.099999999999966,7225.820182889204,0.21805555555555556,1,0
296.4,307.4,1586,35.5,0,0,11.0,5896.036372502204,35.5,0,0
296.3,307.3,1567,31.4,5,0,11.0,5152.609886956715,5.233333333333333,1,0
296.2,307.2,1389,48.6,7,0,11.0,7069.14895725468,6.075,0,1
296.3,307.3,1368,49.5,10,0,11.0,7091.2029376828805,4.5,0,1
296.3,307.3,1444,49.0,13,0,11.0,7409.550993246646,3.5,1,0
296.3,307.3,1498,41.6,15,0,11.0,6525.800035840814,2.6,0,1
296.1,307.2,1615,30.8,18,0,11.099999999999966,5208.970059162117,1.6210526315789473,1,0
296.1,307.1,1898,22.7,20,0,11.0,4511.808761428493,1.0809523809523809,1,0
296.1,307.1,1350,53.3,22,0,11.0,7535.109979635118,2.317391304347826,0,1
296.2,307.0,1516,37.6,25,0,10.800000000000011,5969.1935934287985,1.4461538461538461,0,1
296.2,307.0,1542,40.6,28,0,10.800000000000011,6556.001213217324,1.4000000000000001,0,0
296.1,306.9,1541,32.6,33,0,10.799999999999955,5260.7644500443,0.9588235294117647,0,0
296.1,306.9,1951,23.3,38,0,10.799999999999955,4760.38204415603,0.5974358974358974,0,1
296.1,306.8,1645,31.0,41,0,10.699999999999989,5340.18391232705,0.7380952380952381,0,0
296.0,306.7,1416,44.2,46,0,10.699999999999989,6554.116257625171,0.9404255319148936,1,0
296.0,306.7,2044,22.3,48,0,10.699999999999989,4773.252102060236,0.45510204081632655,0,1
295.9,306.6,1414,50.2,51,0,10.700000000000045,7433.301433707785,0.9653846153846154,1,0
295.9,306.6,1678,26.7,53,0,10.700000000000045,4691.717300724069,0.4944444444444444,1,0
295.9,306.5,1594,33.2,55,0,10.600000000000023,5541.853216736491,0.5928571428571429,0,0
295.8,306.5,1514,37.7,60,0,10.699999999999989,5977.173238768916,0.618032786885246,0,1
295.8,306.5,1358,49.2,63,0,10.699999999999989,6996.703830662901,0.76875,1,0
295.8,306.4,1325,56.2,65,0,10.599999999999966,7797.956564985466,0.8515151515151516,1,0
295.8,306.4,1339,53.2,67,0,10.599999999999966,7459.690811997941,0.7823529411764706,1,0
295.8,306.4,1335,51.7,69,0,10.599999999999966,7227.7051384813585,0.7385714285714287,0,1
295.9,306.4,1892,21.7,72,0,10.5,4299.4161540948,0.29726027397260274,1,0
295.9,306.4,1575,28.5,74,0,10.5,4700.608007933728,0.38,1,0
295.8,306.3,1444,45.5,76,0,10.5,6880.297350871885,0.5909090909090909,0,1
295.7,306.3,1915,22.4,79,0,10.600000000000023,4492.058615612925,0.27999999999999997,1,0
295.6,306.2,1584,33.6,81,0,10.599999999999966,5573.43669488058,0.40975609756097564,0,1
295.7,306.3,1685,34.9,84,0,10.600000000000023,6158.202279444273,0.41058823529411764,0,1
295.8,306.3,1337,54.6,87,0,10.5,7644.5630676861865,0.6204545454545455,1,0
295.8,306.3,1235,76.2,89,1,10.5,9854.861995045823,0.8466666666666667,0,1
295.7,306.2,1464,46.2,92,0,10.5,7082.909133077404,0.49677419354838714,1,0
295.7,306.2,1739,25.9,94,0,10.5,4716.588242564988,0.2726315789473684,0,1
295.7,306.3,1490,34.3,97,0,10.600000000000023,5351.912524900452,0.35,1,0
295.8,306.4,1356,48.0,99,0,10.599999999999966,6815.999421228415,0.48,1,0
295.7,306.2,1397,52.0,101,0,10.5,7607.261890912564,0.5098039215686274,1,0
295.7,306.2,1458,40.6,103,0,10.5,6198.864960357236,0.3903846153846154,1,0
295.7,306.2,2161,16.5,105,0,10.5,3733.939948424149,0.15566037735849056,0,0
295.6,306.1,1651,28.1,110,0,10.5,4858.274071241888,0.2531531531531532,0,1
295.6,306.1,1389,46.2,113,0,10.5,6720.0551815877825,0.4052631578947369,1,0
295.6,306.0,1370,52.4,115,0,10.399999999999977,7517.621780530135,0.4517241379310345,1,0
295.7,306.1,1408,47.9,117,0,10.400000000000034,7062.6353884862365,0.4059322033898305,1,0
295.7,306.1,1343,54.4,119,0,10.400000000000034,7650.741533238246,0.4533333333333333,1,0
295.7,306.2,1423,42.5,121,0,10.5,6333.188990249224,0.3483606557377049,0,1
295.6,306.2,1426,48.6,124,0,10.599999999999966,7257.456020910853,0.38880000000000003,1,0
295.6,306.2,1435,51.6,126,0,10.599999999999966,7754.078987590328,0.4062992125984252,0,1
295.5,306.1,1573,35.1,129,0,10.600000000000023,5781.818535593192,0.27,1,0
295.6,306.2,1612,31.2,131,0,10.599999999999966,5266.817251890216,0.23636363636363636,1,0
295.6,306.2,1446,49.9,133,0,10.599999999999966,7556.095818561099,0.3723880597014925,1,0
295.6,306.2,1329,55.3,135,0,10.599999999999966,7696.242266837739,0.40661764705882353,0,0
295.6,306.2,1569,35.1,140,0,10.599999999999966,5767.115881974391,0.24893617021276596,1,0
295.6,306.1,1256,62.3,142,0,10.5,8194.195174407234,0.43566433566433566,0,0
295.6,306.1,1383,48.7,147,0,10.5,7053.095418794837,0.3290540540540541,1,0
295.7,306.2,2270,14.6,149,1,10.5,3470.622124175764,0.09733333333333333,1,0
295.7,306.2,1458,49.8,151,0,10.5,7603.533867630304,0.3276315789473684,0,0
295.6,306.1,1474,41.2,156,0,10.5,6359.5050647107955,0.2624203821656051,1,0
295.6,306.1,1462,49.2,158,0,10.5,7532.533873659177,0.309433962264151,0,1
295.6,306.1,1669,29.0,161,0,10.5,5068.540867546652,0.17901234567901234,0,1
295.5,306.1,1822,24.3,164,0,10.600000000000023,4636.425270020889,0.14727272727272728,0,1
295.5,306.0,1456,39.2,167,0,10.5,5976.900967405606,0.23333333333333334,1,0
295.5,306.0,1546,35.9,169,0,10.5,5812.093016798283,0.2111764705882353,1,0
295.6,306.1,1490,42.7,171,0,10.5,6662.5849799781145,0.2482558139534884,0,1
295.6,306.0,1569,40.4,174,0,10.399999999999977,6637.933949622946,0.23085714285714284,1,0
295.5,306.0,1621,29.5,176,0,10.5,5007.64632994457,0.16666666666666666,1,0
295.4,305.9,1518,40.6,178,0,10.5,6453.962283828729,0.22681564245810057,0,1
295.4,305.8,1526,38.2,181,0,10.400000000000034,6104.4496291413525,0.2098901098901099,0,1
295.3,305.8,1589,36.2,184,0,10.5,6023.668810042046,0.1956756756756757,0,1
295.3,305.7,1475,51.0,187,0,10.399999999999977,7877.543578876406,0.2712765957446808,1,0
295.3,305.7,1473,38.5,189,0,10.399999999999977,5938.709672713466,0.2026315789473684,0,1
295.4,305.8,1407,50.7,192,0,10.400000000000034,7470.1732594854175,0.26269430051813475,1,0
295.5,305.9,1518,44.1,194,0,10.399999999999977,7010.338342779481,0.22615384615384615,0,1
295.5,305.9,1593,37.2,197,0,10.399999999999977,6205.65080048899,0.1878787878787879,0,0
295.5,305.9,1380,52.4,202,0,10.399999999999977,7572.494932212839,0.258128078817734,0,1
295.5,306.0,1423,45.3,205,0,10.5,6750.4343825479955,0.21990291262135922,0,1
295.5,306.0,1800,27.6,208,0,10.5,5202.477434344697,0.1320574162679426,1,0
295.6,306.1,1623,30.9,210,0,10.5,5251.769023079521,0.14644549763033174,0,0
295.6,306.1,1372,55.6,215,1,10.5,7988.358023744031,0.2574074074074074,1,0
295.6,306.0,1396,52.4,0,0,10.399999999999977,7660.29197490516,52.4,0,0
295.6,306.0,1949,21.9,5,0,10.399999999999977,4469.76377974795,3.65,1,0
295.6,306.0,1419,51.1,7,0,10.399999999999977,7593.323691506138,6.3875,1,0
295.5,305.9,1453,47.3,9,0,10.399999999999977,7197.064138133344,4.7299999999999995,0,1
295.5,305.9,1542,36.2,12,0,10.399999999999977,5845.498618681457,2.784615384615385,1,0
295.6,306.0,1363,50.0,14,0,10.399999999999977,7136.651311404813,3.3333333333333335,1,0
295.5,306.0,1597,37.2,16,0,10.5,6221.233100050796,2.1882352941176473,1,0
295.5,306.0,1326,50.8,18,0,10.5,7054.006480664377,2.6736842105263157,0,1
295.5,306.0,1641,36.6,21,0,10.5,6289.531324339838,1.6636363636363638,0,1
295.6,306.1,1418,46.2,24,0,10.5,6860.358709497104,1.848,0,1
295.6,306.2,1263,61.8,27,0,10.599999999999966,8173.732934256851,2.207142857142857,1,0
295.6,306.2,1823,25.8,29,0,10.599999999999966,4925.326130445006,0.86,1,0
295.5,306.1,1488,40.7,31,0,10.600000000000023,6341.995921654788,1.271875,1,0
295.6,306.2,1443,48.9,33,0,10.599999999999966,7389.308664582017,1.438235294117647,1,0
295.6,306.2,1650,28.2,35,0,10.599999999999966,4872.6102057177695,0.7833333333333333,1,0
295.7,306.3,1462,44.3,37,0,10.600000000000023,6782.342491932956,1.1657894736842105,0,1
295.6,306.2,1477,45.0,40,0,10.599999999999966,6960.198524028186,1.0975609756097562,0,1
295.7,306.3,1712,28.5,43,0,10.600000000000023,5109.486291798439,0.6477272727272727,0,1
295.7,306.3,1347,50.4,46,0,10.600000000000023,7109.298511367559,1.0723404255319149,0,1
295.6,306.2,1287,54.8,49,0,10.599999999999966,7385.633001177316,1.0959999999999999,1,0
295.6,306.2,1428,44.5,51,0,10.599999999999966,6654.5215588339,0.8557692307692307,1,0
295.6,306.3,1426,45.5,53,0,10.699999999999989,6794.531871428884,0.8425925925925926,0,1
295.6,306.3,1636,32.7,56,0,10.699999999999989,5602.2136835874635,0.5736842105263158,1,0
295.6,306.2,1424,42.5,58,0,10.599999999999966,6337.63957984181,0.7203389830508474,1,0
295.6,306.3,1509,35.8,60,0,10.699999999999989,5657.191555025283,0.5868852459016393,0,0
295.5,306.2,1448,48.9,65,0,10.699999999999989,7414.912644708774,0.7409090909090909,1,0
295.5,306.1,1650,32.8,67,0,10.600000000000023,5667.433147075986,0.48235294117647054,1,0
295.6,306.2,1414,42.5,69,0,10.599999999999966,6293.133683915953,0.6071428571428571,0,0
295.6,306.3,1911,20.9,74,0,10.699999999999989,4182.496547503699,0.2786666666666667,1,0
295.6,306.2,1632,32.2,76,0,10.599999999999966,5503.06501944017,0.4181818181818182,0,0
295.7,306.4,1387,40.1,81,0,10.699999999999989,5824.37664407382,0.48902439024390243,0,1
295.8,306.4,1399,47.6,84,0,10.599999999999966,6973.539820830432,0.56,1,0
295.8,306.5,1505,35.2,86,0,10.699999999999989,5547.633747219096,0.40459770114942534,1,0
295.8,306.5,1534,37.9,88,0,10.699999999999989,6088.259954999851,0.4258426966292135,1,0
295.8,306.5,1493,40.5,90,0,10.699999999999989,6332.037072942908,0.44505494505494503,1,0
295.8,306.6,1480,43.2,92,0,10.800000000000011,6695.362263330568,0.4645161290322581,0,1
295.8,306.6,1621,31.6,95,0,10.800000000000011,5364.122848347405,0.32916666666666666,1,0
295.7,306.5,1737,26.2,97,0,10.800000000000011,4765.733223642644,0.2673469387755102,1,0
295.8,306.6,1508,46.5,99,0,10.800000000000011,7343.1586685007815,0.465,1,0
295.8,306.5,1641,32.2,101,0,10.699999999999989,5533.412804473846,0.31568627450980397,0,1
295.9,306.6,1532,38.6,104,0,10.700000000000045,6192.6236629521045,0.3676190476190476,0,1
295.9,306.7,1547,40.9,107,0,10.800000000000011,6625.859761857649,0.3787037037037037,1,0
295.9,306.6,1412,41.0,109,0,10.700000000000045,6062.436063387344,0.37272727272727274,1,0
295.8,306.5,1568,35.1,111,0,10.699999999999989,5763.440218569691,0.31339285714285714,1,0
295.9,306.6,1557,41.1,113,0,10.700000000000045,6701.2998734458515,0.3605263157894737,1,0
295.8,306.6,1644,35.2,115,0,10.800000000000011,6060.006565068568,0.303448275862069,1,0
295.9,306.6,1679,30.4,117,0,10.700000000000045,5345.063852915626,0.2576271186440678,1,0
296.0,306.6,1511,35.2,119,0,10.600000000000023,5569.750559500369,0.29333333333333333,1,0
296.0,306.6,1628,36.8,121,0,10.600000000000023,6273.802417120865,0.30163934426229505,0,1
296.0,306.6,1392,51.3,124,0,10.600000000000023,7477.995825192856,0.4104,0,1
296.0,306.7,1917,21.0,127,0,10.699999999999989,4215.703181852144,0.1640625,1,0
296.2,306.8,1526,42.3,129,0,10.600000000000023,6759.639249023015,0.3253846153846154,0,1
296.2,306.8,1389,53.3,132,0,10.600000000000023,7752.790934602354,0.4007518796992481,1,0
296.1,306.7,1409,42.8,134,0,10.599999999999966,6315.145776442106,0.317037037037037,1,0
296.2,306.8,1655,31.1,136,0,10.600000000000023,5389.978155886449,0.22700729927007302,1,0
296.2,306.9,1516,39.1,138,0,10.699999999999989,6207.326316570904,0.28129496402877696,1,0
296.2,306.9,1526,34.9,140,0,10.699999999999989,5577.101886309769,0.2475177304964539,1,0
296.3,307.1,1419,48.6,142,0,10.800000000000011,7221.8303602191445,0.33986013986013985,1,0
296.4,307.2,1748,25.3,144,0,10.800000000000011,4631.168338313882,0.17448275862068965,1,0
296.4,307.1,1638,32.5,146,0,10.700000000000045,5574.756163795088,0.22108843537414966,0,0
296.3,307.1,1534,33.8,151,0,10.800000000000011,5429.6355271502625,0.22236842105263155,0,1
296.3,307.1,1774,25.9,154,0,10.800000000000011,4811.51670058096,0.16709677419354838,0,0
296.2,307.0,2119,18.3,159,0,10.800000000000011,4060.7912481036306,0.114375,0,1
296.2,307.0,1414,48.3,162,0,10.800000000000011,7151.961339603306,0.296319018404908,1,0
296.1,307.0,1523,42.0,164,0,10.899999999999977,6698.503855984157,0.2545454545454545,0,1
296.1,307.1,1651,35.7,167,0,11.0,6172.255670581331,0.21250000000000002,1,0
296.1,307.1,1485,36.0,169,0,11.0,5598.318108697012,0.21176470588235294,0,1
296.2,307.2,1168,63.4,172,0,11.0,7754.623530316949,0.36647398843930634,0,1
296.3,307.3,1566,35.8,175,0,11.0,5870.882687322461,0.2034090909090909,1,0
296.3,307.2,1286,51.1,177,0,10.899999999999977,6881.6168197863935,0.28707865168539326,0,1
296.3,307.2,1446,45.9,180,0,10.899999999999977,6950.396754948986,0.2535911602209945,0,1
296.4,307.2,2071,19.4,183,0,10.800000000000011,4207.367489344619,0.10543478260869564,0,1
296.3,307.1,1560,33.2,186,0,10.800000000000011,5423.645557157419,0.17754010695187167,1,0
296.3,307.1,1654,29.6,188,0,10.800000000000011,5126.911659050351,0.15661375661375662,1,0
296.3,307.1,1662,32.9,190,0,10.800000000000011,5726.055265991971,0.17225130890052356,1,0
296.3,307.2,1646,35.0,192,0,10.899999999999977,6032.9050924436,0.18134715025906736,1,0
296.2,307.1,1444,46.7,194,0,10.900000000000034,7061.7557425432315,0.2394871794871795,1,0
296.3,307.2,1424,42.0,196,0,10.899999999999977,6263.079114196612,0.2131979695431472,0,0
296.2,307.2,1382,52.0,201,0,11.0,7525.580481919229,0.25742574257425743,1,0
296.2,307.1,1413,53.4,203,0,10.900000000000034,7901.545346749832,0.26176470588235295,1,0
296.2,307.2,1633,31.1,0,0,11.0,5318.328899433578,31.1,0,1
296.2,307.1,1441,41.7,3,0,10.900000000000034,6292.578669213821,10.425,1,0
296.2,307.2,1385,44.0,5,0,11.0,6381.621876992067,7.333333333333333,0,1
296.2,307.2,1552,34.8,8,0,11.0,5655.872086110775,3.8666666666666663,0,1
296.2,307.3,1451,42.8,11,0,11.100000000000023,6503.390008245206,3.5666666666666664,0,1
296.1,307.1,1433,38.5,14,0,11.0,5777.441249829189,2.566666666666667,0,1
296.1,307.2,1619,29.7,17,0,11.099999999999966,5035.376121100257,1.65,0,1
296.2,307.2,1445,41.8,20,0,11.0,6325.177928982569,1.9904761904761903,1,0
296.2,307.2,1356,43.6,22,0,11.0,6191.199474282476,1.8956521739130436,1,0
296.3,307.2,1319,68.3,24,1,10.899999999999977,9433.961883293374,2.7319999999999998,0,1
296.3,307.2,1637,31.6,27,0,10.899999999999977,5417.069156535904,1.1285714285714286,1,0
296.3,307.2,1291,58.6,29,0,10.899999999999977,7922.321746165574,1.9533333333333334,1,0
296.3,307.3,1398,52.7,31,0,11.0,7715.186070538886,1.646875,1,0
296.3,307.3,1372,57.7,33,0,11.0,8290.076582194795,1.697058823529412,1,0
296.3,307.2,1454,42.5,35,0,10.899999999999977,6471.1572676193755,1.1805555555555556,0,1
296.2,307.2,1515,36.5,38,0,11.0,5790.740658729386,0.9358974358974359,1,0
296.2,307.3,1881,24.3,40,0,11.100000000000023,4786.561982935946,0.5926829268292683,1,0
296.2,307.3,1711,29.9,42,0,11.100000000000023,5357.347480191162,0.6953488372093023,1,0
296.2,307.3,1475,37.0,44,0,11.100000000000023,5715.080635655432,0.8222222222222222,1,0
296.4,307.4,1512,36.8,46,0,11.0,5826.774726466061,0.7829787234042552,1,0
296.3,307.4,1335,50.5,48,0,11.099999999999966,7059.944090779663,1.030612244897959,0,1
296.3,307.4,1472,39.9,51,0,11.099999999999966,6150.484433491953,0.7673076923076922,1,0
296.2,307.3,1477,35.2,53,0,11.100000000000023,5444.421956573159,0.6518518518518519,0,1
296.3,307.4,1760,28.4,56,0,11.099999999999966,5234.3122399010745,0.4982456140350877,1,0
296.4,307.5,1549,36.1,58,0,11.100000000000023,5855.813514560743,0.611864406779661,1,0
296.3,307.4,1648,34.0,60,0,11.099999999999966,5867.657318864775,0.5573770491803278,1,0
296.4,307.5,1556,38.0,62,0,11.100000000000023,6191.869680715244,0.6031746031746031,0,0
296.3,307.4,1958,19.1,67,0,11.099999999999966,3916.288458014013,0.28088235294117647,0,1
296.4,307.4,1403,48.4,70,0,11.0,7111.01591535152,0.6816901408450704,1,0
296.4,307.5,1684,31.4,72,0,11.100000000000023,5537.329323315322,0.4301369863013698,0,1
296.4,307.5,1596,35.1,75,0,11.100000000000023,5866.358793901293,0.4618421052631579,0,0
296.6,307.6,1498,41.1,80,0,11.0,6447.364939256189,0.5074074074074074,1,0
296.7,307.7,1524,36.8,82,0,11.0,5873.0189703269025,0.4433734939759036,1,0
296.7,307.7,1502,43.9,84,0,11.0,6904.990269129101,0.5164705882352941,1,0
296.6,307.6,1809,25.1,86,0,11.0,4754.89472898776,0.2885057471264368,1,0
296.6,307.6,1542,37.4,88,0,11.0,6039.272053554874,0.4202247191011236,1,0
296.5,307.6,1431,45.2,90,0,11.100000000000023,6773.399424845738,0.4967032967032967,1,0
296.5,307.6,1512,43.6,92,0,11.100000000000023,6903.461360704356,0.46881720430107526,1,0
296.4,307.5,1403,52.8,94,0,11.100000000000023,7757.471907656203,0.5557894736842105,0,0
296.4,307.5,1331,47.8,99,0,11.100000000000023,6662.459316271968,0.478,1,0
296.6,307.7,1474,52.6,101,0,11.099999999999966,8119.173941839511,0.515686274509804,0,1
296.5,307.6,1607,33.5,104,0,11.100000000000023,5637.535656989324,0.319047619047619,1,0
296.5,307.6,1415,44.2,106,0,11.100000000000023,6549.487644448882,0.4130841121495327,1,0
296.6,307.6,1671,28.8,108,0,11.0,5039.617271182603,0.26422018348623855,1,0
296.6,307.7,1556,37.7,110,0,11.099999999999966,6142.986499025386,0.33963963963963967,1,0
296.7,307.7,1927,23.9,112,0,11.0,4822.899737962466,0.21150442477876105,1,0
296.7,307.7,1597,32.1,114,0,11.0,5368.3221105277025,0.2791304347826087,0,1
296.8,307.8,1627,30.5,117,0,11.0,5196.560768180437,0.2584745762711864,0,0
296.8,307.8,1480,39.4,122,0,11.0,6106.4183605376,0.3203252032520325,1,0
296.8,307.8,1565,39.5,124,0,11.0,6473.513462109567,0.316,1,0
296.8,307.8,1573,36.4,126,0,11.0,5995.9599628373835,0.2866141732283464,1,0
296.7,307.8,1605,31.3,128,0,11.100000000000023,5260.7539780687885,0.24263565891472869,1,0
296.7,307.9,1874,21.3,130,0,11.199999999999989,4180.014689307363,0.16259541984732825,0,1
296.7,307.9,1424,53.8,133,0,11.199999999999989,8022.706103423279,0.4014925373134328,0,0
296.7,307.9,1420,50.1,138,0,11.199999999999989,7449.972818722835,0.360431654676259,1,0
296.8,307.9,1372,49.0,140,0,11.099999999999966,7040.099697184488,0.3475177304964539,1,0
296.8,307.8,1664,32.8,142,0,11.0,5715.520458626935,0.22937062937062935,0,1
296.8,307.9,1409,44.3,145,0,11.099999999999966,6536.470978887507,0.3034246575342466,0,1
296.8,307.9,1718,25.2,148,0,11.099999999999966,4533.695190248502,0.16912751677852347,1,0
296.9,307.8,1544,40.3,150,0,10.900000000000034,6515.998266761613,0.26688741721854303,0,1
296.9,307.8,1466,45.7,153,0,10.900000000000034,7015.82565794775,0.29675324675324677,1,0
296.8,307.8,1394,47.7,155,0,11.0,6963.214452975633,0.3057692307692308,1,0
296.9,307.8,1840,24.6,157,0,10.900000000000034,4740.0349957362805,0.15569620253164557,0,1
296.9,307.8,1477,37.2,160,0,10.900000000000034,5753.764113196634,0.23105590062111803,0,1
296.9,307.8,1425,49.1,163,0,10.900000000000034,7326.979466334794,0.299390243902439,1,0
297.0,307.9,1414,46.2,165,0,10.899999999999977,6841.0064987509895,0.27831325301204823,0,1
297.0,307.8,1414,47.5,168,0,10.800000000000011,7033.502352611948,0.28106508875739644,1,0
297.0,307.9,1595,31.7,170,0,10.899999999999977,5294.787898482678,0.1853801169590643,1,0
296.9,307.8,1345,54.5,172,0,10.900000000000034,7676.21984965886,0.315028901734104,0,0
296.9,307.7,1653,35.9,177,0,10.800000000000011,6214.353012139433,0.20168539325842696,1,0
296.8,307.6,1547,36.5,179,0,10.800000000000011,5913.053332709149,0.20277777777777778,1,0
296.9,307.7,1656,30.8,181,0,10.800000000000011,5341.210165927222,0.16923076923076924,0,0
297.0,307.7,1731,28.5,186,0,10.699999999999989,5166.192039195735,0.15240641711229946,1,0
297.0,307.8,1774,28.0,188,0,10.800000000000011,5201.639676303741,0.14814814814814814,1,0
297.0,307.8,1521,40.2,190,0,10.800000000000011,6403.0056509875,0.2104712041884817,1,0
297.1,307.9,1420,39.8,192,0,10.799999999999955,5918.341680342691,0.20621761658031088,0,0
297.0,307.8,1683,32.3,197,0,10.800000000000011,5692.660136084312,0.16313131313131313,1,0
297.0,307.7,1498,47.1,199,0,10.699999999999989,7388.586098271691,0.23550000000000001,0,1
297.0,307.8,1385,56.4,202,1,10.800000000000011,8180.078951417104,0.27783251231527095,1,0
297.0,307.9,1455,49.0,204,0,10.899999999999977,7465.994941256143,0.23902439024390243,1,0
296.9,307.8,1549,35.8,206,1,10.900000000000034,5807.150244356636,0.17294685990338163,0,0
296.9,307.8,1392,43.9,0,0,10.900000000000034,6399.298571656264,43.9,0,1
296.9,307.7,2008,17.5,3,0,10.800000000000011,3679.852194904845,4.375,0,1
296.9,307.7,1464,41.4,6,0,10.800000000000011,6347.02246990053,5.914285714285714,1,0
297.0,307.7,1447,46.4,8,0,10.699999999999989,7030.968134538052,5.155555555555555,1,0
296.9,307.6,1685,32.0,10,0,10.700000000000045,5646.489196052055,2.909090909090909,0,1
296.8,307.5,1443,39.2,13,0,10.699999999999989,5923.5357801966275,2.8000000000000003,0,1
296.9,307.5,1354,44.4,16,0,10.600000000000023,6295.500350381658,2.611764705882353,1,0
296.9,307.5,2721,9.3,18,1,10.600000000000023,2649.9648192295267,0.48947368421052634,1,0
297.0,307.6,1680,35.8,20,0,10.600000000000023,6298.264951916817,1.7047619047619047,1,0
296.9,307.5,1397,48.3,22,0,10.600000000000023,7065.975948674554,2.1,0,0
296.9,307.4,1521,37.9,27,0,10.5,6036.664531652394,1.3535714285714284,0,1
296.8,307.4,1472,43.9,30,0,10.599999999999966,6767.074351636509,1.4161290322580644,0,1
296.8,307.5,1695,30.0,33,0,10.699999999999989,5324.999547834699,0.8823529411764706,0,0
296.7,307.5,1607,33.6,38,0,10.800000000000011,5654.364121637053,0.8615384615384616,0,0
296.8,307.5,1347,54.8,43,0,10.699999999999989,7729.951556010758,1.2454545454545454,1,0
296.7,307.4,1540,38.7,45,0,10.699999999999989,6241.087965621484,0.841304347826087,0,1
296.6,307.4,1389,42.7,48,0,10.799999999999955,6210.960092073557,0.8714285714285714,1,0
296.6,307.5,1734,27.0,50,0,10.899999999999977,4902.769495192231,0.5294117647058824,0,1
296.7,307.6,1540,38.6,53,0,10.900000000000034,6224.961123333056,0.7148148148148148,1,0
296.7,307.5,1515,42.1,55,0,10.800000000000011,6679.18306116458,0.7517857142857143,0,1
296.6,307.4,1504,45.8,58,0,10.799999999999955,7213.431835858548,0.7762711864406779,1,0
296.6,307.5,1557,35.1,60,0,10.899999999999977,5723.00792111799,0.5754098360655738,1,0
296.5,307.4,1292,52.5,62,0,10.899999999999977,7103.140989766522,0.8333333333333334,1,0
296.5,307.4,1432,49.2,64,0,10.899999999999977,7377.967515102558,0.7569230769230769,0,0
296.5,307.4,1350,55.6,69,0,10.899999999999977,7860.264819281663,0.7942857142857143,0,1
296.6,307.4,1790,25.8,72,0,10.799999999999955,4836.167730936128,0.35342465753424657,0,1
296.4,307.3,1540,37.4,75,0,10.900000000000034,6031.439015871924,0.4921052631578947,0,0
296.4,307.3,2077,19.1,80,0,10.900000000000034,4154.3059894254875,0.2358024691358025,0,1
296.4,307.3,1487,37.5,83,0,10.900000000000034,5839.435344860029,0.44642857142857145,1,0
296.5,307.4,1523,40.7,85,0,10.899999999999977,6491.169212822743,0.4732558139534884,1,0
296.5,307.5,1443,41.8,87,0,11.0,6316.423357454566,0.475,1,0
296.5,307.5,1340,59.1,89,0,11.0,8293.176286946336,0.6566666666666667,1,0
296.6,307.7,1654,31.0,91,0,11.099999999999966,5369.400724005434,0.33695652173913043,0,0
296.6,307.6,1459,40.2,96,0,11.0,6142.002133327262,0.4144329896907217,1,0
296.5,307.6,1541,38.5,98,0,11.100000000000023,6212.865991616734,0.3888888888888889,1,0
296.6,307.7,1386,62.3,100,1,11.099999999999966,9042.320471121357,0.6168316831683168,0,0
296.7,307.8,1258,69.0,105,1,11.100000000000023,9089.884183896707,0.6509433962264151,0,1
296.7,307.8,1375,51.4,108,0,11.100000000000023,7401.068693081953,0.4715596330275229,0,1
296.8,307.9,1706,30.8,111,0,11.099999999999966,5502.478588811498,0.275,1,0
296.7,307.8,1672,32.4,113,0,11.100000000000023,5672.962350146306,0.28421052631578947,0,1
296.8,307.9,1843,25.2,116,0,11.099999999999966,4863.56241887543,0.21538461538461537,0,1
296.7,307.9,1690,29.6,119,0,11.199999999999989,5238.501030105861,0.24666666666666667,1,0
296.8,307.9,1413,46.5,121,0,11.099999999999966,6880.559150259685,0.38114754098360654,1,0
296.8,307.9,1489,33.4,123,0,11.099999999999966,5207.985693463991,0.2693548387096774,1,0
296.8,307.9,1271,61.4,125,0,11.099999999999966,8172.266857685177,0.4873015873015873,1,0
296.8,307.9,1418,47.9,127,0,11.099999999999966,7112.796151188555,0.37421875,0,1
296.9,307.8,1426,50.7,130,0,10.900000000000034,7571.049799592186,0.3870229007633588,0,1
296.9,307.9,1535,39.2,133,0,11.0,6301.197105060168,0.29253731343283584,1,0
296.9,307.8,1557,38.1,135,0,10.900000000000034,6212.153897281921,0.2801470588235294,1,0
296.9,307.8,1653,29.7,137,0,10.900000000000034,5141.122129820089,0.21521739130434783,1,0
296.9,307.9,1435,41.6,139,0,11.0,6251.35050162321,0.29714285714285715,1,0
297.0,307.9,1569,33.3,141,0,10.899999999999977,5471.366349565447,0.23450704225352112,0,1
296.9,307.9,1385,44.8,144,0,11.0,6497.651365664649,0.3089655172413793,0,1
297.0,307.9,1635,31.6,147,0,10.899999999999977,5410.450868012342,0.21351351351351353,1,0
296.9,307.9,1423,43.9,149,0,11.0,6541.81168639861,0.29266666666666663,1,0
297.0,307.9,1479,39.2,151,0,10.899999999999977,6071.316298621491,0.2578947368421053,1,0
297.0,307.9,1296,69.1,153,1,10.899999999999977,9378.031062083963,0.44870129870129866,1,0
297.0,307.8,1553,33.3,155,0,10.800000000000011,5415.571664037692,0.21346153846153845,1,0
297.0,307.9,1529,42.2,157,0,10.899999999999977,6756.916535389904,0.26708860759493674,1,0
297.1,308.0,1690,25.6,159,0,10.899999999999977,4530.5954854969605,0.16,0,1
297.1,308.0,1348,58.0,162,0,10.899999999999977,8187.4093342754795,0.3558282208588957,1,0
297.2,308.1,1446,38.5,164,0,10.900000000000034,5829.85348726658,0.23333333333333334,1,0
297.1,307.9,1456,50.0,166,0,10.799999999999955,7623.598172711232,0.2994011976047904,1,0
297.0,307.9,1350,47.7,168,0,10.899999999999977,6743.428630930492,0.2822485207100592,1,0
297.1,307.9,1507,38.3,170,0,10.799999999999955,6044.225297972035,0.2239766081871345,1,0
297.0,307.9,1448,45.6,172,0,10.899999999999977,6914.519766844992,0.26358381502890177,0,0
296.9,307.9,1626,29.9,177,0,11.0,5091.202222554547,0.16797752808988764,1,0
297.0,307.9,1846,27.3,179,0,10.899999999999977,5277.435835059349,0.15166666666666667,0,0
297.0,307.8,1404,40.7,184,0,10.800000000000011,5983.980022851695,0.22000000000000003,0,0
297.0,307.8,1583,37.2,189,0,10.800000000000011,6166.695051584477,0.19578947368421054,1,0
297.0,307.9,1436,47.7,191,0,10.899999999999977,7173.01001038236,0.2484375,1,0
297.0,307.8,1609,35.6,193,0,10.800000000000011,5998.389461156159,0.18350515463917527,1,0
297.0,307.7,1834,23.8,195,0,10.699999999999989,4570.933535169053,0.12142857142857143,0,0
297.0,307.8,1316,61.2,200,1,10.800000000000011,8434.045301533304,0.30447761194029854,1,0
296.9,307.8,1400,57.1,202,1,10.900000000000034,8371.297224265601,0.2812807881773399,1,0
296.9,307.9,1367,47.1,204,0,11.0,6742.454737207879,0.22975609756097562,1,0
297.1,308.1,1754,30.3,206,0,11.0,5565.457049540462,0.1463768115942029,1,0
297.1,308.1,1487,34.6,208,0,11.0,5387.85234485752,0.16555023923444978,1,0
297.1,308.1,1506,37.7,210,0,11.0,5945.589760624828,0.17867298578199053,0,1
297.0,308.1,1362,52.5,213,1,11.100000000000023,7487.986089831271,0.24532710280373832,1,0
297.1,308.1,1584,36.8,215,0,11.0,6104.240189631111,0.17037037037037037,1,0
297.0,308.1,1355,43.7,217,0,11.100000000000023,6200.823219777975,0.2004587155963303,1,0
297.1,308.1,1823,24.3,219,0,11.0,4638.969960070297,0.11045454545454546,0,1
297.0,308.1,1517,41.4,222,0,11.100000000000023,6576.798556584088,0.18565022421524663,0,0
297.1,308.1,1446,36.6,227,0,11.0,5542.146432050826,0.16052631578947368,1,0
297.1,308.0,1559,38.8,229,0,10.899999999999977,6334.4142113841235,0.16869565217391302,0,0
297.1,308.1,1352,44.4,0,0,11.0,6286.201236127033,44.4,0,1
297.2,308.3,1578,37.8,3,0,11.100000000000023,6246.365841279513,9.45,0,1
297.2,308.3,1429,42.0,6,0,11.100000000000023,6285.07026277174,6.0,0,1
297.2,308.3,1604,39.4,9,0,11.100000000000023,6618.03719615021,3.94,0,1
297.3,308.5,1398,60.4,12,0,11.199999999999989,8842.452346499975,4.646153846153846,1,0
297.3,308.4,1441,43.4,14,0,11.099999999999966,6549.110653330451,2.893333333333333,1,0
297.3,308.4,1531,35.6,16,0,11.099999999999966,5707.603645139889,2.0941176470588236,0,0
297.2,308.3,1379,52.1,21,0,11.100000000000023,7523.685054351565,2.368181818181818,1,0
297.3,308.3,1410,48.1,23,0,11.0,7102.198511970446,2.004166666666667,1,0
297.3,308.4,1513,40.5,25,0,11.099999999999966,6416.860074589832,1.5576923076923077,1,0
297.3,308.5,1497,47.5,27,0,11.199999999999989,7446.359987171207,1.6964285714285714,1,0
297.3,308.4,1491,46.5,29,0,11.099999999999966,7260.377702078691,1.55,1,0
297.3,308.4,1417,47.8,31,0,11.099999999999966,7092.941285617867,1.49375,1,0
297.4,308.6,1522,38.0,33,0,11.200000000000045,6056.571757100643,1.1176470588235294,0,1
297.3,308.4,1339,52.1,36,0,11.099999999999966,7305.449084682194,1.4081081081081082,1,0
297.2,308.3,1794,27.5,38,0,11.100000000000023,5166.349118828414,0.7051282051282052,0,1
297.2,308.4,1460,42.1,41,0,11.199999999999989,6436.704468185008,1.0023809523809524,1,0
297.2,308.3,1776,28.0,43,0,11.100000000000023,5207.503982590441,0.6363636363636364,0,1
297.2,308.3,1431,43.7,46,0,11.100000000000023,6548.618470481389,0.9297872340425533,0,1
297.1,308.2,1347,50.8,49,0,11.099999999999966,7165.721515426031,1.016,1,0
297.0,308.1,1507,43.1,51,0,11.100000000000023,6801.726118605607,0.8288461538461539,0,1
297.0,308.0,1408,47.9,54,0,11.0,7062.6353884862365,0.8709090909090909,0,1
297.0,307.9,1493,34.7,57,0,10.899999999999977,5425.226825459727,0.5982758620689655,0,1
296.9,307.9,1441,47.6,60,0,11.0,7182.895555265656,0.7803278688524591,0,1
296.9,307.9,1557,36.5,63,0,11.0,5951.2760433278245,0.5703125,0,0
296.9,307.9,1979,20.4,68,0,11.0,4227.704065788856,0.29565217391304344,0,1
296.9,308.0,1430,55.9,71,0,11.100000000000023,8370.983065000244,0.7763888888888889,0,1
296.9,308.0,1658,41.0,74,0,11.100000000000023,7118.639513524233,0.5466666666666666,1,0
297.0,308.1,1355,51.4,76,0,11.100000000000023,7293.4167848189445,0.6675324675324675,0,1
297.0,308.1,1410,47.6,79,0,11.100000000000023,7028.371084611086,0.595,0,0
296.9,308.0,1521,34.5,84,0,11.100000000000023,5495.1167900265855,0.40588235294117647,1,0
296.8,308.0,1371,54.5,86,0,11.199999999999989,7824.607742663418,0.6264367816091954,1,0
296.9,308.0,1318,53.5,88,0,11.100000000000023,7384.104092752568,0.601123595505618,0,0
297.0,308.1,1573,34.9,93,0,11.100000000000023,5748.873700632546,0.37127659574468086,0,1
297.0,308.1,1489,44.1,96,0,11.100000000000023,6876.412247956947,0.45463917525773195,1,0
297.0,308.1,2540,13.3,98,0,11.100000000000023,3537.642767452346,0.13434343434343435,0,0
297.0,308.1,1537,39.0,103,0,11.100000000000023,6277.216281137767,0.375,1,0
296.9,308.0,1416,46.9,105,0,11.100000000000023,6954.480825398654,0.44245283018867926,0,0
296.9,307.9,1359,56.5,110,0,11.0,8040.749317230396,0.509009009009009,1,0
296.8,307.8,1551,38.9,112,0,11.0,6318.151233414042,0.34424778761061947,0,1
296.8,307.8,1694,33.0,115,0,11.0,5854.043750699221,0.28448275862068967,0,1
296.8,307.9,1709,28.4,118,0,11.099999999999966,5082.636146585759,0.23865546218487393,1,0
296.9,308.0,1514,41.0,120,0,11.100000000000023,6500.37407929776,0.33884297520661155,1,0
297.0,308.1,1455,43.5,122,0,11.100000000000023,6627.975100911066,0.35365853658536583,1,0
297.0,308.2,1702,30.7,124,0,11.199999999999989,5471.753812659391,0.24559999999999998,0,1
296.9,308.1,1357,41.8,127,0,11.200000000000045,5939.976781750413,0.3265625,0,1
297.0,308.2,1577,29.4,130,0,11.199999999999989,4855.205782416881,0.22442748091603051,1,0
297.0,308.3,1399,46.4,132,0,11.300000000000011,6797.736295935547,0.34887218045112783,0,1
297.0,308.3,1399,59.0,135,0,11.300000000000011,8643.673307331837,0.4338235294117647,1,0
297.0,308.3,1492,48.1,137,0,11.300000000000011,7515.234170113407,0.34855072463768116,1,0
297.1,308.3,1763,25.7,139,0,11.199999999999989,4744.757856692177,0.18357142857142858,1,0
297.1,308.3,1492,41.5,141,0,11.199999999999989,6484.037797499093,0.29225352112676056,0,0
297.1,308.4,1488,42.5,146,0,11.299999999999955,6622.477313767284,0.2891156462585034,1,0
297.1,308.4,1422,42.1,148,0,11.299999999999955,6269.173803944575,0.2825503355704698,1,0
297.1,308.4,1583,38.2,150,0,11.299999999999955,6332.466423938899,0.25298013245033113,0,1
297.1,308.4,1304,53.5,153,0,11.299999999999955,7305.668996167945,0.3474025974025974,1,0
297.1,308.4,1880,23.5,155,0,11.299999999999955,4626.518781186569,0.15064102564102563,0,1
297.2,308.5,1604,40.7,158,0,11.300000000000011,6836.398829525725,0.2559748427672956,0,1
297.2,308.6,1500,37.1,161,0,11.400000000000034,5827.654372409067,0.22901234567901235,1,0
297.2,308.5,1364,55.6,163,0,11.300000000000011,7941.778676666805,0.33902439024390246,0,1
297.2,308.5,2440,14.0,166,0,11.300000000000011,3577.226834887578,0.08383233532934131,0,0
297.1,308.4,1654,31.4,171,0,11.299999999999955,5438.683313992601,0.1825581395348837,0,0
297.1,308.4,1359,46.6,176,0,11.299999999999955,6631.8392598749815,0.2632768361581921,0,0
297.1,308.4,1502,37.3,181,0,11.299999999999955,5866.882392676889,0.20494505494505494,0,1
297.1,308.4,1615,32.6,184,0,11.299999999999955,5513.390387294968,0.17621621621621622,0,1
297.2,308.5,1482,39.3,187,0,11.300000000000011,6099.150809532297,0.20904255319148934,0,0
297.2,308.6,1636,31.3,192,0,11.400000000000034,5362.363556461394,0.1621761658031088,1,0
297.1,308.5,1621,32.4,194,0,11.399999999999977,5499.923426786579,0.16615384615384615,0,1
297.1,308.4,1468,44.4,197,0,11.299999999999955,6825.549862895328,0.22424242424242424,1,0
297.1,308.4,1432,53.4,199,0,11.299999999999955,8007.794010294238,0.267,0,1
297.1,308.4,1726,28.4,202,0,11.299999999999955,5133.19484435753,0.1399014778325123,1,0
297.1,308.4,1588,33.4,204,0,11.299999999999955,5554.252035742658,0.1629268292682927,0,1
297.2,308.5,1653,33.3,207,0,11.300000000000011,5764.28844858616,0.16009615384615383,0,0
297.2,308.5,1513,42.9,212,0,11.300000000000011,6797.11844938034,0.20140845070422533,1,0
297.2,308.6,1489,40.2,214,0,11.400000000000034,6268.29415800157,0.1869767441860465,1,0
297.3,308.7,1467,36.8,216,0,11.399999999999977,5653.358811987904,0.1695852534562212,1,0
297.3,308.7,1549,36.1,218,0,11.399999999999977,5855.813514560743,0.16484018264840183,1,0
297.4,308.8,1359,48.7,220,0,11.400000000000034,6930.6989690109785,0.22036199095022627,0,1
297.5,308.8,1533,41.5,223,0,11.300000000000011,6662.2184608351945,0.18526785714285715,1,0
297.5,308.8,1309,57.3,0,0,11.300000000000011,7854.578536578664,57.3,1,0
297.5,308.8,1430,49.4,2,0,11.300000000000011,7397.612941163006,16.466666666666665,0,0
297.5,308.9,1419,50.7,7,0,11.399999999999977,7533.8847585002195,6.3375,0,0
297.5,308.9,1535,37.7,12,0,11.399999999999977,6060.079868897151,2.9000000000000004,0,1
297.5,308.9,1466,43.0,15,0,11.399999999999977,6601.3239232331125,2.6875,1,0
297.5,308.9,1427,50.4,17,0,11.399999999999977,7531.5285640100265,2.8,1,0
297.5,308.9,1280,48.5,19,0,11.399999999999977,6501.002397828478,2.425,0,1
297.6,309.0,1528,33.8,22,0,11.399999999999977,5408.398360811996,1.4695652173913043,1,0
297.6,309.0,1885,25.2,24,0,11.399999999999977,4974.397807694078,1.008,0,0
297.8,309.2,1648,33.0,29,0,11.399999999999977,5695.079162427576,1.1,0,0
297.8,309.2,1400,56.9,34,0,11.399999999999977,8341.975692832095,1.6257142857142857,1,0
297.8,309.3,2243,15.7,36,0,11.5,3687.7166485143307,0.4243243243243243,0,1
297.9,309.4,1558,35.7,39,0,11.5,5824.5756116085495,0.8925000000000001,1,0
298.0,309.6,1633,34.8,41,0,11.600000000000023,5951.056131842073,0.8285714285714285,1,0
298.1,309.6,1549,38.7,43,0,11.5,6277.56185632966,0.8795454545454546,0,1
298.0,309.5,1496,45.8,46,0,11.5,7175.0625175827045,0.9744680851063829,1,0
298.1,309.5,1467,41.8,48,0,11.399999999999977,6421.478215790608,0.8530612244897958,1,0
298.0,309.4,1276,65.9,50,0,11.399999999999977,8805.716656403998,1.2921568627450981,0,1
298.0,309.4,1490,40.5,53,0,11.399999999999977,6319.313622695869,0.75,0,0
298.0,309.4,1562,38.1,58,0,11.399999999999977,6232.103010632217,0.6457627118644068,0,0
298.1,309.4,1397,48.2,63,0,11.299999999999955,7051.346598884338,0.753125,1,0
298.1,309.5,1530,40.2,65,0,11.399999999999977,6440.893258389794,0.6090909090909091,0,0
298.1,309.4,1362,47.6,70,0,11.299999999999955,6789.107388113686,0.6704225352112676,0,1
298.2,309.4,1693,34.4,73,0,11.199999999999989,6098.794762364889,0.46486486486486484,0,1
298.2,309.4,1408,46.5,76,0,11.199999999999989,6856.211807194363,0.6038961038961039,0,1
298.2,309.4,1398,52.9,79,0,11.199999999999989,7744.465714070343,0.66125,1,0
298.3,309.6,1531,40.1,81,0,11.300000000000011,6429.070398036785,0.48902439024390243,0,1
298.3,309.5,1521,37.1,84,0,11.199999999999989,5909.241533622792,0.4364705882352941,0,0
298.3,309.5,1427,54.3,89,0,11.199999999999989,8114.325417177469,0.6033333333333333,0,0
298.3,309.4,1546,36.1,94,0,11.099999999999966,5844.472365081283,0.38,1,0
298.3,309.4,1356,45.4,96,0,11.099999999999966,6446.799452578542,0.46804123711340206,1,0
298.4,309.5,2153,15.3,98,1,11.100000000000023,3449.5629814212007,0.15454545454545454,1,0
298.5,309.6,1492,41.7,100,0,11.100000000000023,6515.2861724268005,0.4128712871287129,0,1
298.5,309.6,1582,40.3,103,0,11.100000000000023,6676.36609975186,0.38749999999999996,1,0
298.5,309.6,1419,41.5,105,0,11.100000000000023,6166.789299364084,0.3915094339622642,1,0
298.5,309.6,1441,48.2,107,0,11.100000000000023,7273.436255542114,0.4462962962962963,0,1
298.6,309.7,1635,32.2,110,0,11.099999999999966,5513.180947784728,0.2900900900900901,0,1
298.6,309.7,1429,45.8,113,0,11.099999999999966,6853.719477022517,0.40175438596491225,1,0
298.6,309.7,1675,28.4,115,0,11.099999999999966,4981.518751042216,0.24482758620689654,0,1
298.7,309.7,1868,23.8,118,0,11.0,4655.672761011882,0.2,0,1
298.7,309.8,1582,33.4,121,0,11.100000000000023,5533.2661968166785,0.27377049180327867,0,0
298.8,309.9,1486,40.3,126,0,11.099999999999966,6271.22631114492,0.3173228346456693,1,0
298.7,309.8,1402,54.3,128,0,11.100000000000023,7972.168349602531,0.4209302325581395,1,0
298.7,309.9,1621,34.1,130,0,11.199999999999989,5788.499655969826,0.2603053435114504,1,0
298.8,309.9,1428,42.4,132,0,11.099999999999966,6340.487957181063,0.318796992481203,1,0
298.7,309.8,1343,53.6,134,0,11.100000000000023,7538.230628337684,0.397037037037037,0,1
298.7,309.9,1458,40.2,137,0,11.199999999999989,6137.792399171451,0.291304347826087,0,1
298.7,309.8,1322,57.0,140,0,11.100000000000023,7891.052427286843,0.40425531914893614,1,0
298.7,309.9,1483,32.8,142,0,11.199999999999989,5093.820216432538,0.22937062937062935,1,0
298.6,309.8,1505,45.7,144,0,11.199999999999989,7202.46767749752,0.31517241379310346,1,0
298.7,309.9,1593,42.5,146,0,11.199999999999989,7089.789220988765,0.2891156462585034,1,0
298.8,310.0,2098,19.6,148,0,11.199999999999989,4306.160106324505,0.13154362416107385,1,0
298.8,310.0,1672,30.4,150,0,11.199999999999989,5322.779489026163,0.20132450331125826,1,0
298.8,310.0,1487,41.4,152,0,11.199999999999989,6446.736620725471,0.27058823529411763,1,0
298.8,310.0,1423,42.1,154,0,11.199999999999989,6273.582505635114,0.27161290322580645,1,0
298.9,310.1,1750,25.0,156,0,11.200000000000045,4581.4892864851145,0.1592356687898089,1,0
298.9,310.2,1654,31.1,158,0,11.300000000000011,5386.721371502226,0.19559748427672957,1,0
298.9,310.2,1498,50.2,160,0,11.300000000000011,7874.8836970963675,0.31180124223602484,1,0
298.9,310.1,1587,30.2,162,0,11.200000000000045,5018.945591521981,0.1852760736196319,1,0
298.9,310.1,1473,42.6,164,0,11.200000000000045,6571.143689807627,0.2581818181818182,1,0
298.9,310.2,1359,56.9,166,0,11.300000000000011,8097.674976113442,0.3407185628742515,1,0
299.0,310.3,1635,34.5,168,0,11.300000000000011,5906.979586912208,0.20414201183431951,0,1
299.0,310.3,1520,45.0,171,0,11.300000000000011,7162.8312501847295,0.2616279069767442,1,0
299.0,310.3,1507,36.7,173,0,11.300000000000011,5791.725024427512,0.21091954022988507,1,0
299.0,310.3,1428,46.3,175,0,11.300000000000011,6923.693217393473,0.2630681818181818,1,0
299.0,310.3,1582,33.3,177,0,11.300000000000011,5516.699531556748,0.18707865168539325,0,1
299.0,310.3,1929,24.4,180,0,11.300000000000011,4928.907546070098,0.13480662983425415,1,0
299.0,310.3,1540,38.1,182,0,11.300000000000011,6144.3269118909175,0.20819672131147543,0,1
298.9,310.2,1362,53.0,185,0,11.300000000000011,7559.300243067759,0.2849462365591398,1,0
298.9,310.1,1452,49.9,187,0,11.200000000000045,7587.448913243925,0.2654255319148936,0,0
298.9,310.1,1361,51.7,192,0,11.200000000000045,7368.469433313206,0.2678756476683938,1,0
298.8,310.1,1243,74.5,194,1,11.300000000000011,9697.415843223414,0.382051282051282,0,1
298.8,310.1,1567,36.8,197,0,11.300000000000011,6038.727510828252,0.18585858585858583,0,0
298.9,310.2,1411,46.5,202,0,11.300000000000011,6870.820213033557,0.229064039408867,1,0
298.8,310.2,1814,26.8,204,0,11.399999999999977,5090.971839093284,0.13073170731707318,1,0
298.8,310.1,1719,28.8,206,0,11.300000000000011,5184.381860660021,0.1391304347826087,0,1
298.8,310.2,1663,30.4,209,0,11.399999999999977,5294.128164025424,0.14476190476190476,0,0
298.9,310.2,1696,30.2,214,0,11.300000000000011,5363.662081424878,0.14046511627906977,1,0
298.9,310.2,1771,26.8,216,0,11.300000000000011,4970.292793293388,0.12350230414746544,0,0
299.0,310.3,1868,24.0,221,0,11.300000000000011,4694.796061524587,0.10810810810810811,1,0
299.0,310.3,1558,35.4,223,0,11.300000000000011,5775.62959806562,0.15803571428571428,0,1
299.0,310.4,1365,49.1,226,1,11.399999999999977,7018.475067752277,0.21629955947136564,1,0
299.0,310.4,1371,53.8,228,1,11.399999999999977,7724.108193675081,0.23493449781659387,1,0
298.9,310.3,1583,32.6,230,0,11.400000000000034,5404.146738754139,0.14112554112554113,1,0
298.7,310.2,1613,36.0,0,0,11.5,6080.866740288404,36.0,0,0
298.6,310.1,1721,27.2,5,0,11.5,4902.057400857418,4.533333333333333,1,0
298.6,310.2,1668,31.5,7,0,11.599999999999966,5502.185373497164,3.9375,0,1
298.6,310.2,1569,36.3,10,0,11.599999999999966,5964.282236913686,3.3,1,0
298.6,310.2,1328,50.5,12,0,11.599999999999966,7022.925657344864,3.8846153846153846,0,1
298.6,310.1,1596,33.0,15,0,11.5,5515.380062642241,2.0625,0,1
298.5,310.2,1676,32.7,18,0,11.699999999999989,5739.1871232839785,1.7210526315789476,1,0
298.5,310.1,1809,28.9,20,0,11.600000000000023,5474.759269631325,1.3761904761904762,1,0
298.5,310.0,1804,26.1,22,0,11.5,4930.666837956109,1.1347826086956523,1,0
298.6,310.1,1533,33.9,24,0,11.5,5442.149537887062,1.3559999999999999,1,0
298.7,310.2,1717,27.3,26,0,11.5,4908.6442734544435,1.011111111111111,1,0
298.7,310.2,1363,45.5,28,0,11.5,6494.35269337838,1.5689655172413792,1,0
298.7,310.2,1402,45.9,30,0,11.5,6738.904737509321,1.4806451612903226,1,0
298.7,310.2,1436,47.5,32,0,11.5,7142.934496711993,1.4393939393939394,1,0
298.7,310.2,1525,43.7,34,0,11.5,6978.786280561927,1.2485714285714287,1,0
298.7,310.2,1598,33.3,36,0,11.5,5572.494217084502,0.8999999999999999,0,1
298.6,310.1,1444,48.1,39,0,11.5,7273.457199493136,1.2025000000000001,0,1
298.6,310.0,1334,48.0,42,0,11.399999999999977,6705.415359822055,1.1162790697674418,1,0
298.6,310.0,1681,35.5,44,0,11.399999999999977,6249.203746643256,0.7888888888888889,0,1
298.6,309.9,1593,37.4,47,0,11.299999999999955,6239.014514470113,0.7791666666666667,1,0
298.6,309.9,1461,45.7,49,0,11.299999999999955,6991.897193902908,0.914,1,0
298.7,310.1,1693,31.9,51,0,11.400000000000034,5655.568398820928,0.6134615384615384,0,1
298.7,310.2,1404,50.3,54,0,11.5,7395.4347702565165,0.9145454545454544,1,0
298.8,310.2,1707,27.6,56,0,11.399999999999977,4933.682766903555,0.4842105263157895,0,0
298.6,310.1,1458,41.9,61,0,11.5,6397.350784211038,0.6758064516129032,0,1
298.6,310.0,1517,41.2,64,0,11.399999999999977,6545.026582880784,0.6338461538461538,1,0
298.7,310.1,1433,54.6,66,0,11.400000000000034,8193.462136121396,0.8149253731343283,1,0
298.7,310.2,1566,33.1,68,0,11.5,5428.1066187255165,0.4797101449275363,1,0
298.7,310.1,1676,33.5,70,0,11.400000000000034,5879.595370948417,0.47183098591549294,1,0
298.7,310.1,1368,56.8,72,0,11.400000000000034,8136.97630020985,0.7780821917808218,0,1
298.8,310.2,1581,37.5,75,0,11.399999999999977,6208.572481656829,0.4934210526315789,0,1
298.8,310.3,1708,27.1,78,0,11.5,4847.1423612726685,0.3430379746835443,0,0
298.7,310.3,1481,41.5,83,0,11.600000000000023,6436.23322928697,0.49404761904761907,0,1
298.7,310.3,1451,40.0,86,0,11.600000000000023,6077.934587145053,0.45977011494252873,1,0
298.7,310.3,1495,38.7,88,0,11.600000000000023,6058.718512080595,0.43483146067415734,0,1
298.8,310.3,1573,41.8,91,0,11.5,6885.470506774797,0.4543478260869565,0,1
298.8,310.3,1366,59.0,94,0,11.5,8439.78394411386,0.6210526315789474,0,1
298.8,310.3,1553,36.8,97,0,11.5,5984.775892990603,0.3755102040816326,1,0
298.8,310.3,1528,37.1,99,0,11.5,5936.437254027369,0.371,0,1
298.8,310.2,1527,31.2,102,0,11.399999999999977,4989.100461312878,0.3029126213592233,0,1
298.8,310.2,1461,46.7,105,0,11.399999999999977,7144.892756132731,0.44056603773584907,1,0
298.8,310.2,1455,44.9,107,0,11.399999999999977,6841.289242089812,0.41574074074074074,0,0
298.7,310.1,1620,34.8,112,0,11.400000000000034,5903.680914625938,0.3079646017699115,1,0
298.7,310.1,1786,27.7,114,0,11.400000000000034,5180.716669230832,0.2408695652173913,1,0
298.8,310.2,1583,35.7,116,0,11.399999999999977,5918.037993052845,0.30512820512820515,0,1
298.8,310.1,1653,30.3,119,0,11.300000000000011,5244.983182947767,0.2525,1,0
298.9,310.2,1331,49.0,121,0,11.300000000000011,6829.717709149089,0.4016393442622951,0,1
298.9,310.3,1484,43.8,124,0,11.400000000000034,6806.700306973788,0.3504,1,0
298.9,310.2,1603,36.1,126,0,11.300000000000011,6059.9542051910075,0.284251968503937,0,1
298.9,310.2,1445,40.0,129,0,11.300000000000011,6052.801845916334,0.3076923076923077,1,0
298.9,310.1,1823,26.1,131,0,11.200000000000045,4982.597364519948,0.19772727272727275,1,0
298.9,310.1,1491,45.3,133,0,11.200000000000045,7073.013116218595,0.3380597014925373,0,0
298.9,310.2,1533,42.8,138,0,11.300000000000011,6870.914460813164,0.3079136690647482,1,0
298.9,310.2,1409,54.8,140,0,11.300000000000011,8085.747396005313,0.38865248226950355,1,0
298.9,310.2,2737,8.8,142,1,11.300000000000011,2522.2381339100775,0.06153846153846154,1,0
299.0,310.3,1494,46.6,144,0,11.300000000000011,7290.631239332762,0.3213793103448276,0,1
299.1,310.4,1594,33.3,147,0,11.299999999999955,5558.545545702565,0.22499999999999998,1,0
299.1,310.4,1527,44.0,149,0,11.299999999999955,7035.9109069797,0.29333333333333333,1,0
299.1,310.4,1452,39.7,151,0,11.299999999999955,6036.507452019717,0.2611842105263158,1,0
299.0,310.3,1483,39.2,153,0,11.300000000000011,6087.736356224253,0.2545454545454546,1,0
299.1,310.2,1569,38.2,155,0,11.099999999999966,6276.462298900905,0.2448717948717949,1,0
299.1,310.3,1472,46.6,157,0,11.199999999999989,7183.272546384085,0.2949367088607595,1,0
299.0,310.2,1533,43.5,159,0,11.199999999999989,6983.289230032071,0.271875,1,0
298.9,310.1,1366,62.7,161,0,11.200000000000045,8969.058530439645,0.38703703703703707,0,0
298.9,310.2,1532,37.7,166,0,11.300000000000011,6048.236064593118,0.225748502994012,0,0
298.9,310.1,1313,56.8,171,0,11.200000000000045,7809.8317852160335,0.3302325581395349,0,1
299.0,310.2,1372,48.0,174,0,11.199999999999989,6896.424193160315,0.2742857142857143,1,0
298.9,310.1,1555,40.6,176,0,11.200000000000045,6611.272299969481,0.22937853107344633,0,1
298.9,310.1,1394,42.7,179,0,11.200000000000045,6233.317759791605,0.23722222222222225,1,0
298.9,310.1,1442,48.0,181,0,11.200000000000045,7248.282570362371,0.26373626373626374,1,0
298.9,310.0,1564,33.8,183,0,11.100000000000023,5535.821358841598,0.18369565217391304,1,0
298.9,310.0,1452,48.9,185,0,11.100000000000023,7435.3958288101785,0.2629032258064516,1,0
298.9,310.1,1466,42.5,187,0,11.200000000000045,6524.564342730401,0.22606382978723405,1,0
298.9,310.1,1469,53.2,189,0,11.200000000000045,8183.9326384055075,0.28,0,1
298.9,310.1,1944,23.4,192,0,11.200000000000045,4763.659772491275,0.12124352331606217,1,0
298.8,309.9,1415,53.2,194,0,11.099999999999966,7883.093725897748,0.27282051282051284,0,1
298.7,309.8,1528,36.7,197,0,11.100000000000023,5872.432539698233,0.18535353535353538,0,1
298.7,309.8,1570,42.1,200,0,11.100000000000023,6921.661654144153,0.20945273631840797,0,1
298.7,309.9,1617,33.0,203,0,11.199999999999989,5587.9508529401655,0.16176470588235295,1,0
298.7,309.9,2083,18.2,205,0,11.199999999999989,3969.9887484393735,0.08834951456310679,0,1
298.7,309.9,1541,38.5,208,0,11.199999999999989,6212.865991616734,0.18421052631578946,1,0
298.8,309.9,1320,47.4,210,0,11.099999999999966,6552.1056383268715,0.22464454976303316,1,0
298.7,309.8,1354,53.3,212,1,11.100000000000023,7557.43623142663,0.25023474178403754,1,0
298.8,309.9,1495,35.2,214,0,11.099999999999966,5510.772393416976,0.16372093023255815,0,1
298.7,309.8,1589,31.8,217,0,11.100000000000023,5291.510170147433,0.14587155963302753,1,0
298.7,309.8,1530,35.5,0,0,11.100000000000023,5687.85349932432,35.5,1,0
298.7,309.8,1539,33.4,2,0,11.100000000000023,5382.867684513823,11.133333333333333,1,0
298.7,309.7,1462,46.8,4,0,11.0,7165.093196895313,9.36,1,0
298.6,309.7,1356,54.0,6,0,11.099999999999966,7667.9993488819655,7.714285714285714,1,0
298.7,309.7,1622,34.6,8,0,11.0,5876.99832102145,3.8444444444444446,0,1
298.7,309.8,1394,40.3,11,0,11.100000000000023,5882.967347063271,3.358333333333333,1,0
298.8,309.9,1568,33.7,13,0,11.099999999999966,5533.559412131014,2.4071428571428575,1,0
298.9,310.0,1456,43.8,15,0,11.100000000000023,6678.271999295039,2.7375,0,1
298.9,310.0,1378,49.3,18,0,11.100000000000023,7114.178451956133,2.594736842105263,1,0
298.9,309.9,1404,41.4,20,0,11.0,6086.898598183296,1.9714285714285713,0,1
298.8,309.8,1437,42.8,23,0,11.0,6440.6419309775065,1.7833333333333332,1,0
298.8,309.8,1363,44.0,25,0,11.0,6280.253154036236,1.6923076923076923,1,0
298.8,309.8,1377,49.6,27,0,11.0,7152.2754988686675,1.7714285714285716,0,1
298.8,309.9,1526,42.1,30,0,11.099999999999966,6727.678779760496,1.3580645161290323,0,0
298.8,309.8,1510,44.2,35,0,11.0,6989.205896196332,1.2277777777777779,0,0
298.8,309.9,1439,45.2,40,1,11.099999999999966,6811.266088297007,1.102439024390244,0,0
298.8,309.9,1482,39.1,45,0,11.099999999999966,6068.11187411483,0.85,1,0
298.8,309.8,1534,37.0,47,0,11.0,5943.683861081649,0.7708333333333334,0,1
298.8,309.9,1741,27.7,50,0,11.099999999999966,5050.183494474177,0.5431372549019607,0,1
298.8,309.9,1550,38.8,53,0,11.099999999999966,6297.846072896338,0.7185185185185184,1,0
298.8,310.0,1486,38.5,55,0,11.199999999999989,5991.121910150855,0.6875,0,1
298.9,310.1,1602,38.2,58,0,11.200000000000045,6408.472022204748,0.6474576271186441,1,0
299.0,310.2,1477,37.9,60,0,11.199999999999989,5862.03386801485,0.621311475409836,1,0
299.0,310.1,1618,29.2,62,0,11.100000000000023,4947.547662481397,0.46349206349206346,1,0
299.0,310.2,1628,35.8,64,0,11.199999999999989,6103.318655786059,0.5507692307692307,0,1
299.0,310.3,1662,33.6,67,0,11.300000000000011,5847.886229098184,0.49411764705882355,0,1
299.0,310.3,1657,31.0,70,0,11.300000000000011,5379.139661231564,0.43661971830985913,0,1
299.0,310.4,1677,30.8,73,0,11.399999999999977,5408.942903538619,0.41621621621621624,0,0
299.0,310.3,1447,39.9,78,0,11.300000000000011,6046.026477760092,0.5050632911392405,0,1
298.9,310.4,1831,25.4,81,0,11.5,4870.243539252065,0.3097560975609756,1,0
299.0,310.3,1584,34.4,83,0,11.300000000000011,5706.137568568212,0.4095238095238095,1,0
299.1,310.4,1450,40.9,85,0,11.299999999999955,6210.4050773714225,0.4755813953488372,1,0
299.1,310.4,1428,46.9,87,0,11.299999999999955,7013.417103579997,0.5329545454545455,1,0
299.0,310.4,1382,53.0,89,0,11.399999999999977,7670.3031834946,0.5888888888888889,1,0
299.0,310.3,1501,43.0,91,0,11.300000000000011,6758.927154688202,0.4673913043478261,1,0
299.0,310.3,1475,42.4,93,0,11.300000000000011,6549.173485183522,0.451063829787234,1,0
298.9,310.3,1364,54.0,95,0,11.400000000000034,7713.238283093659,0.5625,1,0
299.0,310.3,1472,36.1,97,0,11.300000000000011,5564.724011254624,0.36836734693877554,1,0
299.0,310.3,1437,47.8,99,0,11.300000000000011,7193.053371512262,0.478,1,0
298.9,310.2,1491,45.1,101,0,11.300000000000011,7041.785685241914,0.4421568627450981,1,0
298.9,310.2,1706,27.6,103,0,11.300000000000011,4930.792501662252,0.2653846153846154,1,0
298.8,310.1,1607,39.5,105,0,11.300000000000011,6647.243535853084,0.37264150943396224,1,0
298.8,310.0,1412,46.3,107,0,11.199999999999989,6846.116822800829,0.4287037037037037,1,0
298.7,309.8,1546,40.9,109,0,11.100000000000023,6621.576723873253,0.3718181818181818,1,0
298.7,309.8,1365,50.5,111,0,11.100000000000023,7218.594519785947,0.45089285714285715,1,0
298.6,309.8,1544,30.2,113,0,11.199999999999989,4882.956517523591,0.2649122807017544,1,0
298.6,309.8,1419,44.9,115,0,11.199999999999989,6672.020229914395,0.38706896551724135,0,1
298.6,309.8,1497,41.6,118,0,11.199999999999989,6521.443694027836,0.34957983193277314,1,0
298.5,309.7,1437,42.6,120,0,11.199999999999989,6410.545473356117,0.35206611570247937,1,0
298.5,309.6,1421,53.6,122,0,11.100000000000023,7976.042980541959,0.43577235772357725,1,0
298.5,309.6,1438,44.5,124,0,11.100000000000023,6701.121849862148,0.356,0,1
298.5,309.5,1315,48.9,127,0,11.0,6733.846773337042,0.38203125,0,1
298.5,309.5,1366,61.9,130,0,11.0,8854.62078204488,0.4725190839694656,0,1
298.4,309.5,1519,35.4,133,0,11.100000000000023,5631.053504147417,0.26417910447761195,0,1
298.4,309.5,1692,28.3,136,0,11.100000000000023,5014.3588662477405,0.20656934306569344,1,0
298.3,309.4,1570,35.6,138,0,11.099999999999966,5852.996553148025,0.2561151079136691,1,0
298.3,309.4,1568,35.8,140,0,11.099999999999966,5878.380621789029,0.25390070921985813,1,0
298.2,309.3,1355,43.8,142,0,11.100000000000023,6215.012746596688,0.3062937062937063,1,0
298.2,309.3,2056,18.7,144,0,11.100000000000023,4026.181369036583,0.1289655172413793,0,1
298.2,309.2,1332,60.2,147,0,11.0,8397.100171927086,0.40675675675675677,0,1
298.1,309.1,1448,52.5,150,0,11.0,7960.795784196536,0.347682119205298,0,1
298.0,308.9,1578,35.6,153,0,10.899999999999977,5882.820739406103,0.2311688311688312,1,0
298.0,309.0,1562,39.2,155,0,11.0,6412.032493878816,0.2512820512820513,0,1
298.1,309.0,1976,19.3,158,0,10.899999999999977,3993.676357047441,0.12138364779874214,0,1
298.2,309.2,1524,34.6,161,0,11.0,5521.914575361708,0.21358024691358027,0,1
298.2,309.1,1429,48.5,164,0,10.900000000000034,7257.7597082007005,0.29393939393939394,1,0
298.2,309.1,1568,36.3,166,0,10.900000000000034,5960.480909802842,0.21736526946107781,1,0
298.2,309.0,1723,26.6,168,0,10.800000000000011,4799.494872693223,0.15739644970414202,0,1
298.2,309.0,1341,43.8,171,0,10.800000000000011,6150.798592757313,0.25465116279069766,1,0
298.1,308.9,1353,46.2,173,0,10.799999999999955,6545.885284872765,0.2655172413793104,0,1
298.0,308.7,1479,58.5,176,1,10.699999999999989,9060.510292585643,0.3305084745762712,0,1
298.0,308.8,1496,44.9,179,0,10.800000000000011,7034.067839289594,0.24944444444444444,1,0
298.0,308.7,1377,48.5,181,0,10.699999999999989,6993.656485788918,0.2664835164835165,0,1
297.9,308.5,1383,44.6,184,0,10.600000000000023,6459.30299133983,0.2410810810810811,0,0
298.0,308.7,1268,69.4,189,1,10.699999999999989,9215.254674725966,0.36526315789473685,1,0
298.0,308.7,1629,34.3,191,0,10.699999999999989,5851.184901384453,0.1786458333333333,1,0
298.0,308.8,1790,27.2,193,0,10.800000000000011,5098.595437265995,0.1402061855670103,1,0
298.1,308.8,2206,16.3,195,0,10.699999999999989,3765.492010641702,0.08316326530612245,0,1
298.0,308.7,2101,17.4,198,0,10.699999999999989,3828.28197581145,0.08743718592964823,0,1
298.0,308.7,1436,48.2,201,0,10.699999999999989,7248.198794558275,0.23861386138613863,0,1
298.0,308.7,1462,48.2,204,0,10.699999999999989,7379.433591674234,0.2351219512195122,1,0
298.0,308.7,1771,26.2,206,0,10.699999999999989,4859.017581503237,0.12657004830917873,1,0
298.0,308.7,1506,47.0,208,0,10.699999999999989,7412.273706879759,0.22488038277511962,1,0
298.0,308.7,1626,36.7,210,0,10.699999999999989,6249.0676109616015,0.17393364928909955,1,0
298.0,308.8,1610,33.7,212,0,10.800000000000011,5681.77975352738,0.15821596244131456,1,0
298.0,308.6,1376,55.7,214,0,10.600000000000023,8026.057135587108,0.2590697674418605,0,1
298.0,308.6,1507,37.3,217,0,10.600000000000023,5886.412627006708,0.17110091743119266,0,1
298.0,308.5,1429,37.7,220,1,10.5,5641.598783487967,0.17058823529411765,1,0
298.1,308.7,1547,38.9,0,0,10.599999999999966,6301.856839517421,38.9,0,1
298.1,308.7,1642,30.3,3,0,10.599999999999966,5210.080088566384,7.575,1,0
298.0,308.7,1503,36.3,5,0,10.699999999999989,5713.394647598005,6.05,0,0
298.1,308.7,1568,32.9,10,0,10.599999999999966,5402.198951308912,2.9909090909090907,1,0
298.1,308.8,1628,37.6,12,0,10.699999999999989,6410.189426188711,2.8923076923076922,0,1
298.2,308.9,1614,35.5,15,0,10.699999999999989,6000.127809091146,2.21875,0,1
298.2,308.9,1278,54.0,18,0,10.699999999999989,7226.91974031796,2.8421052631578947,1,0
298.2,308.9,1408,38.8,20,0,10.699999999999989,5720.88211008906,1.8476190476190475,0,1
298.2,309.0,1371,55.7,23,0,10.800000000000011,7996.892683786283,2.3208333333333333,0,0
298.2,308.9,1512,38.5,28,0,10.699999999999989,6095.946385025635,1.3275862068965518,0,1
298.3,309.1,1472,40.1,31,0,10.800000000000011,6181.313929399181,1.253125,1,0
298.2,308.9,1585,34.3,33,0,10.699999999999989,5693.141846957862,1.0088235294117647,0,1
298.2,309.0,1562,37.7,36,0,10.800000000000011,6166.674107633454,1.018918918918919,0,0
298.3,309.0,1519,36.9,41,0,10.699999999999989,5869.657466187562,0.8785714285714286,1,0
298.2,309.0,1601,35.8,43,0,10.800000000000011,6002.096540487395,0.8136363636363636,1,0
298.2,309.0,2449,13.8,45,0,10.800000000000011,3539.1297879750455,0.3,1,0
298.1,309.0,1787,27.6,47,0,10.899999999999977,5164.903986207763,0.5750000000000001,1,0
298.1,309.1,1425,44.5,49,0,11.0,6640.541471525424,0.89,0,0
298.1,309.0,1559,34.0,54,0,10.899999999999977,5550.775339872685,0.6181818181818182,1,0
298.1,309.0,1557,36.0,56,0,10.899999999999977,5869.751713967169,0.631578947368421,1,0
298.1,309.0,1497,40.5,58,0,10.899999999999977,6349.0016732722925,0.6864406779661016,1,0
298.1,309.0,1438,41.4,60,0,10.899999999999977,6234.3021254897285,0.6786885245901639,0,0
298.1,308.9,1417,39.2,65,0,10.799999999999955,5816.80540577867,0.593939393939394,0,1
298.0,308.9,1339,51.4,68,0,10.899999999999977,7207.295258208536,0.744927536231884,0,1
298.0,308.8,1757,29.1,71,0,10.800000000000011,5354.184943586549,0.4041666666666667,1,0
298.0,308.8,1581,36.1,73,0,10.800000000000011,5976.7857756749745,0.48783783783783785,1,0
298.2,308.9,1326,54.4,75,0,10.699999999999989,7553.8967037035845,0.7157894736842105,0,1
298.4,309.1,1467,39.6,78,0,10.700000000000045,6083.505678117419,0.5012658227848101,0,1
298.4,309.1,1798,29.6,81,0,10.700000000000045,5573.26914327239,0.3609756097560976,1,0
298.5,309.2,1449,46.4,83,0,10.699999999999989,7040.686127813158,0.5523809523809524,0,1
298.4,309.1,1525,39.3,86,0,10.700000000000045,6276.116723709009,0.45172413793103444,0,1
298.4,309.0,2304,15.1,89,0,10.600000000000023,3643.242168515011,0.16777777777777778,1,0
298.3,308.9,1379,54.7,91,0,10.599999999999966,7899.147264357593,0.5945652173913044,1,0
298.4,308.9,1628,34.9,93,0,10.5,5949.8832705847335,0.37127659574468086,1,0
298.4,309.0,1474,52.7,95,0,10.600000000000023,8134.609633744149,0.5489583333333333,1,0
298.4,309.0,1544,38.8,97,0,10.600000000000023,6273.467313904482,0.39591836734693875,0,1
298.4,308.9,1391,48.4,100,0,10.5,7050.194681578023,0.4792079207920792,1,0
298.3,308.9,1348,55.5,102,0,10.599999999999966,7834.503759522227,0.5388349514563107,1,0
298.3,308.8,1349,52.1,104,0,10.5,7360.0080770995355,0.4961904761904762,0,1
298.4,308.9,1706,29.5,107,0,10.5,5270.231115907117,0.27314814814814814,1,0
298.4,308.9,1638,32.4,109,0,10.5,5557.603067906488,0.29454545454545455,1,0
298.4,308.8,1458,40.1,111,0,10.400000000000034,6122.524258875003,0.3580357142857143,1,0
298.5,308.9,1781,27.8,113,0,10.399999999999977,5184.86357153357,0.24385964912280703,1,0
298.5,308.8,1332,59.1,115,0,10.300000000000011,8243.66478672576,0.5094827586206897,1,0
298.4,308.7,1584,31.7,117,0,10.300000000000011,5258.272119872452,0.26864406779661015,0,1
298.4,308.6,1491,42.0,120,0,10.200000000000045,6557.760505103333,0.34710743801652894,1,0
298.4,308.5,1398,47.1,122,0,10.100000000000023,6895.356051658094,0.3829268292682927,0,0
298.3,308.4,1585,30.6,127,0,10.099999999999966,5079.012843058618,0.2390625,1,0
298.2,308.3,1476,43.5,129,0,10.100000000000023,6723.636597212875,0.3346153846153846,0,1
298.2,308.3,1458,41.8,132,0,10.100000000000023,6382.082643914592,0.3142857142857143,1,0
298.2,308.4,1510,39.9,134,0,10.199999999999989,6309.260526204381,0.29555555555555557,0,1
298.2,308.4,1388,53.8,137,0,10.199999999999989,7819.884881707521,0.3898550724637681,1,0
298.2,308.3,2216,16.8,139,0,10.100000000000023,3898.59081939879,0.12000000000000001,1,0
298.2,308.3,1402,51.0,141,0,10.100000000000023,7487.6719305659135,0.3591549295774648,1,0
298.0,308.2,2090,19.0,143,0,10.199999999999989,4158.42147580169,0.13194444444444445,0,1
298.0,308.2,1459,42.1,146,0,10.199999999999989,6432.29576649447,0.2863945578231293,1,0
298.0,308.1,1403,44.8,148,0,10.100000000000023,6582.097376193143,0.3006711409395973,0,1
298.1,308.2,1521,39.3,151,0,10.099999999999966,6259.654778204197,0.25855263157894737,1,0
298.2,308.2,1407,47.1,153,0,10.0,6939.746755853317,0.30584415584415586,1,0
298.1,308.2,1654,35.3,155,0,10.099999999999966,6114.188566367478,0.22628205128205126,0,1
298.2,308.4,1452,43.5,158,0,10.199999999999989,6614.309172867951,0.27358490566037735,1,0
298.3,308.4,1528,37.3,160,0,10.099999999999966,5968.439611191936,0.23167701863354034,1,0
298.2,308.3,1230,59.6,162,0,10.100000000000023,7676.795808312018,0.3656441717791411,1,0
298.2,308.2,1466,42.4,164,0,10.0,6509.212426629859,0.25696969696969696,1,0
298.2,308.2,1478,50.1,166,0,10.0,7754.267483149542,0.3,1,0
298.2,308.3,2057,18.0,168,0,10.100000000000023,3877.353653060523,0.10650887573964497,1,0
298.3,308.4,1490,41.7,170,0,10.099999999999966,6506.552544849821,0.24385964912280703,1,0
298.3,308.4,1484,43.4,172,0,10.099999999999966,6744.538660334759,0.2508670520231214,1,0
298.3,308.4,1593,37.0,174,0,10.099999999999966,6172.287086507866,0.21142857142857144,1,0
298.3,308.3,1444,43.8,176,0,10.0,6623.231296004144,0.24745762711864405,1,0
298.3,308.4,1444,47.5,178,0,10.099999999999966,7182.728003657462,0.26536312849162014,0,1
298.2,308.3,1560,33.0,181,0,10.100000000000023,5390.972993560084,0.1813186813186813,0,1
298.1,308.3,1530,42.0,184,0,10.199999999999989,6729.291463989337,0.22702702702702704,0,0
298.2,308.4,1310,61.0,189,1,10.199999999999989,8368.155631612013,0.32105263157894737,1,0
298.2,308.3,1639,33.3,191,0,10.100000000000023,5715.468098749375,0.1734375,0,1
298.2,308.3,1400,48.7,194,0,10.100000000000023,7139.792904058402,0.24974358974358976,1,0
298.3,308.4,1486,44.2,196,0,10.099999999999966,6878.119179965398,0.22436548223350256,0,1
298.2,308.3,1448,43.3,199,0,10.100000000000023,6565.761094394476,0.2165,0,1
298.2,308.3,1688,32.0,202,0,10.100000000000023,5656.542292543542,0.15763546798029557,1,0
298.1,308.3,1453,41.5,204,0,10.199999999999989,6314.5488738379245,0.20243902439024392,0,1
298.2,308.4,1497,37.7,207,0,10.199999999999989,5910.058347712727,0.18125000000000002,1,0
298.2,308.4,1355,49.4,209,0,10.199999999999989,7009.626248444667,0.23523809523809522,1,0
298.1,308.4,1592,38.2,211,0,10.299999999999955,6368.469075749038,0.18018867924528303,1,0
298.0,308.3,1544,34.7,213,0,10.300000000000011,5610.5493760949885,0.16214953271028038,1,0
298.0,308.2,1373,51.2,215,0,10.199999999999989,7361.547457499795,0.23703703703703705,0,1
298.0,308.2,1365,52.9,218,1,10.199999999999989,7561.656437557952,0.2415525114155251,1,0
298.0,308.1,1877,24.3,0,0,10.100000000000023,4776.383222738314,24.3,1,0
297.9,308.1,1531,40.8,2,0,10.200000000000045,6541.298559598524,13.6,1,0
297.9,308.0,1501,36.7,4,0,10.100000000000023,5768.665734350163,7.340000000000001,1,0
297.9,308.0,1490,46.2,6,0,10.100000000000023,7208.69850292714,6.6000000000000005,1,0
297.8,307.8,1543,43.7,8,0,10.0,7061.15883993905,4.855555555555556,0,1
297.8,307.8,1597,38.2,11,0,10.0,6388.470548976892,3.1833333333333336,1,0
297.8,307.9,1600,33.5,13,0,10.099999999999966,5612.978874413764,2.392857142857143,0,0
297.8,307.8,1622,32.1,18,0,10.0,5452.35971401123,1.6894736842105265,0,1
297.8,307.8,1452,39.8,21,0,10.0,6051.7127604630905,1.8090909090909089,1,0
297.8,307.8,1396,42.5,23,0,10.0,6213.023071249414,1.7708333333333333,1,0
297.8,307.7,1505,39.7,25,0,9.899999999999977,6256.8482887669925,1.526923076923077,1,0
297.8,307.8,1412,48.3,27,0,10.0,7141.845411258749,1.7249999999999999,1,0
297.8,307.7,1393,38.0,29,0,9.899999999999977,5543.235517504071,1.2666666666666666,1,0
297.7,307.7,1581,34.9,31,0,10.0,5778.111456261955,1.090625,1,0
297.8,307.8,1573,37.9,33,0,10.0,6243.046225042221,1.1147058823529412,1,0
297.8,307.9,1726,27.3,35,0,10.099999999999966,4934.373917287345,0.7583333333333333,0,1
297.9,307.9,1540,39.8,38,0,10.0,6418.483230794186,1.0205128205128204,0,1
297.9,308.0,1296,62.9,41,0,10.100000000000023,8536.586885746472,1.4976190476190476,1,0
297.8,307.9,1802,25.8,43,0,10.099999999999966,4868.588967121174,0.5863636363636364,0,1
297.8,307.9,1447,48.6,46,0,10.099999999999966,7364.333002985977,1.0340425531914894,1,0
297.8,307.8,1662,30.7,48,0,10.0,5343.157953372448,0.6265306122448979,0,0
297.8,307.8,1563,34.3,53,0,10.0,5614.1203197445675,0.6351851851851852,1,0
297.9,307.8,1286,59.5,55,0,9.900000000000034,8012.841502491006,1.0625,1,0
297.9,307.7,1590,34.6,57,0,9.800000000000011,5761.052608152962,0.596551724137931,1,0
297.9,307.7,1492,43.7,59,0,9.800000000000011,6827.769921703865,0.7283333333333334,1,0
297.7,307.6,1844,21.9,61,0,9.900000000000034,4228.960702850291,0.3532258064516129,1,0
297.7,307.6,1538,38.3,63,0,9.900000000000034,6168.559063225606,0.5984375,0,0
297.7,307.6,1921,22.9,68,0,9.900000000000034,4606.716275493441,0.33188405797101445,1,0
297.8,307.8,1310,57.9,70,0,10.0,7942.888706071074,0.8154929577464789,0,1
297.9,307.8,1365,46.9,73,0,9.900000000000034,6704.001643127939,0.6337837837837837,1,0
297.9,307.8,1303,59.3,75,0,9.900000000000034,8091.475566610358,0.7802631578947368,0,1
297.9,307.8,1499,37.5,78,0,9.900000000000034,5886.559234663874,0.47468354430379744,1,0
297.9,307.8,1451,38.2,80,0,9.900000000000034,5804.427530723526,0.471604938271605,1,0
297.9,307.9,1336,54.4,82,0,10.0,7610.864250488682,0.655421686746988,0,1
297.9,307.9,1412,44.5,85,0,10.0,6579.961093188703,0.5174418604651163,1,0
298.0,308.0,1433,39.2,87,0,10.0,5882.48563618972,0.4454545454545455,1,0
297.9,307.9,1426,43.6,89,0,10.0,6510.804166907678,0.48444444444444446,1,0
297.9,307.9,1476,45.2,91,0,10.0,6986.399406759126,0.491304347826087,1,0
297.9,307.9,1406,58.5,93,0,10.0,8613.304578347135,0.6223404255319149,0,0
297.8,307.8,1383,56.5,98,0,10.0,8182.749305172655,0.5707070707070707,1,0
297.9,307.8,1505,37.3,100,0,9.900000000000034,5878.60053327478,0.3693069306930693,1,0
297.9,307.8,1665,33.9,102,0,9.900000000000034,5910.749498096517,0.329126213592233,1,0
297.9,307.8,1397,45.0,104,0,9.900000000000034,6583.207405597411,0.42857142857142855,1,0
297.9,307.8,1450,43.5,106,0,9.900000000000034,6605.19855417254,0.40654205607476634,0,1
298.0,307.8,1567,36.4,109,0,9.800000000000011,5973.089168319249,0.3309090909090909,1,0
298.0,308.0,1555,37.0,111,0,10.0,6025.051110809625,0.33035714285714285,0,1
298.0,307.8,1588,35.4,114,0,9.800000000000011,5886.841978002698,0.30782608695652175,0,0
298.0,307.8,1453,37.7,119,0,9.800000000000011,5736.349217920235,0.3141666666666667,1,0
298.0,307.8,1622,33.3,121,0,9.800000000000011,5656.186245376135,0.27295081967213114,1,0
297.9,307.8,1538,38.5,123,0,9.900000000000034,6200.770859900414,0.31048387096774194,1,0
297.9,307.7,1527,42.8,125,0,9.800000000000011,6844.0224276984345,0.33968253968253964,0,1
297.8,307.8,1761,28.9,128,0,10.0,5329.492025329333,0.22403100775193796,1,0
297.9,307.8,1373,50.2,130,0,9.900000000000034,7217.767233720502,0.38320610687022905,1,0
298.0,307.9,1482,37.8,132,0,9.899999999999977,5866.358793901293,0.28421052631578947,0,0
298.0,307.9,1417,51.0,137,0,9.899999999999977,7567.782543232453,0.3695652173913043,0,1
298.0,307.8,1414,51.7,140,0,9.800000000000011,7655.412034316583,0.3666666666666667,1,0
297.9,307.8,1635,34.0,142,0,9.900000000000034,5821.371187101886,0.23776223776223776,0,0
298.0,307.8,1386,57.3,147,0,9.800000000000011,8316.612568142114,0.38716216216216215,1,0
298.2,308.1,1379,62.3,149,0,9.900000000000034,8996.652185913674,0.41533333333333333,1,0
298.2,308.0,1577,35.9,151,0,9.800000000000011,5928.635632270954,0.23618421052631577,0,1
298.2,308.1,1532,42.5,154,0,9.900000000000034,6818.303255841048,0.27419354838709675,1,0
298.1,308.0,1374,48.8,156,0,9.899999999999977,7021.585244479332,0.310828025477707,0,1
298.1,308.0,1570,35.3,159,0,9.899999999999977,5803.673548486664,0.220625,0,0
298.1,308.0,1697,31.0,164,0,9.899999999999977,5508.992157579943,0.18787878787878787,1,0
298.2,308.0,1499,44.1,166,0,9.800000000000011,6922.593659964717,0.26407185628742513,1,0
298.2,308.0,1411,47.2,168,0,9.800000000000011,6974.251915165245,0.27928994082840236,0,1
298.2,307.9,1462,45.5,171,0,9.699999999999989,6966.062830314888,0.26453488372093026,0,0
298.1,307.9,1759,28.6,176,0,9.799999999999955,5268.178608706772,0.16158192090395482,0,1
298.2,308.0,1535,38.0,179,0,9.800000000000011,6108.3033161297535,0.2111111111111111,1,0
298.2,307.9,1491,39.7,181,0,9.699999999999989,6198.6450488714845,0.21813186813186813,0,0
298.2,307.9,1551,36.0,186,0,9.699999999999989,5847.132246861323,0.1925133689839572,1,0
298.2,307.9,1769,27.2,188,0,9.699999999999989,5038.779513141644,0.1439153439153439,1,0
298.2,307.9,1551,34.1,190,0,9.699999999999989,5538.533600499199,0.17853403141361257,1,0
298.2,307.9,1544,31.4,192,0,9.699999999999989,5076.981279809297,0.16269430051813472,1,0
298.2,307.8,1528,31.1,194,0,9.600000000000023,4976.366539090328,0.1594871794871795,1,0
298.1,307.9,1614,35.8,196,0,9.799999999999955,6050.8331145200855,0.18172588832487307,1,0
298.1,307.8,1432,49.8,198,0,9.699999999999989,7467.942728701369,0.25025125628140704,1,0
298.1,307.8,1384,43.7,200,0,9.699999999999989,6333.5345654411185,0.2174129353233831,0,1
298.1,307.8,1540,37.8,203,0,9.699999999999989,6095.946385025634,0.1852941176470588,1,0
298.0,307.7,1407,43.9,205,0,9.699999999999989,6468.25653040256,0.21310679611650485,1,0
297.9,307.6,1418,43.0,207,0,9.700000000000045,6385.182348666135,0.20673076923076922,0,0
297.9,307.5,1647,30.8,212,0,9.600000000000023,5312.181849808054,0.14460093896713616,0,1
298.0,307.5,1644,32.8,215,0,9.5,5646.824299268437,0.15185185185185185,1,0
298.0,307.5,1792,27.9,217,0,9.5,5235.652652766606,0.12798165137614678,1,0
297.9,307.4,1610,34.6,219,0,9.5,5833.5186786957665,0.1572727272727273,0,1
297.8,307.3,1804,26.0,222,0,9.5,4911.775394132523,0.11659192825112108,0,1
297.9,307.4,1604,36.1,225,1,9.5,6063.734588350827,0.1597345132743363,0,0
297.9,307.4,1403,52.8,0,0,9.5,7757.471907656203,52.8,0,1
297.8,307.3,1438,44.5,3,0,9.5,6701.121849862148,11.125,1,0
297.9,307.3,1824,26.3,5,0,9.400000000000034,5023.532316796223,4.383333333333334,1,0
297.9,307.3,1663,28.7,7,0,9.400000000000034,4998.074944326633,3.5875,0,0
297.9,307.3,1502,36.7,12,0,9.400000000000034,5772.508949363053,2.8230769230769233,1,0
297.9,307.4,1606,35.5,14,0,9.5,5970.387398637163,2.3666666666666667,1,0
297.9,307.5,1561,37.7,16,0,9.600000000000023,6162.726172865442,2.2176470588235295,1,0
297.9,307.4,1435,42.9,18,0,9.5,6446.7052047989355,2.2578947368421054,0,1
297.9,307.5,1602,38.3,21,0,9.600000000000023,6425.248126974917,1.7409090909090907,1,0
298.1,307.6,1764,27.7,23,0,9.5,5116.900450460911,1.1541666666666666,0,1
298.0,307.5,1683,27.8,26,0,9.5,4899.56507068557,1.0296296296296297,0,0
298.0,307.5,1618,35.2,31,0,9.5,5964.167045183055,1.1,1,0
298.0,307.6,1509,41.6,33,0,9.600000000000023,6573.719795783571,1.223529411764706,1,0
297.9,307.6,1550,39.0,35,0,9.700000000000045,6330.309196983433,1.0833333333333333,1,0
297.9,307.6,1519,44.0,37,0,9.700000000000045,6999.0495531775805,1.1578947368421053,0,1
297.9,307.6,1481,38.0,40,0,9.700000000000045,5893.418378624213,0.926829268292683,1,0
298.1,307.7,1289,48.3,42,0,9.599999999999966,6519.715818068361,1.1232558139534883,1,0
298.0,307.6,1844,23.8,44,0,9.600000000000023,4595.856836887532,0.5288888888888889,0,1
298.0,307.7,1479,42.5,47,0,9.699999999999989,6582.422007434015,0.8854166666666666,1,0
298.0,307.7,1430,47.3,49,0,9.699999999999989,7083.1395165386675,0.946,1,0
298.1,307.8,1636,36.7,51,0,9.699999999999989,6287.499761090517,0.7057692307692308,0,1
298.1,307.8,1503,44.7,54,0,9.699999999999989,7035.502499934734,0.8127272727272727,0,1
298.1,307.8,1608,32.6,57,0,9.699999999999989,5489.493339176662,0.5620689655172414,0,1
298.2,307.8,1521,42.9,60,0,9.600000000000023,6833.058269337406,0.7032786885245902,1,0
298.2,307.8,1439,41.6,62,0,9.600000000000023,6268.775868875121,0.6603174603174603,1,0
298.2,307.8,1627,31.5,64,0,9.600000000000023,5366.939809760123,0.4846153846153846,1,0
298.2,307.8,1749,26.1,66,0,9.600000000000023,4780.341629481837,0.3895522388059702,1,0
298.2,307.8,1530,35.9,68,0,9.600000000000023,5751.941989457552,0.5202898550724637,1,0
298.2,307.8,1355,51.3,70,0,9.600000000000023,7279.227258000231,0.7225352112676056,1,0
298.3,307.9,1551,33.8,72,0,9.599999999999966,5489.80749844202,0.46301369863013697,1,0
298.2,307.8,1515,46.7,74,0,9.600000000000023,7408.975034593489,0.6226666666666667,1,0
298.2,307.8,1388,48.6,76,0,9.600000000000023,7064.059577155866,0.6311688311688312,1,0
298.2,307.8,1585,34.6,78,0,9.600000000000023,5742.936090517262,0.4379746835443038,1,0
298.1,307.7,1523,37.7,80,0,9.599999999999966,6012.704651681018,0.4654320987654321,1,0
298.2,307.6,1369,54.5,82,0,9.400000000000034,7813.193289355376,0.6566265060240963,1,0
298.2,307.7,1681,31.0,84,0,9.5,5457.0511590405895,0.36470588235294116,0,1
298.2,307.7,1503,38.3,87,0,9.5,6028.182231487702,0.4352272727272727,1,0
298.2,307.7,1459,44.5,89,0,9.5,6798.98246102147,0.49444444444444446,1,0
298.2,307.7,1688,32.4,91,0,9.5,5727.249071200336,0.3521739130434782,1,0
298.2,307.7,1952,21.6,93,0,9.5,4415.319979061239,0.22978723404255322,0,1
298.2,307.8,2029,19.9,96,0,9.600000000000023,4228.280024442014,0.20515463917525772,1,0
298.3,307.8,1457,52.5,98,0,9.5,8010.275868490575,0.5303030303030303,0,1
298.3,307.8,1392,50.4,101,0,9.5,7346.802915978947,0.4941176470588235,0,1
298.3,307.8,1906,22.1,104,0,9.5,4411.068357003382,0.21047619047619048,1,0
298.3,307.7,1602,33.4,106,0,9.399999999999977,5603.218993236612,0.31214953271028034,0,1
298.3,307.7,1465,49.4,109,0,9.399999999999977,7578.673397764897,0.4490909090909091,1,0
298.3,307.7,1439,43.8,111,0,9.399999999999977,6600.297669632939,0.39107142857142857,0,1
298.3,307.8,1330,55.4,114,0,9.5,7715.960996726771,0.4817391304347826,0,1
298.3,307.9,1485,42.0,117,0,9.599999999999966,6531.37112681318,0.3559322033898305,0,1
298.4,307.9,1700,28.2,120,0,9.5,5020.265060436489,0.2330578512396694,0,0
298.4,308.0,1515,42.8,125,0,9.600000000000023,6790.238361468979,0.33968253968253964,1,0
298.5,308.1,1501,39.2,127,0,9.600000000000023,6161.626615436687,0.30625,0,1
298.4,308.0,1380,47.6,130,0,9.600000000000023,6878.8312743002125,0.3633587786259542,1,0
298.4,307.9,1544,35.9,132,0,9.5,5804.5741383806935,0.2699248120300752,1,0
298.4,307.9,1743,27.3,134,0,9.5,4982.974355638378,0.20222222222222222,1,0
298.4,307.9,1948,21.4,136,0,9.5,4365.47337562428,0.15620437956204378,0,0
298.5,307.9,1260,54.2,141,0,9.399999999999977,7151.521516631806,0.38169014084507047,0,0
298.5,307.9,1640,33.1,146,0,9.399999999999977,5684.607186915611,0.2251700680272109,0,1
298.5,308.0,1363,49.2,149,0,9.5,7022.464890422337,0.328,0,1
298.5,308.0,1379,49.6,152,0,9.5,7162.663698576537,0.3241830065359477,1,0
298.5,308.0,1713,25.8,154,0,9.5,4628.131465415412,0.1664516129032258,0,1
298.5,308.0,1461,51.9,157,0,9.5,7940.469679727809,0.3284810126582278,0,1
298.5,308.0,1624,29.8,160,0,9.5,5067.9334929669585,0.18509316770186335,1,0
298.4,308.0,1526,41.1,162,0,9.600000000000023,6567.876433447895,0.25214723926380367,1,0
298.4,307.9,2381,14.2,164,0,9.5,3540.595864546721,0.08606060606060606,1,0
298.4,307.7,1626,31.1,166,0,9.300000000000011,5295.531408744027,0.18622754491017965,0,0
298.3,307.7,1576,33.8,171,0,9.399999999999977,5578.295691518132,0.19651162790697674,1,0
298.4,307.8,1617,31.6,173,0,9.400000000000034,5350.88627130028,0.18160919540229886,0,1
298.3,307.6,1942,20.6,176,0,9.300000000000011,4189.334747513014,0.11638418079096045,1,0
298.2,307.6,1492,37.2,178,0,9.400000000000034,5812.197736553405,0.20782122905027933,1,0
298.2,307.5,1470,51.3,180,0,9.300000000000011,7897.021453328662,0.28342541436464086,1,0
298.0,307.4,1463,46.5,182,0,9.399999999999977,7124.032580912895,0.2540983606557377,0,1
298.0,307.3,1424,46.5,185,0,9.300000000000011,6934.1233050033925,0.25,1,0
298.1,307.4,1363,60.1,187,0,9.299999999999955,8578.254876308585,0.3196808510638298,0,1
298.1,307.4,1335,56.2,190,0,9.299999999999955,7856.809067362715,0.2942408376963351,0,1
298.1,307.4,1608,33.9,193,0,9.299999999999955,5708.3995152787975,0.1747422680412371,1,0
298.0,307.4,1606,35.2,195,0,9.399999999999977,5919.933420620511,0.1795918367346939,0,0
298.1,307.5,1684,33.1,200,0,9.399999999999977,5837.121038271884,0.1646766169154229,1,0
298.1,307.6,1950,20.3,202,0,9.5,4145.331506411732,0.1,1,0
298.2,307.6,1460,48.6,204,0,9.400000000000034,7430.494944270579,0.23707317073170733,0,0
298.2,307.6,1511,31.0,209,1,9.400000000000034,4905.178049559983,0.14761904761904762,1,0
298.2,307.6,1318,55.7,0,0,9.400000000000034,7687.749494697535,55.7,0,0
298.2,307.6,1368,51.8,5,0,9.400000000000034,7420.693175191377,8.633333333333333,1,0
298.3,307.7,1717,27.1,7,0,9.399999999999977,4872.683509546353,3.3875,0,1
298.3,307.7,1520,41.4,10,0,9.399999999999977,6589.80475016995,3.7636363636363637,0,1
298.3,307.8,1485,42.0,13,0,9.5,6531.37112681318,3.0,0,1
298.4,307.9,1981,23.2,16,0,9.5,4812.836169495467,1.3647058823529412,1,0
298.4,307.9,1605,31.0,18,0,9.5,5210.331415978671,1.631578947368421,0,0
298.4,307.9,1446,45.3,23,0,9.5,6859.541895407169,1.8875,1,0
298.4,308.0,1508,47.9,25,0,9.600000000000023,7564.243015509407,1.8423076923076922,1,0
298.5,308.0,1384,59.5,27,0,9.5,8623.462394593742,2.125,1,0
298.5,308.0,1519,37.3,29,0,9.5,5933.285189398267,1.2433333333333332,0,1
298.5,308.0,1404,48.1,32,0,9.5,7071.976390642912,1.4575757575757575,1,0
298.5,308.1,1564,31.1,34,0,9.600000000000023,5093.6107769223,0.8885714285714286,1,0
298.6,308.2,1555,36.8,36,0,9.599999999999966,5992.48326696741,0.9945945945945945,0,0
298.6,308.2,1325,54.0,41,0,9.599999999999966,7492.698478811657,1.2857142857142858,1,0
298.6,308.2,1488,44.0,43,0,9.599999999999966,6856.211807194364,1.0,0,1
298.5,308.2,1595,32.3,46,0,9.699999999999989,5395.004704132192,0.6872340425531914,1,0
298.5,308.1,1662,28.6,48,0,9.600000000000023,4977.665064053812,0.5836734693877551,1,0
298.4,308.0,1571,37.4,50,0,9.600000000000023,6152.8510999576565,0.7333333333333333,1,0
298.3,308.0,1553,41.0,52,0,9.699999999999989,6667.8209677340965,0.7735849056603774,0,0
298.3,308.0,2886,3.8,57,1,9.699999999999989,1148.4406104462848,0.06551724137931034,1,0
298.2,308.0,1538,38.2,59,0,9.800000000000011,6152.453164888204,0.6366666666666667,1,0
298.4,308.2,1618,33.0,61,0,9.800000000000011,5591.406604859114,0.532258064516129,1,0
298.4,308.2,1364,45.9,63,0,9.800000000000011,6556.25254062961,0.7171875,1,0
298.3,308.0,1442,47.3,65,0,9.699999999999989,7142.578449544586,0.7166666666666667,1,0
298.2,307.9,1313,67.3,67,1,9.699999999999989,9253.550689173224,0.9897058823529411,1,0
298.2,307.9,1847,23.6,69,0,9.699999999999989,4564.650349861874,0.3371428571428572,1,0
298.1,307.8,1524,40.8,71,0,9.699999999999989,6511.390597536348,0.5666666666666667,1,0
298.1,307.7,1445,48.0,73,0,9.599999999999966,7263.362215099602,0.6486486486486487,0,1
298.1,307.8,1761,28.2,76,0,9.699999999999989,5200.403983193328,0.36623376623376624,1,0
298.1,307.8,1514,43.5,78,0,9.699999999999989,6896.738352425672,0.5506329113924051,0,1
298.1,307.7,1498,38.3,81,0,9.599999999999966,6008.128398382288,0.4670731707317073,0,1
298.1,307.6,1542,37.1,84,0,9.5,5990.82869483652,0.4364705882352941,0,0
298.0,307.6,1508,41.8,89,0,9.600000000000023,6600.946932114681,0.46444444444444444,0,1
298.0,307.5,1431,52.9,92,0,9.5,7927.274990582733,0.5688172043010753,0,1
298.0,307.5,1427,45.1,95,0,9.5,6739.522584064528,0.46979166666666666,0,1
298.0,307.5,1524,36.3,98,0,9.5,5793.222516925722,0.36666666666666664,0,1
298.0,307.5,1427,43.6,101,0,9.5,6515.369948230897,0.4274509803921569,0,1
298.1,307.6,1496,44.1,104,0,9.5,6908.739236362387,0.42000000000000004,0,0
298.1,307.7,1388,40.3,109,0,9.599999999999966,5857.6461102753365,0.36636363636363634,1,0
298.1,307.7,1495,48.1,111,0,9.599999999999966,7530.345230777174,0.42946428571428574,1,0
298.1,307.7,1376,56.2,113,0,9.599999999999966,8098.104327109433,0.4929824561403509,0,0
298.0,307.6,1593,32.2,118,0,9.600000000000023,5371.557950960901,0.2705882352941177,0,0
298.0,307.6,1654,28.9,123,0,9.600000000000023,5005.667126572808,0.23306451612903226,1,0
298.1,307.7,2567,12.8,125,1,9.599999999999966,3440.8398258197326,0.10158730158730159,1,0
298.1,307.7,1767,27.0,127,0,9.599999999999966,4996.074797003848,0.2109375,1,0
298.1,307.6,1364,53.8,129,0,9.5,7684.670733897015,0.4138461538461538,1,0
298.1,307.8,1569,31.2,131,0,9.699999999999989,5126.325228421681,0.23636363636363636,0,1
298.2,307.8,1476,36.8,134,0,9.600000000000023,5688.041994883535,0.27259259259259255,1,0
298.1,307.7,1479,45.0,136,0,9.599999999999966,6969.623301988957,0.3284671532846715,1,0
298.1,307.7,1650,34.1,138,0,9.599999999999966,5892.057021807657,0.24532374100719426,1,0
298.1,307.6,1565,36.3,140,0,9.5,5949.07692847031,0.2574468085106383,0,1
298.1,307.6,1460,46.5,143,0,9.5,7109.424175073702,0.3229166666666667,1,0
298.1,307.7,1664,27.6,145,0,9.599999999999966,4809.4013615275435,0.18904109589041096,1,0
298.1,307.7,1435,40.9,147,0,9.599999999999966,6146.159507605512,0.27635135135135136,0,1
298.1,307.6,2066,19.2,150,0,9.5,4153.9394702825675,0.1271523178807947,0,1
298.1,307.5,1493,43.7,153,0,9.399999999999977,6832.346175002595,0.2837662337662338,1,0
298.1,307.6,1354,43.3,155,0,9.5,6139.530747106437,0.2775641025641025,1,0
298.1,307.6,1488,39.4,157,0,9.5,6139.426027351317,0.24936708860759493,1,0
298.1,307.7,1414,48.7,159,0,9.599999999999966,7211.190833098987,0.304375,1,0
298.1,307.5,1391,57.4,161,0,9.399999999999977,8361.181295921044,0.35432098765432096,1,0
298.0,307.5,1784,27.8,163,0,9.5,5193.597199110551,0.16951219512195123,0,1
297.8,307.3,1516,40.1,166,0,9.5,6366.081465332309,0.24011976047904193,0,0
297.9,307.3,1420,47.8,171,0,9.400000000000034,7107.958098502026,0.277906976744186,0,1
297.8,307.2,1351,56.3,174,0,9.399999999999977,7965.120710082977,0.3217142857142857,1,0
297.8,307.2,1880,23.0,176,0,9.399999999999977,4528.082211374089,0.12994350282485875,1,0
297.8,307.3,1859,24.0,178,0,9.5,4672.176594418741,0.1340782122905028,1,0
297.8,307.3,1315,54.0,180,0,9.5,7436.14981104704,0.2983425414364641,0,1
297.8,307.4,1330,51.7,183,0,9.599999999999966,7200.635081782925,0.28097826086956523,0,1
297.8,307.3,1327,61.0,186,1,9.5,8476.7500176711,0.32620320855614976,1,0
297.8,307.2,1498,38.1,188,0,9.399999999999977,5976.754359748438,0.2015873015873016,1,0
297.8,307.3,1555,35.8,190,0,9.5,5829.644047756339,0.18743455497382197,0,0
297.7,307.2,1518,35.8,195,0,9.5,5690.932260124839,0.1826530612244898,1,0
297.7,307.2,1392,43.0,197,0,9.5,6268.105662442355,0.21717171717171718,1,0
297.8,307.2,1456,39.6,199,0,9.399999999999977,6037.889752787296,0.198,0,1
297.7,307.1,1715,30.2,0,0,9.400000000000034,5423.7502769125385,30.2,1,0
297.7,307.2,1405,43.7,2,0,9.5,6429.635884714432,14.566666666666668,0,1
297.7,307.2,1668,37.8,5,0,9.5,6602.6224481965955,6.3,1,0
297.7,307.1,1855,22.5,7,0,9.400000000000034,4370.7407793068,2.8125,0,0
297.6,307.1,1496,39.2,12,0,9.5,6141.101543433232,3.0153846153846158,1,0
297.6,307.1,1471,44.9,14,0,9.5,6916.519914167777,2.993333333333333,0,1
297.7,307.2,1444,40.0,17,0,9.5,6048.6130557115475,2.2222222222222223,1,0
297.7,307.3,1514,38.6,19,0,9.600000000000023,6119.864377094965,1.9300000000000002,0,0
297.8,307.3,1412,50.7,24,0,9.5,7496.719717408252,2.028,1,0
297.7,307.2,1429,44.1,26,0,9.5,6599.323775910328,1.6333333333333333,0,0
297.7,307.2,1668,32.7,31,0,9.5,5711.792435344675,1.021875,1,0
297.7,307.2,1372,52.8,33,0,9.5,7586.066612476346,1.552941176470588,0,1
297.7,307.3,1365,49.2,36,0,9.600000000000023,7032.769314326111,1.32972972972973,0,1
297.6,307.1,1526,39.1,39,0,9.5,6248.271740822693,0.9775,0,1
297.6,307.2,1486,40.6,42,0,9.599999999999966,6317.910377977266,0.944186046511628,1,0
297.6,307.2,1470,42.6,44,0,9.599999999999966,6557.760505103334,0.9466666666666667,0,1
297.7,307.3,1249,62.8,47,0,9.600000000000023,8213.924376271778,1.3083333333333333,0,0
297.8,307.4,1752,26.1,52,0,9.599999999999966,4788.541186307707,0.49245283018867925,0,1
297.7,307.4,1643,36.5,55,0,9.699999999999989,6279.991354648437,0.6517857142857143,1,0
297.8,307.4,1488,36.1,57,0,9.599999999999966,5625.21014181174,0.6224137931034484,0,1
297.8,307.4,1355,45.8,60,0,9.599999999999966,6498.803282970966,0.7508196721311475,1,0
297.8,307.6,1607,30.3,62,0,9.800000000000011,5099.024788261986,0.48095238095238096,1,0
297.9,307.6,1609,30.3,64,0,9.700000000000045,5105.370805422236,0.46615384615384614,0,1
297.9,307.7,1517,44.4,67,0,9.800000000000011,7053.37816213366,0.6529411764705882,1,0
297.9,307.7,1517,39.5,69,0,9.800000000000011,6274.964806402693,0.5642857142857143,0,1
297.9,307.7,1546,37.6,72,0,9.800000000000011,6087.317477203774,0.5150684931506849,1,0
297.9,307.7,1567,34.7,74,0,9.800000000000011,5694.126212655989,0.4626666666666667,1,0
298.1,307.9,1662,28.9,76,0,9.799999999999955,5029.878333956473,0.3753246753246753,0,1
298.1,307.9,1502,41.8,79,0,9.799999999999955,6574.68321753067,0.5225,1,0
298.3,308.0,1361,56.9,81,0,9.699999999999989,8109.592084246062,0.6939024390243902,1,0
298.3,308.1,1630,32.7,83,0,9.800000000000011,5581.667667632986,0.38928571428571435,0,1
298.3,308.0,1486,42.3,86,0,9.699999999999989,6582.453423360549,0.4862068965517241,1,0
298.3,308.1,1840,21.5,88,0,9.800000000000011,4142.713512533741,0.24157303370786518,1,0
298.3,308.1,1326,58.4,90,0,9.800000000000011,8109.330284858261,0.6417582417582417,1,0
298.4,308.1,1367,57.8,92,0,9.700000000000045,8274.180123367629,0.621505376344086,1,0
298.4,308.1,1598,32.7,94,0,9.700000000000045,5472.088915875774,0.3442105263157895,1,0
298.3,308.0,1363,50.1,96,0,9.699999999999989,7150.924614027623,0.5164948453608248,1,0
298.3,308.0,1242,62.0,98,0,9.699999999999989,8063.840023234281,0.6262626262626263,1,0
298.2,307.8,1566,33.8,100,0,9.600000000000023,5542.9004142876865,0.3346534653465346,0,1
298.1,307.7,1424,47.7,103,0,9.599999999999966,7113.068422551867,0.4586538461538462,0,1
298.2,307.7,1608,33.8,106,0,9.5,5691.560578655556,0.3158878504672897,0,1
298.1,307.7,1705,29.1,109,0,9.599999999999966,5195.72301013948,0.2645454545454546,1,0
298.0,307.6,1548,45.8,111,0,9.600000000000023,7424.4630863756865,0.4089285714285714,1,0
298.0,307.6,1581,43.4,113,0,9.600000000000023,7185.387885437503,0.3807017543859649,0,1
298.0,307.6,1472,46.7,116,0,9.600000000000023,7198.6872943377,0.39914529914529917,0,1
298.0,307.6,1792,26.0,119,0,9.600000000000023,4879.102830535188,0.21666666666666667,0,1
298.0,307.6,1683,32.8,122,0,9.600000000000023,5780.781810017506,0.26666666666666666,1,0
297.9,307.6,1503,40.7,124,0,9.700000000000045,6405.92733215534,0.3256,1,0
297.9,307.5,1642,32.4,126,0,9.600000000000023,5571.174748169995,0.25511811023622044,0,1
297.8,307.4,1902,24.3,129,0,9.599999999999966,4840.000473973507,0.18692307692307694,0,1
297.7,307.4,1432,40.2,132,0,9.699999999999989,6028.339311120382,0.3022556390977444,0,0
297.8,307.4,1512,40.8,137,0,9.599999999999966,6460.119805429764,0.29565217391304344,1,0
297.7,307.4,1764,29.0,139,0,9.699999999999989,5357.043792901315,0.20714285714285716,1,0
297.8,307.4,1438,43.6,141,0,9.599999999999966,6565.593542786285,0.3070422535211268,0,1
297.8,307.5,1631,29.9,144,0,9.699999999999989,5106.857825944935,0.20620689655172414,1,0
297.9,307.5,1880,23.3,146,0,9.600000000000023,4587.144153261577,0.15850340136054422,0,0
297.9,307.6,1344,54.3,151,0,9.700000000000045,7642.363952828674,0.35723684210526313,1,0
297.9,307.5,1574,35.8,153,0,9.600000000000023,5900.874425188732,0.23246753246753246,1,0
297.8,307.4,1418,41.2,155,0,9.599999999999966,6117.895645698716,0.2641025641025641,1,0
297.8,307.5,1372,54.1,157,0,9.699999999999989,7772.844767707771,0.34240506329113923,1,0
297.8,307.5,1388,40.0,159,0,9.699999999999989,5814.04080424351,0.25,1,0
297.9,307.6,1493,36.0,161,0,9.700000000000045,5628.477398171474,0.2222222222222222,0,0
297.9,307.6,1505,40.1,166,0,9.700000000000045,6319.889581349027,0.24011976047904193,0,1
298.0,307.6,1694,29.1,169,0,9.600000000000023,5162.202216525677,0.1711764705882353,1,0
297.9,307.6,1968,20.4,171,0,9.700000000000045,4204.204952740004,0.11860465116279069,1,0
298.0,307.6,1569,35.6,173,0,9.600000000000023,5849.268529865764,0.2045977011494253,0,1
297.9,307.6,1687,29.1,176,0,9.700000000000045,5140.870802407801,0.16440677966101697,1,0
297.9,307.6,1430,52.4,178,0,9.700000000000045,7846.860690626347,0.29273743016759773,1,0
297.9,307.6,1504,42.4,180,0,9.700000000000045,6677.936896078656,0.23425414364640884,1,0
297.9,307.6,1977,20.2,182,0,9.700000000000045,4182.025308605661,0.11038251366120218,1,0
298.0,307.7,1435,45.6,184,0,9.699999999999989,6852.4418960100575,0.2464864864864865,1,0
298.0,307.7,1547,36.8,186,0,9.699999999999989,5961.653771060182,0.19679144385026737,0,0
298.1,307.8,1316,57.2,191,0,9.699999999999989,7882.8005105834145,0.29791666666666666,0,1
298.0,307.7,1621,34.9,194,0,9.699999999999989,5924.300234409,0.17897435897435895,0,1
298.0,307.8,1492,40.2,197,0,9.800000000000011,6280.923360469003,0.20303030303030303,0,1
298.0,307.7,1643,32.3,200,0,9.699999999999989,5557.362212469711,0.1606965174129353,1,0
298.0,307.7,1492,38.7,202,0,9.699999999999989,6046.560548511204,0.19064039408866995,1,0
298.0,307.7,1387,50.8,204,0,9.699999999999989,7378.512057829178,0.24780487804878049,1,0
298.1,307.9,1463,47.3,206,0,9.799999999999955,7246.596582304945,0.22850241545893718,0,1
298.1,307.9,1496,40.0,0,0,9.799999999999955,6266.430146360441,40.0,0,1
298.2,308.0,1658,30.0,3,0,9.800000000000011,5208.760619651877,7.5,1,0
298.1,307.9,2161,17.5,5,0,9.799999999999955,3960.2393392377335,2.9166666666666665,1,0
298.1,307.9,1665,32.0,7,0,9.799999999999955,5579.468552775473,4.0,1,0
298.0,307.8,1716,26.6,9,0,9.800000000000011,4779.996054289943,2.66,1,0
298.0,307.7,1529,34.1,11,0,9.699999999999989,5459.972840208429,2.841666666666667,1,0
297.9,307.7,1353,50.7,13,0,9.800000000000011,7183.471513918813,3.6214285714285714,1,0
297.9,307.7,1537,37.7,15,0,9.800000000000011,6067.975738433174,2.35625,1,0
298.0,307.7,1606,30.8,17,0,9.699999999999989,5179.941743042948,1.7111111111111112,1,0
298.0,307.8,1314,47.8,19,0,9.800000000000011,6577.364043261735,2.3899999999999997,0,0
298.0,307.8,1623,29.9,24,0,9.800000000000011,5081.808860520313,1.196,1,0
298.0,307.8,1483,50.9,26,0,9.800000000000011,7904.739299280981,1.885185185185185,0,1
298.1,307.9,1569,37.0,29,0,9.799999999999955,6079.295943961609,1.2333333333333334,0,1
298.2,308.0,1969,21.7,32,0,9.800000000000011,4474.392392924239,0.6575757575757576,0,1
298.1,308.0,1686,29.3,35,0,9.899999999999977,5173.134958960169,0.8138888888888889,0,1
298.1,308.0,1638,35.1,38,0,9.899999999999977,6020.736656898695,0.9,1,0
298.1,307.9,1698,33.3,40,0,9.799999999999955,5921.211001632969,0.8121951219512195,1,0
298.1,307.9,1377,55.1,42,0,9.799999999999955,7945.37056426741,1.2813953488372094,0,1
298.1,308.0,2129,18.4,45,0,9.899999999999977,4102.249799155504,0.39999999999999997,0,1
298.2,308.0,1411,42.4,48,0,9.800000000000011,6265.005957690813,0.8653061224489795,1,0
298.1,307.9,1517,40.8,50,0,9.799999999999955,6481.482635474174,0.7999999999999999,1,0
298.1,307.9,1303,53.9,52,0,9.799999999999955,7354.646425637408,1.0169811320754716,0,1
298.1,307.9,1578,35.6,55,0,9.799999999999955,5882.820739406103,0.6357142857142858,1,0
298.1,307.9,1425,58.2,57,0,9.799999999999955,8684.932890848982,1.003448275862069,1,0
298.1,308.0,1456,42.4,59,0,9.899999999999977,6464.8112504591245,0.7066666666666667,1,0
298.1,308.0,1704,30.9,61,0,9.899999999999977,5513.872098168518,0.4983870967741935,1,0
298.1,308.1,1791,27.3,63,0,10.0,5120.199122747181,0.4265625,1,0
298.1,308.1,1616,32.8,65,0,10.0,5550.649676166541,0.49696969696969695,1,0
298.2,308.1,1622,34.9,67,0,9.900000000000034,5927.954953862676,0.513235294117647,1,0
298.2,308.1,1462,49.9,69,0,9.900000000000034,7639.704071048635,0.7128571428571429,1,0
298.1,308.1,1410,45.8,71,0,10.0,6762.592346117389,0.6361111111111111,1,0
298.1,308.0,1543,41.9,73,0,9.899999999999977,6770.310192069707,0.5662162162162162,0,1
298.0,307.9,1479,47.6,76,0,9.899999999999977,7372.312648326097,0.6181818181818182,0,1
298.0,307.8,1839,22.7,79,0,9.800000000000011,4371.557593396733,0.28375,1,0
298.0,307.8,1266,60.5,81,0,9.800000000000011,8020.800203880101,0.7378048780487805,1,0
297.9,307.7,1593,34.9,83,0,9.800000000000011,5821.968089706068,0.41547619047619044,1,0
297.9,307.8,1459,46.9,85,0,9.900000000000034,7165.66915554847,0.5453488372093023,1,0
297.9,307.7,1308,55.2,87,0,9.800000000000011,7560.933871247627,0.6272727272727273,1,0
297.9,307.7,1364,46.8,89,0,9.800000000000011,6684.806512014504,0.52,0,1
297.9,307.7,1618,35.9,92,0,9.800000000000011,6082.772639831581,0.38602150537634405,0,0
297.9,307.7,1464,43.2,97,0,9.800000000000011,6622.979968591858,0.44081632653061226,0,0
297.8,307.6,1352,49.4,102,0,9.800000000000011,6994.106780735932,0.47961165048543686,0,1
297.8,307.6,1446,51.4,105,0,9.800000000000011,7783.232967415641,0.4849056603773585,1,0
297.8,307.5,1448,51.2,107,0,9.699999999999989,7763.671317159289,0.4740740740740741,1,0
297.8,307.5,1391,48.6,109,0,9.699999999999989,7079.327717452313,0.44181818181818183,1,0
297.7,307.5,1379,43.3,111,0,9.800000000000011,6252.889882023468,0.3866071428571428,1,0
297.8,307.5,1405,46.9,113,0,9.699999999999989,6900.455903732422,0.4114035087719298,0,1
297.8,307.5,1581,33.1,116,0,9.699999999999989,5480.099977142428,0.2829059829059829,1,0
297.9,307.6,1515,40.5,118,0,9.700000000000045,6425.342374754525,0.3403361344537815,1,0
297.9,307.6,1589,37.8,120,0,9.700000000000045,6289.908315458269,0.31239669421487604,1,0
298.0,307.6,1281,50.8,122,0,9.600000000000023,6814.617120460835,0.4130081300813008,1,0
297.8,307.5,1631,31.3,124,0,9.699999999999989,5345.974914785167,0.2504,0,0
297.9,307.6,1202,67.0,129,0,9.700000000000045,8433.50075880668,0.5153846153846153,0,1
297.9,307.6,1298,52.7,132,0,9.700000000000045,7163.312961058279,0.3962406015037594,1,0
297.9,307.6,1612,30.7,134,0,9.700000000000045,5182.41312926377,0.2274074074074074,1,0
297.9,307.6,1747,25.3,136,0,9.700000000000045,4628.518928509354,0.18467153284671534,1,0
298.0,307.6,1450,48.7,138,0,9.600000000000023,7394.785507774775,0.35035971223021584,1,0
298.0,307.7,1422,45.6,140,0,9.699999999999989,6790.364025175122,0.32340425531914896,1,0
298.1,307.7,1419,47.4,142,0,9.599999999999966,7043.513561201388,0.33146853146853145,0,1
298.1,307.7,1633,30.7,145,0,9.599999999999966,5249.925955389415,0.21027397260273972,0,1
298.0,307.7,1442,43.6,148,0,9.699999999999989,6583.856668079154,0.29261744966442954,1,0
298.0,307.6,1420,45.8,150,0,9.600000000000023,6810.553993962192,0.3033112582781457,0,0
298.0,307.6,1301,58.5,155,0,9.600000000000023,7970.063482524627,0.375,0,1
298.0,307.6,1385,45.0,158,0,9.600000000000023,6526.658737832796,0.2830188679245283,1,0
298.0,307.7,1487,41.3,160,0,9.699999999999989,6431.164793139177,0.25652173913043474,0,1
298.0,307.6,1459,44.4,163,0,9.600000000000023,6783.703848749512,0.2707317073170732,0,1
298.0,307.5,1387,45.5,166,0,9.5,6608.706665969048,0.27245508982035926,0,1
298.1,307.7,1537,40.8,169,0,9.599999999999966,6566.933955651816,0.24,1,0
298.1,307.6,1498,42.9,171,0,9.5,6729.7312869608395,0.24941860465116278,1,0
298.2,307.8,1599,31.2,173,0,9.600000000000023,5224.342919213682,0.1793103448275862,0,1
298.3,307.9,1420,39.2,176,0,9.599999999999966,5829.1204489807415,0.22146892655367234,0,0
298.2,307.9,1785,23.4,181,0,9.699999999999989,4374.039451593069,0.12857142857142856,1,0
298.2,307.8,1423,48.1,183,0,9.600000000000023,7167.679774846769,0.2614130434782609,1,0
298.2,307.8,1583,36.6,185,0,9.600000000000023,6067.232228171824,0.1967741935483871,0,1
298.2,307.8,1375,46.6,188,0,9.600000000000023,6709.9183092921985,0.24656084656084656,1,0
298.3,308.0,1463,42.5,190,0,9.699999999999989,6511.212573952646,0.22251308900523561,0,1
298.2,307.9,1403,45.1,193,0,9.699999999999989,6626.173921123008,0.23247422680412372,0,1
298.3,308.0,1451,47.1,196,0,9.699999999999989,7156.7679763633,0.23908629441624366,1,0
298.4,308.0,1416,38.2,198,1,9.600000000000023,5664.417218128541,0.1919597989949749,0,1
298.3,308.1,1672,41.3,0,0,9.800000000000011,7231.276082130938,41.3,1,0
298.3,308.0,1637,30.8,2,0,9.699999999999989,5279.928165231197,10.266666666666667,0,0
298.4,308.0,1540,37.8,7,0,9.600000000000023,6095.946385025634,4.725,1,0
298.4,308.1,1279,53.1,9,0,9.700000000000045,7112.031696976182,5.3100000000000005,1,0
298.4,308.2,1604,34.9,11,0,9.800000000000011,5862.170003696505,2.908333333333333,1,0
298.5,308.2,1654,27.1,13,0,9.699999999999989,4693.895471630558,1.9357142857142857,1,0
298.5,308.2,1564,37.5,15,0,9.699999999999989,6141.813637768046,2.34375,0,1
298.5,308.2,1451,47.5,18,0,9.699999999999989,7217.54732223475,2.5,1,0
298.5,308.3,1504,38.0,20,0,9.800000000000011,5984.943444598795,1.8095238095238095,1,0
298.5,308.3,1381,50.5,22,0,9.800000000000011,7303.208081922631,2.1956521739130435,0,1
298.6,308.4,1562,34.4,25,0,9.799999999999955,5626.885657893655,1.323076923076923,1,0
298.5,308.3,1811,24.7,27,0,9.800000000000011,4684.292670086085,0.8821428571428571,1,0
298.6,308.3,1717,28.7,29,0,9.699999999999989,5160.369620811081,0.9566666666666667,0,1
298.6,308.3,1278,60.5,32,0,9.699999999999989,8096.826746096973,1.8333333333333333,1,0
298.7,308.5,1616,30.2,34,0,9.800000000000011,5110.659153055779,0.8628571428571429,1,0
298.6,308.4,1397,46.4,36,0,9.799999999999955,6788.018302660441,1.2540540540540541,1,0
298.6,308.4,1485,42.9,38,0,9.799999999999955,6671.329079530606,1.0999999999999999,1,0
298.6,308.4,1310,59.7,40,0,9.799999999999955,8189.817888643232,1.4560975609756097,1,0
298.5,308.2,1301,66.3,42,1,9.699999999999989,9032.73861352791,1.541860465116279,1,0
298.5,308.3,1458,44.0,44,0,9.800000000000011,6717.981730436413,0.9777777777777777,1,0
298.7,308.5,1483,42.5,46,0,9.800000000000011,6600.224365804355,0.9042553191489362,1,0
298.7,308.5,1375,46.4,48,0,9.800000000000011,6681.120376634292,0.946938775510204,1,0
298.7,308.5,1660,27.0,50,0,9.800000000000011,4693.539424463151,0.5294117647058824,0,1
298.7,308.4,1560,33.3,53,0,9.699999999999989,5439.981838956085,0.6166666666666666,0,0
298.7,308.5,1480,42.2,58,0,9.800000000000011,6540.377025753471,0.7152542372881356,1,0
298.7,308.4,1373,46.9,60,0,9.699999999999989,6743.292495248836,0.7688524590163934,1,0
298.7,308.5,1444,54.2,62,0,9.800000000000011,8195.870690489148,0.8603174603174604,1,0
298.7,308.6,1722,24.7,64,0,9.900000000000034,4454.087232406537,0.38,0,1
298.7,308.5,1469,39.9,67,0,9.800000000000011,6137.94947880413,0.586764705882353,1,0
298.7,308.5,1360,52.9,69,0,9.800000000000011,7533.958062328803,0.7557142857142857,0,1
298.7,308.4,1750,25.8,72,0,9.699999999999989,4728.096943652638,0.35342465753424657,1,0
298.7,308.3,1349,46.6,74,0,9.600000000000023,6583.039853989219,0.6213333333333334,0,1
298.7,308.5,1668,35.2,77,0,9.800000000000011,6148.473814193656,0.45128205128205134,1,0
298.9,308.6,1400,49.5,79,0,9.700000000000045,7257.079029792421,0.61875,1,0
298.8,308.6,1331,62.8,81,0,9.800000000000011,8753.189227235976,0.7658536585365854,1,0
298.8,308.5,1444,42.2,83,0,9.699999999999989,6381.286773775683,0.5023809523809524,1,0
298.8,308.5,1359,47.6,85,0,9.699999999999989,6774.153407082599,0.5534883720930233,0,0
298.8,308.5,1425,47.4,90,0,9.699999999999989,7073.295859557418,0.5208791208791209,0,1
298.9,308.6,1469,34.2,93,0,9.700000000000045,5261.099553260683,0.3638297872340426,0,1
299.0,308.7,1892,22.8,96,0,9.699999999999989,4517.358908449835,0.23505154639175257,1,0
299.0,308.7,1940,19.9,98,0,9.699999999999989,4042.8108661495844,0.201010101010101,0,0
299.0,308.8,1405,55.2,103,0,9.800000000000011,8121.645328060335,0.5307692307692308,1,0
299.0,308.9,1449,39.6,105,0,9.899999999999977,6008.861436668127,0.3735849056603774,0,1
299.1,308.9,1686,29.6,108,0,9.799999999999955,5226.102211099693,0.27155963302752295,1,0
299.1,308.9,1680,27.2,110,0,9.799999999999955,4785.273929947973,0.24504504504504504,1,0
299.1,308.9,1397,52.4,112,0,9.799999999999955,7665.779290073429,0.463716814159292,0,1
299.2,309.0,1597,30.3,115,0,9.800000000000011,5067.294702460728,0.26120689655172413,0,1
299.3,309.1,1470,41.1,118,0,9.800000000000011,6326.853445064484,0.3453781512605042,1,0
299.3,309.1,1703,31.3,120,0,9.800000000000011,5581.971354922833,0.25867768595041324,0,1
299.3,309.1,1388,45.5,123,0,9.800000000000011,6613.471414826993,0.36693548387096775,1,0
299.3,309.2,1775,24.2,125,0,9.899999999999977,4498.237081164985,0.19206349206349205,1,0
299.3,309.2,1465,41.5,127,0,9.899999999999977,6366.699311887515,0.32421875,1,0
299.3,309.2,1586,37.9,129,0,9.899999999999977,6294.641648389676,0.2915384615384615,0,1
299.5,309.3,1675,29.2,132,0,9.800000000000011,5121.843222902559,0.21954887218045113,0,1
299.4,309.2,1470,44.4,135,0,9.800000000000011,6834.8489771499535,0.3264705882352941,0,1
299.5,309.3,1477,40.4,138,0,9.800000000000011,6248.711563794193,0.2906474820143885,1,0
299.5,309.3,1382,61.0,140,0,9.800000000000011,8828.084796097557,0.4326241134751773,1,0
299.6,309.4,1605,29.8,142,0,9.799999999999955,5008.641167618207,0.2083916083916084,0,1
299.6,309.4,1643,32.9,145,0,9.799999999999955,5660.594947066673,0.22534246575342465,1,0
299.5,309.3,1333,54.1,147,0,9.800000000000011,7551.896556380801,0.3655405405405405,1,0
299.5,309.3,1520,42.3,149,0,9.800000000000011,6733.061375173645,0.282,1,0
299.5,309.3,1902,24.0,151,0,9.800000000000011,4780.247381702229,0.15789473684210525,0,1
299.5,309.4,1386,44.4,154,0,9.899999999999977,6444.286178455671,0.2864516129032258,0,0
299.6,309.5,1803,27.7,159,0,9.899999999999977,5230.02920191668,0.173125,1,0
299.7,309.6,1359,50.7,161,0,9.900000000000034,7215.327263426214,0.312962962962963,1,0
299.7,309.6,1477,42.7,163,0,9.900000000000034,6604.45504391119,0.2603658536585366,0,1
299.7,309.6,1321,53.4,166,0,9.900000000000034,7387.078133797968,0.3197604790419162,1,0
299.6,309.5,1453,41.4,168,0,9.899999999999977,6299.333093419037,0.24497041420118343,1,0
299.7,309.6,1419,45.1,170,0,9.900000000000034,6701.739696417355,0.26374269005847956,1,0
299.7,309.6,1512,36.2,172,0,9.900000000000034,5731.772964621507,0.2092485549132948,1,0
299.7,309.6,1553,36.8,174,0,9.900000000000034,5984.775892990603,0.21028571428571427,1,0
299.7,309.6,1534,39.1,176,0,9.900000000000034,6281.028080224121,0.22090395480225988,0,1
299.7,309.6,1553,41.0,179,0,9.900000000000034,6667.8209677340965,0.22777777777777777,0,0
299.7,309.5,1352,49.7,184,0,9.800000000000011,7036.581113412467,0.2686486486486487,1,0
299.7,309.6,1313,60.0,186,0,9.900000000000034,8249.822308326797,0.32085561497326204,0,1
299.6,309.5,1570,35.5,189,0,9.899999999999977,5836.555551594238,0.1868421052631579,1,0
299.6,309.4,1677,31.1,191,0,9.799999999999955,5461.6274123393205,0.16197916666666667,1,0
299.5,309.4,1602,31.5,193,0,9.899999999999977,5284.473002603391,0.16237113402061856,1,0
299.5,309.4,1390,58.8,195,1,9.899999999999977,8558.955025440031,0.3,1,0
299.4,309.3,1544,36.0,197,0,9.900000000000034,5820.742868571169,0.18181818181818182,1,0
299.4,309.4,1701,31.2,199,0,10.0,5557.603067906487,0.156,1,0
299.4,309.3,1692,28.4,201,0,9.900000000000034,5032.077448813986,0.14059405940594058,0,1
299.3,309.3,1523,37.9,204,0,10.0,6044.602289090465,0.1848780487804878,0,1
299.3,309.2,2280,15.4,207,0,9.899999999999977,3676.9200417614943,0.07403846153846154,1,0
299.4,309.3,1485,47.1,209,0,9.900000000000034,7324.466192211924,0.22428571428571428,0,1
299.4,309.2,1513,36.1,212,0,9.800000000000011,5719.719720807233,0.16948356807511739,0,0
299.4,309.3,1743,28.2,0,0,9.900000000000034,5147.248235494589,28.2,0,0
299.5,309.3,1442,46.2,5,0,9.800000000000011,6976.471973973782,7.7,1,0
299.5,309.3,1462,46.7,7,0,9.800000000000011,7149.783168696819,5.8375,1,0
299.4,309.3,1439,49.7,9,0,9.900000000000034,7489.378862574363,4.970000000000001,0,0
299.5,309.3,1577,36.6,14,0,9.800000000000011,6044.235769947547,2.44,1,0
299.6,309.4,1331,46.4,16,0,9.799999999999955,6467.324524581994,2.7294117647058824,1,0
299.5,309.3,1941,22.5,18,0,9.800000000000011,4573.373505463342,1.1842105263157894,1,0
299.5,309.2,1393,47.3,20,0,9.699999999999989,6899.869473103751,2.2523809523809524,1,0
299.4,309.2,1433,42.1,22,0,9.800000000000011,6317.669522540489,1.8304347826086957,1,0
299.4,309.2,1444,48.2,24,0,9.800000000000011,7288.578732132415,1.9280000000000002,1,0
299.4,309.2,1564,39.0,26,0,9.800000000000011,6387.486183278768,1.4444444444444444,1,0
299.4,309.3,1377,43.6,28,0,9.900000000000034,6287.080882070038,1.503448275862069,1,0
299.4,309.3,1525,41.5,30,0,9.900000000000034,6627.451502135468,1.3387096774193548,1,0
299.5,309.4,1387,56.2,32,0,9.899999999999977,8162.842079724407,1.7030303030303031,0,1
299.4,309.4,1326,47.5,35,0,10.0,6595.77377621177,1.3194444444444444,0,1
299.4,309.3,1401,59.0,38,0,9.900000000000034,8656.030238435957,1.5128205128205128,1,0
299.4,309.3,1596,31.8,40,0,9.900000000000034,5314.820787637069,0.775609756097561,1,0
299.3,309.3,1471,46.0,42,0,10.0,7085.966949926898,1.069767441860465,0,1
299.3,309.3,1528,37.8,45,0,10.0,6048.445504103356,0.8217391304347825,1,0
299.3,309.3,1325,62.0,47,0,10.0,8602.72788308005,1.2916666666666667,1,0
299.3,309.1,1376,46.7,49,0,9.800000000000011,6729.207688185241,0.934,0,1
299.3,309.1,1600,35.3,52,0,9.800000000000011,5914.571769158384,0.6660377358490566,0,1
299.3,309.1,1495,44.0,55,0,9.800000000000011,6888.46549177122,0.7857142857142857,1,0
299.4,309.1,1645,28.6,57,0,9.700000000000045,4926.750319114633,0.4931034482758621,1,0
299.4,309.1,1417,47.3,59,0,9.700000000000045,7018.747339115588,0.7883333333333333,0,1
299.4,309.0,1415,51.7,62,0,9.600000000000023,7660.826045656271,0.8206349206349207,0,0
299.3,309.0,1496,43.4,67,0,9.699999999999989,6799.076708801078,0.638235294117647,0,1
299.3,309.0,1508,35.0,70,0,9.699999999999989,5527.1086752156425,0.49295774647887325,0,0
299.4,309.0,1436,47.9,75,0,9.600000000000023,7203.085524052725,0.6302631578947369,1,0
299.5,309.1,1852,22.6,77,0,9.600000000000023,4383.066294484383,0.28974358974358977,1,0
299.5,309.1,1863,22.5,79,0,9.600000000000023,4389.590335228338,0.28125,1,0
299.4,309.1,1373,44.1,81,0,9.700000000000045,6340.707868666816,0.5378048780487805,0,0
299.4,309.0,1404,47.3,86,0,9.600000000000023,6954.35516169251,0.5436781609195402,1,0
299.4,309.0,1381,44.9,88,0,9.600000000000023,6493.34738372923,0.5044943820224719,0,1
299.4,308.9,1762,29.3,91,0,9.5,5406.324909660627,0.3184782608695652,0,0
299.3,308.9,1429,43.0,96,0,9.599999999999966,6434.714792837734,0.44329896907216493,0,0
299.3,308.9,1858,24.7,101,0,9.599999999999966,4805.861833804498,0.24215686274509804,0,1
299.2,308.8,1908,21.3,104,0,9.600000000000023,4255.852735965021,0.20285714285714287,0,0
299.2,308.8,1503,37.4,109,0,9.600000000000023,5886.527818737339,0.33999999999999997,0,1
299.2,308.8,1523,38.9,112,0,9.600000000000023,6204.090476137707,0.34424778761061947,0,1
299.3,309.0,1491,38.4,115,0,9.699999999999989,5995.666747523048,0.3310344827586207,1,0
299.2,308.9,1430,39.1,117,0,9.699999999999989,5855.195668005538,0.3313559322033898,1,0
299.3,308.9,1258,69.4,119,1,9.599999999999966,9142.579164672921,0.5783333333333334,1,0
299.3,309.0,1449,46.5,121,0,9.699999999999989,7055.860020329997,0.38114754098360654,1,0
299.3,309.0,1425,40.6,123,0,9.699999999999989,6058.561432447916,0.3274193548387097,0,0
299.4,309.0,1800,24.3,128,0,9.600000000000023,4580.442088933918,0.18837209302325583,1,0
299.4,309.0,1607,33.7,130,0,9.600000000000023,5671.192586284783,0.25725190839694656,0,0
299.4,309.0,1391,58.2,135,0,9.600000000000023,8477.713439418201,0.42794117647058827,1,0
299.4,309.1,1432,45.4,137,0,9.700000000000045,6808.124495643417,0.3289855072463768,1,0
299.4,309.0,1660,28.4,139,0,9.600000000000023,4936.90813536124,0.20285714285714285,1,0
299.3,309.0,1732,29.7,141,0,9.699999999999989,5386.826091257346,0.2091549295774648,0,0
299.3,309.0,1473,46.3,146,0,9.699999999999989,7141.876827185284,0.3149659863945578,1,0
299.3,309.0,1511,47.8,148,0,9.699999999999989,7563.468089321522,0.3208053691275168,1,0
299.2,308.9,1588,41.5,150,0,9.699999999999989,6901.241301895819,0.27483443708609273,1,0
299.3,308.9,1623,31.1,152,0,9.599999999999966,5285.7610555913625,0.20326797385620915,1,0
299.3,309.0,1734,30.6,154,0,9.699999999999989,5556.472094551195,0.19741935483870968,1,0
299.3,309.0,1415,47.6,156,0,9.699999999999989,7053.294386329564,0.30318471337579617,1,0
299.3,309.0,1419,46.6,158,0,9.699999999999989,6924.6356951895505,0.2930817610062893,1,0
299.3,308.9,1577,34.9,160,0,9.599999999999966,5763.492578447251,0.2167701863354037,0,1
299.3,308.9,1376,60.3,163,0,9.599999999999966,8688.891297592505,0.3676829268292683,1,0
299.3,308.8,1442,49.0,165,0,9.5,7399.28845724492,0.29518072289156627,0,1
299.4,308.9,1451,40.5,168,0,9.5,6153.908769484366,0.23964497041420119,1,0
299.3,308.8,1550,45.8,170,0,9.5,7434.055415944647,0.2678362573099415,1,0
299.3,308.8,1647,32.9,172,0,9.5,5674.376066840421,0.19017341040462427,1,0
299.4,308.9,1550,33.7,174,0,9.5,5470.036408675429,0.1925714285714286,1,0
299.4,308.9,1583,34.1,176,0,9.5,5652.803797285771,0.19265536723163842,1,0
299.4,309.0,1613,32.2,178,0,9.600000000000023,5438.997473257961,0.17988826815642459,1,0
299.3,308.8,1636,35.5,180,0,9.5,6081.9139378396,0.19613259668508287,0,0
299.3,308.7,1289,51.5,185,0,9.399999999999977,6951.663863985934,0.2768817204301075,0,1
299.3,308.8,1648,28.4,188,0,9.5,4901.21964281646,0.15026455026455027,0,1
299.3,308.8,1397,45.4,191,0,9.5,6641.724804758277,0.23645833333333333,0,0
299.3,308.9,1767,24.8,196,0,9.599999999999966,4588.9872209516825,0.12588832487309645,0,1
299.3,308.8,1341,47.7,199,0,9.5,6698.472440057622,0.23850000000000002,1,0
299.4,308.9,1457,41.5,201,0,9.5,6331.932353187788,0.20544554455445543,0,1
299.4,309.0,1939,19.8,204,0,9.600000000000023,4020.4217825050023,0.09658536585365854,0,1
299.5,309.0,1399,49.7,207,0,9.5,7281.195989396481,0.2389423076923077,0,1
299.5,309.0,1602,31.3,210,0,9.5,5250.920793063053,0.14834123222748816,0,1
299.4,309.0,1507,41.0,213,0,9.600000000000023,6470.3195095784195,0.19158878504672897,1,0
299.4,309.1,1464,40.5,215,0,9.700000000000045,6209.043720554867,0.1875,1,0
299.5,309.1,1336,42.1,217,0,9.600000000000023,5890.025458558337,0.19311926605504587,1,0
299.6,309.2,1422,39.8,219,0,9.599999999999966,5926.677372850216,0.1809090909090909,1,0
299.6,309.2,1540,36.7,221,0,9.599999999999966,5918.551119852931,0.16531531531531532,1,0
299.5,309.1,1476,47.8,223,0,9.600000000000023,7388.271939006331,0.21339285714285713,1,0
299.6,309.2,1867,23.4,225,1,9.599999999999966,4574.975717716672,0.10353982300884955,0,1
299.6,309.1,1588,41.3,0,0,9.5,6867.982307669814,41.3,0,0
299.5,309.1,1420,49.5,5,0,9.600000000000023,7360.7515873608845,8.25,0,1
299.5,309.1,1415,49.2,8,0,9.600000000000023,7290.379911920474,5.466666666666667,1,0
299.4,309.1,1500,43.3,10,0,9.700000000000045,6801.548095021902,3.936363636363636,0,1
299.5,309.1,1502,44.6,13,0,9.600000000000023,7015.092619661912,3.185714285714286,1,0
299.5,309.2,1816,23.0,15,0,9.699999999999989,4373.93473183795,1.4375,1,0
299.5,309.2,1495,41.6,17,0,9.699999999999989,6512.731010401881,2.3111111111111113,0,1
299.6,309.2,1572,33.4,20,0,9.599999999999966,5498.289798606712,1.5904761904761904,1,0
299.5,309.2,1590,35.9,22,0,9.699999999999989,5977.508341985298,1.5608695652173912,0,1
299.6,309.3,1387,48.3,25,0,9.699999999999989,7015.396306951758,1.8576923076923075,0,1
299.6,309.2,1393,47.7,28,0,9.599999999999966,6958.219320656426,1.6448275862068966,0,1
299.6,309.2,1602,37.3,31,0,9.599999999999966,6257.487079273222,1.165625,1,0
299.6,309.2,1601,33.3,33,0,9.599999999999966,5582.9557206209565,0.9794117647058823,1,0
299.6,309.2,1597,36.3,35,0,9.599999999999966,6070.719396017308,1.0083333333333333,0,0
299.5,309.1,1548,44.3,40,0,9.600000000000023,7181.303814987836,1.0804878048780486,0,0
299.5,309.2,1314,61.8,45,0,9.699999999999989,8503.788658442996,1.3434782608695652,0,1
299.6,309.3,1577,39.8,48,0,9.699999999999989,6572.693542183398,0.8122448979591836,0,1
299.8,309.4,1475,43.4,51,0,9.599999999999966,6703.63512398502,0.8346153846153845,1,0
299.8,309.4,1630,32.4,53,0,9.599999999999966,5530.459707379471,0.6,1,0
299.7,309.4,1445,42.9,55,0,9.699999999999989,6491.629979745268,0.7660714285714285,1,0
299.8,309.4,1439,47.4,57,0,9.599999999999966,7142.7878890548245,0.8172413793103448,0,1
299.7,309.3,1420,44.1,60,0,9.600000000000023,6557.760505103334,0.7229508196721312,1,0
299.7,309.2,1554,41.6,62,0,9.5,6769.755177367573,0.6603174603174603,0,0
299.6,309.1,1471,44.3,67,0,9.5,6824.094258299165,0.651470588235294,0,1
299.6,309.0,1648,33.6,70,0,9.399999999999977,5798.626056289896,0.47323943661971835,1,0
299.6,309.0,1472,48.8,72,0,9.399999999999977,7522.397001363591,0.6684931506849314,1,0
299.5,308.9,1448,42.9,74,0,9.399999999999977,6505.107412229169,0.572,0,1
299.6,308.9,1568,35.3,77,0,9.299999999999955,5796.280333775216,0.4525641025641025,0,1
299.6,308.9,1613,30.8,80,0,9.299999999999955,5202.519322246745,0.3802469135802469,1,0
299.7,308.9,1551,35.4,82,0,9.199999999999989,5749.680042746968,0.42650602409638555,0,1
299.7,309.0,1412,49.2,85,0,9.300000000000011,7274.923276064813,0.572093023255814,1,0
299.7,308.9,1478,41.0,87,0,9.199999999999989,6345.8077207411425,0.4659090909090909,0,1
299.8,309.1,1268,58.0,90,0,9.300000000000011,7701.509670520259,0.6373626373626373,0,1
299.8,309.1,1546,35.6,93,0,9.300000000000011,5763.523994373786,0.37872340425531914,1,0
299.8,309.0,1567,36.1,95,0,9.199999999999989,5923.860411437498,0.37604166666666666,1,0
299.9,309.2,1548,35.7,97,0,9.300000000000011,5787.190659030831,0.3642857142857143,0,1
299.8,309.0,1614,30.8,100,0,9.199999999999989,5205.744690704431,0.30495049504950494,1,0
299.7,309.1,1352,46.1,102,0,9.400000000000034,6526.889121294059,0.4475728155339806,0,1
299.9,309.2,1624,34.6,105,0,9.300000000000011,5884.24492807573,0.3264150943396227,1,0
299.9,309.2,1436,52.0,107,0,9.300000000000011,7819.633554295235,0.48148148148148145,1,0
299.8,309.2,1591,37.5,109,0,9.399999999999977,6247.842389826701,0.3409090909090909,1,0
299.8,309.2,1435,42.6,111,0,9.399999999999977,6401.623350219922,0.3803571428571429,0,0
299.8,309.3,1386,49.4,116,0,9.5,7169.994081434913,0.4222222222222222,1,0
299.7,309.2,1401,54.1,118,0,9.5,7937.139591515004,0.4546218487394958,1,0
299.6,309.0,1245,64.0,120,0,9.399999999999977,8344.07008793449,0.5289256198347108,0,1
299.7,309.1,1475,40.0,123,0,9.400000000000034,6178.465552059926,0.3225806451612903,1,0
299.7,309.1,1473,39.4,125,0,9.400000000000034,6077.536652075599,0.3126984126984127,1,0
299.7,309.2,1355,44.8,127,0,9.5,6356.908014783828,0.35,0,0
299.7,309.2,1468,49.6,132,0,9.5,7624.938585576764,0.37293233082706767,0,0
299.7,309.2,1645,30.8,137,0,9.5,5305.731112892682,0.22318840579710145,1,0
299.7,309.1,1347,55.3,139,0,9.400000000000034,7800.480311083849,0.39499999999999996,1,0
299.7,309.1,1713,33.5,141,0,9.400000000000034,6009.395507419236,0.23591549295774647,1,0
299.6,309.1,1435,48.4,143,0,9.5,7273.20587208085,0.3361111111111111,0,1
299.6,309.0,1736,26.1,146,0,9.399999999999977,4744.8102165697355,0.17755102040816328,0,1
299.6,309.0,1372,60.4,149,0,9.399999999999977,8678.000443060062,0.4026666666666667,1,0
299.7,309.0,1605,33.0,151,0,9.300000000000011,5546.48182991278,0.21710526315789475,1,0
299.6,309.0,1413,48.5,153,0,9.399999999999977,7176.4971782278435,0.31493506493506496,1,0
299.7,309.0,1645,31.9,155,0,9.300000000000011,5495.221509781706,0.20448717948717948,0,1
299.7,309.0,1465,49.0,158,0,9.300000000000011,7517.307621264777,0.3081761006289308,0,1
299.6,308.9,1685,27.8,161,0,9.299999999999955,4905.387489070224,0.17160493827160495,0,1
299.5,308.8,1965,20.4,164,0,9.300000000000011,4197.796103726681,0.12363636363636363,1,0
299.4,308.6,1542,41.8,166,0,9.200000000000045,6749.774648090742,0.2502994011976048,0,0
299.4,308.7,1681,30.8,171,0,9.300000000000011,5421.844377369361,0.17906976744186046,1,0
299.5,308.7,1446,45.7,173,0,9.199999999999989,6920.111801768381,0.26264367816091955,1,0
299.4,308.6,1415,56.4,175,0,9.200000000000045,8357.264777079567,0.32045454545454544,1,0
299.5,308.6,1672,30.5,177,0,9.100000000000023,5340.288632082171,0.17134831460674158,1,0
299.5,308.7,2549,13.0,179,1,9.199999999999989,3470.0985254001657,0.07222222222222222,1,0
299.4,308.6,1492,40.5,181,0,9.200000000000045,6327.795922860561,0.22252747252747251,1,0
299.4,308.6,1455,42.7,183,0,9.200000000000045,6506.081305951782,0.23206521739130437,0,1
299.3,308.5,1422,43.1,186,0,9.199999999999989,6418.085295724732,0.2304812834224599,0,1
299.3,308.6,1403,50.6,189,0,9.300000000000011,7434.243911503862,0.26631578947368423,1,0
299.3,308.6,1474,49.6,191,0,9.300000000000011,7656.103184700375,0.25833333333333336,1,0
299.2,308.6,1381,50.0,193,0,9.400000000000034,7230.899091012506,0.25773195876288657,1,0
299.2,308.5,1457,44.7,195,0,9.300000000000011,6820.17773945769,0.22806122448979593,1,0
299.2,308.4,1711,28.9,197,0,9.199999999999989,5178.171979181423,0.14595959595959596,1,0
299.2,308.4,1667,29.0,199,0,9.199999999999989,5062.467121749712,0.145,1,0
299.2,308.4,1465,35.0,201,0,9.199999999999989,5369.505443760555,0.17326732673267325,1,0
299.3,308.4,1542,37.5,203,1,9.099999999999966,6055.419839794326,0.18382352941176472,0,1
299.3,308.4,1438,42.3,0,0,9.099999999999966,6369.830432565593,42.3,0,1
299.3,308.4,1406,47.4,3,0,9.099999999999966,6978.985248096653,11.85,1,0
299.2,308.4,1396,48.5,5,0,9.199999999999989,7090.155740131685,8.083333333333334,0,1
299.3,308.5,1304,60.6,8,0,9.199999999999989,8275.206376967802,6.733333333333333,0,1
299.2,308.5,1442,46.5,11,0,9.300000000000011,7021.773740038547,3.875,1,0
299.2,308.4,1396,48.7,13,0,9.199999999999989,7119.393495761094,3.4785714285714286,0,1
299.1,308.3,1424,43.4,16,0,9.199999999999989,6471.8484180031655,2.552941176470588,0,0
299.1,308.3,1451,42.8,21,0,9.199999999999989,6503.390008245206,1.9454545454545453,0,0
299.2,308.4,1386,54.1,26,0,9.199999999999989,7852.1595102354,2.0037037037037035,1,0
299.1,308.3,1325,46.9,28,0,9.199999999999989,6507.547382523458,1.6172413793103448,1,0
299.1,308.3,1559,33.7,30,0,9.199999999999989,5501.797910403221,1.0870967741935484,1,0
299.1,308.3,1489,38.1,32,0,9.199999999999989,5940.845955717906,1.1545454545454545,1,0
299.1,308.3,1892,25.2,34,0,9.199999999999989,4992.8703724971865,0.72,1,0
299.1,308.2,1319,60.3,36,0,9.099999999999966,8328.959027270723,1.6297297297297297,1,0
299.1,308.3,1431,52.3,38,0,9.199999999999989,7837.362608836993,1.341025641025641,1,0
299.1,308.3,1521,36.5,40,0,9.199999999999989,5813.674285100591,0.8902439024390244,0,0
299.1,308.2,1435,45.2,45,0,9.099999999999966,6792.332756571373,0.982608695652174,0,1
299.1,308.3,1533,42.4,48,0,9.199999999999989,6806.700306973788,0.8653061224489795,1,0
299.2,308.4,1529,43.0,50,0,9.199999999999989,6885.009739852271,0.8431372549019608,0,1
299.2,308.4,1415,43.5,53,0,9.199999999999989,6445.762727002858,0.8055555555555556,0,1
299.2,308.4,1330,51.2,56,0,9.199999999999989,7130.996444628352,0.8982456140350877,0,1
299.2,308.5,1381,60.6,59,0,9.300000000000011,8763.849698307158,1.01,1,0
299.2,308.5,1370,52.4,61,0,9.300000000000011,7517.621780530135,0.8451612903225806,1,0
299.2,308.5,1438,46.6,63,0,9.300000000000011,7017.354566372497,0.728125,1,0
299.3,308.6,1314,48.2,65,0,9.300000000000011,6632.404746552628,0.7303030303030303,1,0
299.3,308.6,1437,48.1,67,0,9.300000000000011,7238.198057944348,0.7073529411764706,1,0
299.2,308.5,1821,26.1,69,0,9.300000000000011,4977.130993302701,0.3728571428571429,1,0
299.3,308.6,1448,52.1,71,0,9.300000000000011,7900.142102031229,0.7236111111111111,0,1
299.3,308.5,1589,32.7,74,0,9.199999999999989,5441.269891944059,0.43600000000000005,1,0
299.3,308.6,1520,33.7,76,0,9.300000000000011,5364.164736249453,0.4376623376623377,1,0
299.3,308.6,1605,37.0,78,0,9.300000000000011,6218.782657780996,0.46835443037974683,1,0
299.3,308.7,1393,54.2,80,0,9.399999999999977,7906.404343387386,0.6691358024691358,1,0
299.3,308.7,1408,44.4,82,0,9.399999999999977,6546.576435256554,0.5349397590361445,0,0
299.3,308.7,1459,35.6,87,0,9.399999999999977,5439.185968817176,0.40454545454545454,0,1
299.4,308.7,1525,39.0,90,0,9.300000000000011,6228.207435741765,0.42857142857142855,1,0
299.4,308.8,1390,57.0,92,0,9.400000000000034,8296.946198130643,0.6129032258064516,1,0
299.3,308.7,1536,38.9,94,0,9.399999999999977,6257.047256301719,0.4094736842105263,1,0
299.4,308.7,1459,47.6,96,0,9.300000000000011,7272.61944145218,0.4907216494845361,1,0
299.2,308.5,1387,51.1,98,0,9.300000000000011,7422.085947934469,0.5161616161616162,1,0
299.2,308.5,1378,53.4,100,0,9.300000000000011,7705.824124431188,0.5287128712871287,1,0
299.4,308.7,1381,56.7,102,0,9.300000000000011,8199.839569208183,0.550485436893204,1,0
299.4,308.7,1289,60.5,104,0,9.300000000000011,8166.517743129106,0.5761904761904761,0,1
299.4,308.6,1746,26.8,107,0,9.200000000000045,4900.130557363216,0.24814814814814815,1,0
299.4,308.6,1541,39.1,109,0,9.200000000000045,6309.6898772003715,0.35545454545454547,0,1
299.4,308.7,1504,37.8,112,0,9.300000000000011,5953.443742258802,0.33451327433628314,1,0
299.5,308.7,1321,51.9,114,0,9.199999999999989,7179.575939028362,0.45130434782608697,0,1
299.5,308.8,1886,20.9,117,0,9.300000000000011,4127.780475453677,0.1771186440677966,0,1
299.6,308.9,1422,53.2,120,0,9.299999999999955,7922.091362704309,0.43966942148760335,1,0
299.5,308.9,1520,38.3,122,0,9.399999999999977,6096.365264046113,0.3113821138211382,1,0
299.4,308.8,1627,32.6,124,0,9.400000000000034,5554.356755497779,0.26080000000000003,1,0
299.4,308.7,1512,37.2,126,0,9.300000000000011,5890.109234362432,0.2929133858267717,1,0
299.4,308.7,1553,42.7,128,0,9.300000000000011,6944.291593225511,0.33100775193798454,1,0
299.3,308.7,1802,26.0,130,0,9.399999999999977,4906.329966866299,0.1984732824427481,1,0
299.3,308.6,1482,37.6,132,0,9.300000000000011,5835.3198584838265,0.28270676691729324,1,0
299.4,308.7,1446,62.9,134,1,9.300000000000011,9524.617775300463,0.4659259259259259,1,0
299.3,308.6,1371,50.5,136,0,9.300000000000011,7250.324605587204,0.3686131386861314,1,0
299.2,308.6,1586,35.7,138,0,9.400000000000034,5929.253478826161,0.25683453237410075,0,1
299.2,308.5,1515,39.8,141,0,9.300000000000011,6314.287074450125,0.28028169014084503,1,0
299.2,308.5,1374,53.6,143,0,9.300000000000011,7712.232973444512,0.37222222222222223,1,0
299.1,308.5,1455,39.8,145,0,9.399999999999977,6064.216299224377,0.2726027397260274,1,0
299.2,308.5,1342,47.5,147,0,9.300000000000011,6675.360790102712,0.32094594594594594,0,0
299.1,308.6,1260,57.8,152,0,9.5,7626.530325854582,0.37777777777777777,1,0
299.0,308.5,1623,33.5,154,0,9.5,5693.665445733461,0.2161290322580645,0,0
299.1,308.5,1371,55.5,159,0,9.399999999999977,7968.178526932472,0.346875,1,0
299.1,308.6,1611,31.4,161,0,9.5,5297.2907006300375,0.19382716049382714,1,0
299.0,308.4,1535,47.5,163,0,9.399999999999977,7635.379145162192,0.2896341463414634,0,1
299.1,308.6,1491,38.5,166,0,9.5,6011.280463011389,0.23053892215568864,0,1
299.1,308.6,1441,36.2,169,0,9.5,5462.622250012957,0.21294117647058824,0,1
299.1,308.8,1725,26.6,172,0,9.699999999999989,4805.065963665588,0.15375722543352602,0,1
299.2,308.9,1368,47.2,175,0,9.699999999999989,6761.712700174383,0.2681818181818182,1,0
299.2,308.9,1526,37.9,177,0,9.699999999999989,6056.508925247571,0.21292134831460674,1,0
299.2,308.8,1542,39.2,179,0,9.600000000000023,6329.932205865003,0.2177777777777778,1,0
299.2,308.8,1605,31.1,181,0,9.600000000000023,5227.138936675377,0.17087912087912088,1,0
299.2,308.8,1405,51.4,183,0,9.600000000000023,7562.5465554764705,0.2793478260869565,1,0
299.2,308.8,1700,33.5,185,0,9.600000000000023,5963.790054064623,0.18010752688172044,0,1
299.2,308.8,1440,39.1,188,0,9.600000000000023,5896.141092257324,0.20687830687830688,0,0
299.2,308.8,1314,52.5,193,0,9.600000000000023,7224.09230692973,0.2706185567010309,0,1
299.2,308.7,1514,41.9,196,0,9.5,6643.065217623808,0.21269035532994923,1,0
299.2,308.7,1401,47.0,198,0,9.5,6895.481715364236,0.23618090452261306,0,1
299.3,308.8,1636,29.9,201,0,9.5,5122.513429335325,0.148019801980198,1,0
299.3,308.8,1603,33.9,203,0,9.5,5690.649516786015,0.1661764705882353,1,0
299.4,308.7,1487,52.6,205,0,9.300000000000011,8190.781310390334,0.25533980582524274,0,1
299.3,308.7,1420,50.3,208,0,9.399999999999977,7479.713229176818,0.24066985645933012,0,1
299.3,308.7,1579,36.3,211,0,9.399999999999977,6002.295508022122,0.1712264150943396,1,0
299.3,308.7,1484,40.5,213,0,9.399999999999977,6293.866722201791,0.18925233644859812,1,0
299.3,308.7,1390,49.3,215,0,9.399999999999977,7176.130659084924,0.22824074074074072,0,1
299.3,308.6,1384,53.6,218,1,9.300000000000011,7768.362762188649,0.2447488584474886,1,0
299.2,308.5,1378,50.4,220,1,9.300000000000011,7272.912656766514,0.22805429864253393,1,0
299.2,308.5,1445,45.2,222,0,9.300000000000011,6839.666085885458,0.20269058295964126,1,0
299.2,308.4,1445,43.5,224,0,9.199999999999989,6582.422007434014,0.19333333333333333,1,0
299.2,308.4,1509,39.4,0,0,9.199999999999989,6226.071152737323,39.4,1,0
299.2,308.4,1434,46.8,2,0,9.199999999999989,7027.86842978651,15.6,1,0
299.2,308.4,1877,23.9,4,0,9.199999999999989,4697.759630594473,4.779999999999999,1,0
299.3,308.3,1651,28.0,6,0,9.0,4840.984839671632,4.0,1,0
299.2,308.2,1466,41.3,8,0,9.0,6340.341349523896,4.588888888888889,1,0
299.1,308.1,1479,40.7,10,0,9.0,6303.637075354457,3.7,1,0
299.1,308.2,1409,46.4,12,0,9.099999999999966,6846.326262311069,3.569230769230769,1,0
299.2,308.2,1674,28.2,14,0,9.0,4943.484535982755,1.88,0,1
299.1,308.3,1305,61.4,17,0,9.199999999999989,8390.879818472979,3.411111111111111,1,0
299.2,308.3,1755,26.4,19,0,9.100000000000023,4851.875694204075,1.3199999999999998,0,1
299.2,308.4,1475,38.7,22,0,9.199999999999989,5977.6654216179795,1.682608695652174,1,0
299.2,308.4,1402,47.7,24,0,9.199999999999989,7003.175511529295,1.9080000000000001,1,0
299.2,308.3,1410,43.0,26,0,9.100000000000023,6349.158752904972,1.5925925925925926,1,0
299.2,308.4,1436,41.8,28,0,9.199999999999989,6285.782357106554,1.4413793103448276,1,0
299.3,308.5,1386,42.2,30,0,9.199999999999989,6124.974701144804,1.3612903225806452,0,1
299.3,308.6,1744,26.4,33,0,9.300000000000011,4821.465077317326,0.776470588235294,1,0
299.2,308.4,1393,48.4,35,0,9.199999999999989,7060.331553873606,1.3444444444444443,1,0
299.3,308.5,1422,45.4,37,0,9.199999999999989,6760.58172681909,1.194736842105263,0,1
299.2,308.4,1841,22.8,40,0,9.199999999999989,4395.590777196695,0.5560975609756098,1,0
299.3,308.6,1433,37.7,42,0,9.300000000000011,5657.390522560011,0.8767441860465117,1,0
299.3,308.5,1305,60.6,44,0,9.199999999999989,8281.552394128053,1.3466666666666667,0,1
299.3,308.6,1498,39.5,47,0,9.300000000000011,6196.3726301853885,0.8229166666666666,0,0
299.3,308.5,1772,26.1,52,0,9.199999999999989,4843.204898480169,0.49245283018867925,1,0
299.2,308.4,1381,42.5,54,0,9.199999999999989,6146.26422736063,0.7727272727272727,0,1
299.3,308.5,1413,38.5,57,0,9.199999999999989,5696.807038387051,0.6637931034482759,1,0
299.2,308.4,1388,53.2,59,0,9.199999999999989,7732.67426964387,0.8866666666666667,0,0
299.2,308.6,1631,35.4,64,0,9.400000000000034,6046.246389245844,0.5446153846153846,0,1
299.3,308.6,1520,41.4,67,0,9.300000000000011,6589.80475016995,0.6088235294117647,0,0
299.3,308.5,1510,45.4,72,0,9.199999999999989,7178.958092473155,0.6219178082191781,1,0
299.2,308.5,1366,49.7,74,0,9.300000000000011,7109.445119024726,0.6626666666666667,1,0
299.4,308.5,1845,22.9,76,0,9.100000000000023,4424.4620136831845,0.2974025974025974,1,0
299.3,308.5,1485,44.7,78,0,9.199999999999989,6951.244984965457,0.5658227848101266,1,0
299.3,308.5,1496,39.4,80,0,9.199999999999989,6172.4336941650345,0.4864197530864197,0,1
299.3,308.4,1468,42.2,83,0,9.099999999999966,6487.346941760876,0.5023809523809524,0,1
299.2,308.4,1856,22.7,86,0,9.199999999999989,4411.96894689741,0.26091954022988506,0,1
299.2,308.4,1620,34.1,89,0,9.199999999999989,5784.928712320245,0.3788888888888889,1,0
299.3,308.5,1409,44.8,91,0,9.199999999999989,6610.246046369307,0.4869565217391304,1,0
299.3,308.5,1404,49.4,93,0,9.199999999999989,7263.110887687315,0.5255319148936171,0,1
299.2,308.4,1350,51.3,96,0,9.199999999999989,7252.366640812037,0.5288659793814433,1,0
299.2,308.4,1538,38.0,98,0,9.199999999999989,6120.241368213396,0.3838383838383838,0,1
299.2,308.4,1476,32.7,101,0,9.199999999999989,5054.3199248014025,0.3205882352941177,0,1
299.2,308.3,1364,51.8,104,0,9.100000000000023,7398.995241930584,0.4933333333333333,0,1
299.2,308.3,1582,45.5,107,0,9.100000000000023,7537.83269326823,0.4212962962962963,0,1
299.1,308.2,1348,56.1,110,0,9.099999999999966,7919.2010974630075,0.5054054054054055,1,0
299.1,308.2,1450,46.1,112,0,9.099999999999966,6999.992030973658,0.4079646017699115,0,0
299.0,308.1,1242,60.9,117,0,9.100000000000023,7920.771893789802,0.5161016949152543,1,0
299.1,308.2,1493,34.9,119,0,9.099999999999966,5456.496144338456,0.29083333333333333,1,0
299.1,308.3,1601,31.4,121,0,9.199999999999989,5264.408697522464,0.25737704918032783,1,0
299.1,308.2,1568,33.3,123,0,9.099999999999966,5467.879181719963,0.26854838709677414,1,0
299.1,308.3,1506,38.0,125,0,9.199999999999989,5992.9021459878895,0.30158730158730157,0,1
299.1,308.3,1524,34.1,128,0,9.199999999999989,5442.118121960527,0.26434108527131783,1,0
299.1,308.4,1543,37.9,130,0,9.299999999999955,6123.979863471167,0.28931297709923665,1,0
299.2,308.5,1474,47.2,132,0,9.300000000000011,7285.646578989066,0.3548872180451128,0,1
299.2,308.5,1526,37.3,135,0,9.300000000000011,5960.6275174600105,0.2742647058823529,0,1
299.2,308.5,1867,27.0,138,0,9.300000000000011,5278.818135826929,0.19424460431654678,1,0
299.2,308.5,1487,41.2,140,0,9.300000000000011,6415.592965552885,0.2921985815602837,1,0
299.2,308.4,1580,32.6,142,0,9.199999999999989,5393.905146703436,0.22797202797202798,1,0
299.2,308.5,1340,50.0,144,0,9.300000000000011,7016.223593017205,0.3448275862068966,1,0
299.2,308.5,1544,41.6,146,0,9.300000000000011,6726.191759237795,0.2829931972789116,1,0
299.2,308.5,1488,40.3,148,0,9.300000000000011,6279.666723407565,0.2704697986577181,1,0
299.2,308.5,1742,28.9,150,0,9.300000000000011,5271.990407793128,0.19139072847682118,0,1
299.1,308.5,1592,34.2,153,0,9.399999999999977,5701.613675147044,0.2220779220779221,0,1
299.2,308.6,1582,38.8,156,0,9.400000000000034,6427.866120852907,0.2471337579617834,1,0
299.2,308.5,1490,43.2,158,0,9.300000000000011,6740.601197542261,0.27169811320754716,1,0
299.2,308.5,1594,35.8,160,0,9.300000000000011,5975.853769854409,0.22236024844720495,0,1
299.2,308.6,1462,55.0,163,0,9.400000000000034,8420.515509171842,0.3353658536585366,0,0
299.2,308.6,1367,47.6,168,0,9.400000000000034,6814.030689832166,0.28165680473372784,0,1
299.2,308.7,1325,51.0,171,0,9.5,7076.437452211009,0.29651162790697677,1,0
299.2,308.7,1448,51.4,173,0,9.5,7793.998158241941,0.29540229885057473,0,0
299.1,308.7,2008,20.3,178,0,9.599999999999966,4268.62854608962,0.11340782122905028,0,1
299.1,308.7,1498,38.9,181,0,9.599999999999966,6102.250514283838,0.21373626373626373,1,0
299.1,308.6,1437,41.6,183,0,9.5,6260.063185249166,0.22608695652173913,1,0
299.1,308.6,1499,45.1,185,0,9.5,7079.568572889087,0.2424731182795699,0,1
299.0,308.4,1356,52.6,188,0,9.399999999999977,7469.199365762804,0.27830687830687834,1,0
299.1,308.5,1539,46.8,190,0,9.399999999999977,7542.461306444519,0.2450261780104712,1,0
299.1,308.5,1689,32.1,192,0,9.399999999999977,5677.580491347082,0.16632124352331606,1,0
299.0,308.5,1559,38.1,194,0,9.5,6220.133542622039,0.19538461538461538,1,0
299.1,308.6,1408,46.7,196,0,9.5,6885.70089023606,0.2370558375634518,1,0
299.0,308.5,1886,23.0,198,0,9.5,4542.533537580602,0.11557788944723618,1,0
299.1,308.5,1415,43.4,0,0,9.399999999999977,6430.944881653426,43.4,1,0
299.1,308.5,1587,35.6,2,0,9.399999999999977,5916.372948946442,11.866666666666667,0,1
299.0,308.4,1571,38.6,5,0,9.399999999999977,6350.26878230924,6.433333333333334,1,0
298.9,308.3,1576,36.6,7,0,9.400000000000034,6040.403026910167,4.575,1,0
298.9,308.3,1660,34.4,9,0,9.400000000000034,5979.916896353051,3.44,1,0
298.9,308.2,1328,49.2,11,0,9.300000000000011,6842.137472106284,4.1000000000000005,0,1
298.8,308.2,1450,44.7,14,0,9.399999999999977,6787.410928080749,2.98,0,0
298.9,308.2,2384,15.0,19,0,9.300000000000011,3744.7784430790334,0.75,1,0
298.8,308.2,1443,53.4,21,0,9.399999999999977,8069.306394451528,2.4272727272727272,1,0
298.9,308.2,2022,20.0,23,0,9.300000000000011,4234.866897039041,0.8333333333333334,0,1
298.9,308.2,1828,23.8,26,0,9.300000000000011,4555.979554137966,0.8814814814814815,1,0
298.8,308.1,1472,53.5,28,0,9.300000000000011,8246.890155183446,1.8448275862068966,1,0
298.9,308.2,1372,63.6,30,1,9.300000000000011,9137.762055937417,2.0516129032258066,0,1
298.9,308.3,1855,23.8,33,0,9.400000000000034,4623.272468777859,0.7000000000000001,1,0
299.0,308.3,1377,47.2,35,0,9.300000000000011,6806.197652149216,1.3111111111111111,0,1
298.9,308.3,1432,48.9,38,0,9.400000000000034,7332.979908303151,1.2538461538461538,1,0
298.9,308.2,1335,47.8,40,0,9.300000000000011,6682.481733450849,1.1658536585365853,0,1
298.9,308.2,1411,51.3,43,0,9.300000000000011,7580.066170507988,1.1659090909090908,0,1
298.9,308.2,1510,43.5,46,0,9.300000000000011,6878.5171150348515,0.925531914893617,1,0
299.0,308.3,1441,44.0,48,0,9.300000000000011,6639.651353606909,0.8979591836734694,1,0
299.0,308.2,1358,42.7,50,0,9.199999999999989,6072.342552221664,0.8372549019607843,0,1
298.9,308.2,1686,30.4,53,0,9.300000000000011,5367.34821680509,0.5629629629629629,1,0
299.0,308.2,1662,30.4,55,0,9.199999999999989,5290.944683469786,0.5428571428571428,0,0
299.1,308.3,1426,40.1,60,0,9.199999999999989,5988.147869105456,0.6573770491803279,1,0
299.1,308.4,1330,53.6,62,0,9.299999999999955,7465.2619029703055,0.8507936507936508,0,1
299.1,308.4,1693,31.6,65,0,9.299999999999955,5602.381235195654,0.4787878787878788,1,0
299.1,308.4,1426,47.9,67,0,9.299999999999955,7152.924761350408,0.7044117647058823,1,0
299.1,308.5,1676,31.0,69,0,9.399999999999977,5440.819596997043,0.44285714285714284,1,0
299.1,308.4,1332,51.7,71,0,9.299999999999955,7211.463104462298,0.7180555555555556,0,1
299.1,308.5,1647,35.0,74,0,9.399999999999977,6036.570283872788,0.4666666666666667,1,0
299.2,308.6,1267,68.2,76,1,9.400000000000034,9048.77120803673,0.8857142857142858,1,0
299.2,308.7,1375,55.1,78,0,9.5,7933.830447253222,0.6974683544303798,0,0
299.3,308.6,1422,48.9,83,0,9.300000000000011,7281.771948049637,0.5821428571428571,1,0
299.3,308.7,1408,48.7,85,0,9.399999999999977,7180.591720653022,0.5662790697674419,1,0
299.4,308.9,1440,42.5,87,0,9.5,6408.849013323178,0.48295454545454547,1,0
299.3,308.8,1772,25.2,89,0,9.5,4676.197833015335,0.27999999999999997,1,0
299.2,308.7,1492,37.8,91,0,9.5,5905.9428613365235,0.41086956521739126,1,0
299.2,308.7,1650,30.5,93,0,9.5,5270.021676396878,0.324468085106383,1,0
299.1,308.6,2329,14.6,95,0,9.5,3560.827721235839,0.15208333333333332,0,1
299.0,308.6,1648,30.8,98,0,9.600000000000023,5315.407218265738,0.3111111111111111,1,0
299.0,308.6,1653,31.7,100,0,9.600000000000023,5487.325640245684,0.31386138613861386,1,0
299.0,308.6,1946,22.3,102,0,9.600000000000023,4544.397549221731,0.21650485436893205,1,0
299.1,308.6,1555,36.6,104,0,9.5,5959.915423125197,0.3485714285714286,1,0
299.0,308.6,1661,32.2,106,0,9.600000000000023,5600.852326770908,0.30093457943925234,1,0
299.0,308.6,1434,45.9,108,0,9.600000000000023,6892.717113829078,0.42110091743119266,1,0
299.0,308.6,1297,54.2,110,0,9.600000000000023,7361.526513548772,0.4882882882882883,1,0
299.0,308.6,1466,46.4,112,0,9.600000000000023,7123.289070651544,0.41061946902654867,1,0
298.9,308.6,1517,39.8,114,0,9.700000000000045,6322.62276695765,0.3460869565217391,0,1
298.9,308.5,1742,34.5,117,0,9.600000000000023,6293.552562936433,0.2923728813559322,1,0
298.9,308.5,1580,39.1,119,0,9.600000000000023,6469.377031782342,0.32583333333333336,1,0
298.9,308.5,1534,42.9,121,0,9.600000000000023,6891.460476767642,0.3516393442622951,0,1
298.9,308.6,1481,40.7,124,0,9.700000000000045,6312.161263421197,0.3256,1,0
299.0,308.6,1429,37.7,126,0,9.600000000000023,5641.598783487967,0.2968503937007874,1,0
298.9,308.6,1574,33.5,128,0,9.700000000000045,5521.76796770454,0.2596899224806202,0,1
298.9,308.6,1524,40.4,131,0,9.700000000000045,6447.553434815403,0.30606060606060603,0,1
299.0,308.7,1507,37.5,134,0,9.699999999999989,5917.9751611997735,0.2777777777777778,1,0
298.9,308.5,1467,44.7,136,0,9.600000000000023,6866.987469996178,0.32627737226277376,1,0
298.9,308.4,1301,51.1,138,0,9.5,6961.884512085614,0.36762589928057554,1,0
298.9,308.5,1429,55.1,140,0,9.600000000000023,8245.413606636259,0.39078014184397164,1,0
298.9,308.5,1555,37.6,142,0,9.600000000000023,6122.754642336267,0.2629370629370629,0,1
298.9,308.5,1503,40.6,145,0,9.600000000000023,6390.187952960855,0.27808219178082194,1,0
298.9,308.5,1459,43.1,147,0,9.600000000000023,6585.081889214053,0.29121621621621624,1,0
298.9,308.4,1449,42.4,149,0,9.5,6433.73042713961,0.2826666666666667,0,0
298.9,308.5,1387,57.3,154,0,9.600000000000023,8322.61301011047,0.36967741935483867,1,0
298.9,308.5,1456,50.0,156,0,9.600000000000023,7623.598172711232,0.3184713375796178,0,1
299.0,308.5,1604,34.7,159,0,9.5,5828.575906254119,0.216875,1,0
299.0,308.6,1734,32.4,161,0,9.600000000000023,5883.323394230677,0.19999999999999998,1,0
299.0,308.6,1378,47.8,163,0,9.600000000000023,6897.722718123797,0.2914634146341463,1,0
298.9,308.7,1504,41.8,165,0,9.800000000000011,6583.437789058675,0.25180722891566265,1,0
298.9,308.7,1402,49.8,167,0,9.800000000000011,7311.491414552597,0.29642857142857143,0,1
298.8,308.6,1524,37.7,170,0,9.800000000000011,6016.652586449029,0.22046783625730995,0,0
298.8,308.6,1593,35.5,175,0,9.800000000000011,5922.059231649439,0.20170454545454544,1,0
298.9,308.7,1772,28.4,177,0,9.800000000000011,5270.000732445854,0.1595505617977528,0,1
298.9,308.6,1623,31.0,180,0,9.700000000000045,5268.7650393354415,0.1712707182320442,0,0
298.9,308.7,1356,50.7,185,0,9.800000000000011,7199.399388672513,0.2725806451612903,1,0
298.9,308.7,1500,41.6,187,0,9.800000000000011,6534.51271946677,0.22127659574468087,0,0
299.1,308.8,1566,46.6,192,0,9.699999999999989,7641.986961710243,0.24145077720207256,0,0
299.1,308.9,1445,43.4,197,0,9.799999999999955,6567.2900028192225,0.2191919191919192,1,0
299.0,308.8,1382,58.5,199,0,9.800000000000011,8466.278042159132,0.2925,0,0
299.0,308.8,1418,45.7,204,0,9.800000000000011,6786.112403117266,0.2229268292682927,0,1
299.1,308.8,1329,53.6,207,1,9.699999999999989,7459.648924095893,0.2576923076923077,1,0
299.1,308.8,1491,41.0,209,0,9.699999999999989,6401.623350219921,0.19523809523809524,0,1
299.2,308.9,1573,37.4,212,0,9.699999999999989,6160.684137640608,0.1755868544600939,0,1
299.2,308.9,1521,42.3,215,0,9.699999999999989,6737.491020815205,0.19583333333333333,0,1
299.1,308.9,1467,47.2,218,0,9.799999999999955,7251.0471718975305,0.21552511415525116,1,0
299.1,308.9,1325,48.4,220,0,9.799999999999955,6715.677895823781,0.21900452488687783,0,1
299.1,308.9,1617,32.3,223,0,9.799999999999955,5469.418562120221,0.14419642857142856,1,0
299.1,308.9,1476,42.7,225,0,9.799999999999955,6599.983510367581,0.18893805309734515,0,1
299.2,309.0,1515,48.9,228,1,9.800000000000011,7758.005978407315,0.21353711790393012,1,0
299.2,309.0,1408,47.2,0,0,9.800000000000011,6959.4235978403,47.2,1,0
299.2,309.1,1468,45.6,2,0,9.900000000000034,7010.024183514121,15.200000000000001,1,0
299.2,309.1,1387,48.7,4,0,9.900000000000034,7073.494827092146,9.74,1,0
299.2,309.1,1503,34.7,6,0,9.900000000000034,5461.564580486248,4.957142857142857,0,1
299.2,309.1,1410,47.1,9,0,9.900000000000034,6954.543657251726,4.71,0,0
299.0,308.9,1615,30.6,14,0,9.899999999999977,5175.145578258466,2.04,1,0
299.0,308.9,1511,35.9,16,0,9.899999999999977,5680.512644490432,2.111764705882353,1,0
299.1,309.0,1405,53.8,18,0,9.899999999999977,7915.661569739963,2.831578947368421,1,0
299.0,308.9,1526,41.1,20,0,9.899999999999977,6567.876433447895,1.9571428571428573,0,1
298.9,308.8,1530,38.3,23,0,9.900000000000034,6136.472930256942,1.5958333333333332,1,0
299.0,308.7,1583,32.5,25,0,9.699999999999989,5387.569601518697,1.25,1,0
298.9,308.6,2069,18.7,27,0,9.700000000000045,4051.638741506172,0.6678571428571428,1,0
298.8,308.5,1490,35.0,29,0,9.699999999999989,5461.135229490257,1.1666666666666667,1,0
298.8,308.5,1736,29.0,31,0,9.699999999999989,5272.0113517441505,0.90625,1,0
298.8,308.5,1395,44.4,33,0,9.699999999999989,6486.132192601486,1.3058823529411765,1,0
298.9,308.6,1425,49.6,35,0,9.700000000000045,7401.592291857552,1.3777777777777778,0,1
298.8,308.6,1631,32.4,38,0,9.800000000000011,5533.852627445348,0.8307692307692307,1,0
298.8,308.6,1535,41.2,40,0,9.800000000000011,6622.686753277523,1.0048780487804878,1,0
298.8,308.6,1584,34.4,42,0,9.800000000000011,5706.137568568212,0.7999999999999999,1,0
298.8,308.7,1543,38.2,44,0,9.899999999999977,6172.454638116058,0.8488888888888889,0,1
298.8,308.7,1635,35.2,47,0,9.899999999999977,6026.831346646659,0.7333333333333334,1,0
298.8,308.7,1446,45.5,49,0,9.899999999999977,6889.826848587775,0.91,0,1
298.8,308.6,1598,35.1,52,0,9.800000000000011,5873.7101207106925,0.6622641509433963,0,1
298.8,308.6,1501,35.0,55,0,9.800000000000011,5501.4523352113265,0.625,1,0
298.8,308.5,1450,50.8,57,0,9.699999999999989,7713.657162114138,0.8758620689655172,1,0
298.8,308.6,1730,25.9,59,0,9.800000000000011,4692.178067646595,0.43166666666666664,1,0
298.8,308.6,1571,33.7,61,0,9.800000000000011,5544.146579373611,0.5435483870967742,0,1
298.9,308.7,1438,51.7,64,0,9.800000000000011,7785.348306469058,0.7953846153846155,1,0
298.8,308.5,1510,38.7,66,0,9.699999999999989,6119.5083299275575,0.5776119402985075,0,1
298.9,308.7,1389,44.9,69,0,9.800000000000011,6530.962719768212,0.6414285714285715,1,0
298.8,308.7,1490,33.6,71,0,9.899999999999977,5242.689820310647,0.4666666666666667,1,0
298.9,308.7,1729,26.6,73,0,9.800000000000011,4816.208145610321,0.35945945945945945,1,0
299.0,308.8,1495,38.4,75,0,9.800000000000011,6011.7517019094275,0.5052631578947369,1,0
298.9,308.8,1281,53.9,77,0,9.900000000000034,7230.469740016517,0.691025641025641,1,0
298.9,308.7,1353,48.1,79,0,9.800000000000011,6815.088359358874,0.6012500000000001,0,0
299.1,308.8,1429,50.1,84,0,9.699999999999989,7497.190956306291,0.5894117647058824,1,0
299.1,308.8,1413,42.1,86,0,9.699999999999989,6229.495488729737,0.48390804597701154,1,0
299.1,308.8,1502,38.3,88,0,9.699999999999989,6024.171464866618,0.43033707865168536,1,0
299.1,308.8,1553,32.6,90,0,9.699999999999989,5301.730818247111,0.35824175824175825,0,0
299.2,308.9,1712,26.4,95,0,9.699999999999989,4732.997828192239,0.27499999999999997,0,0
299.3,309.0,1786,23.5,100,0,9.699999999999989,4395.1928421272405,0.23267326732673269,1,0
299.2,309.0,1951,21.4,102,0,9.800000000000011,4372.196383902963,0.2077669902912621,1,0
299.2,309.0,1541,36.3,104,0,9.800000000000011,5857.845077810063,0.3457142857142857,0,1
299.2,309.1,1605,34.3,107,0,9.900000000000034,5764.97959896995,0.3175925925925926,1,0
299.2,309.1,1578,38.1,109,0,9.900000000000034,6295.940173353161,0.3463636363636364,1,0
299.3,309.2,1440,37.5,111,0,9.899999999999977,5654.8667764616275,0.33482142857142855,0,1
299.4,309.2,1489,42.3,114,0,9.800000000000011,6595.742360285234,0.3678260869565217,1,0
299.4,309.3,1366,48.4,116,0,9.900000000000034,6923.483777883234,0.41367521367521365,1,0
299.3,309.2,1541,37.2,118,0,9.899999999999977,6003.080906185521,0.3126050420168067,1,0
299.3,309.1,1552,40.7,120,0,9.800000000000011,6614.769939790476,0.33636363636363636,0,0
299.3,309.1,1473,40.3,125,0,9.800000000000011,6216.363631437731,0.3198412698412698,1,0
299.3,309.1,1531,37.9,127,0,9.800000000000011,6076.353318842746,0.29609375,1,0
299.3,309.2,1511,37.2,129,0,9.899999999999977,5886.2136594719805,0.2861538461538462,1,0
299.3,309.1,1449,47.9,131,0,9.800000000000011,7268.294515565738,0.36287878787878786,0,1
299.4,309.1,1440,50.0,134,0,9.700000000000045,7539.822368615503,0.37037037037037035,0,1
299.2,309.0,1881,23.9,137,0,9.800000000000011,4707.770839183913,0.17318840579710143,0,1
299.3,309.0,1447,50.4,140,0,9.699999999999989,7637.086077170643,0.3574468085106383,1,0
299.4,309.1,1326,62.0,142,0,9.700000000000045,8609.220507897468,0.43356643356643354,0,1
299.4,309.2,1607,31.7,145,0,9.800000000000011,5334.623293330196,0.21712328767123287,1,0
299.3,309.1,1551,39.1,147,0,9.800000000000011,6350.63530145216,0.2641891891891892,1,0
299.3,309.1,1496,37.2,149,0,9.800000000000011,5827.78003611521,0.24800000000000003,1,0
299.3,309.1,1493,38.0,151,0,9.800000000000011,5941.170586958778,0.25,1,0
299.4,309.1,1304,50.5,153,0,9.700000000000045,6896.005314139836,0.32792207792207795,1,0
299.3,309.0,1420,41.6,155,0,9.699999999999989,6186.0053744285415,0.26666666666666666,0,1
299.4,309.1,1766,24.6,158,0,9.700000000000045,4549.403153516451,0.1547169811320755,1,0
299.6,309.2,1450,43.1,160,0,9.599999999999966,6544.4610962031375,0.2677018633540373,1,0
299.5,309.2,1872,22.6,162,0,9.699999999999989,4430.39962379847,0.13865030674846626,0,0
299.6,309.2,1713,26.5,167,0,9.599999999999966,4753.700923779395,0.15773809523809523,1,0
299.5,309.2,1497,40.9,169,0,9.699999999999989,6411.707862637944,0.24058823529411763,0,1
299.4,309.1,1352,44.7,172,0,9.700000000000045,6328.675568803567,0.2583815028901734,0,1
299.5,309.2,1499,41.5,175,0,9.699999999999989,6514.458886361354,0.23579545454545456,1,0
299.5,309.3,1972,19.3,177,0,9.800000000000011,3985.591991952203,0.10842696629213483,1,0
299.5,309.3,1422,49.2,179,0,9.800000000000011,7326.445395583684,0.2733333333333334,1,0
299.5,309.3,1523,41.5,181,0,9.800000000000011,6618.759762460536,0.22802197802197802,1,0
299.5,309.4,1563,41.5,183,0,9.899999999999977,6792.594555959171,0.22554347826086957,1,0
299.4,309.3,1391,46.6,185,0,9.900000000000034,6787.997358709419,0.25053763440860216,1,0
299.3,309.1,1795,24.7,187,0,9.800000000000011,4642.907422862795,0.13138297872340426,1,0
299.3,309.1,1293,53.7,189,0,9.800000000000011,7271.12194895397,0.28263157894736846,1,0
299.2,309.1,1345,60.7,191,1,9.900000000000034,8549.477887601703,0.31614583333333335,1,0
299.2,309.0,1615,33.7,193,0,9.800000000000011,5699.425032265043,0.1737113402061856,1,0
299.2,308.9,1342,50.8,195,0,9.699999999999989,7139.122697625637,0.25918367346938775,1,0
299.1,308.8,1502,46.7,197,0,9.699999999999989,7345.399671260343,0.23585858585858588,1,0
299.0,308.7,1620,35.4,199,0,9.699999999999989,6005.468516602248,0.177,0,1
299.0,308.7,1537,42.8,202,0,9.699999999999989,6888.8424828896505,0.2108374384236453,1,0
299.0,308.7,2248,16.8,204,0,9.699999999999989,3954.888159751119,0.08195121951219513,1,0
299.0,308.7,1706,28.6,206,0,9.699999999999989,5109.444403896391,0.1381642512077295,1,0
299.0,308.7,2250,16.6,208,0,9.699999999999989,3911.282853719293,0.07942583732057416,1,0
299.0,308.7,1396,48.6,0,0,9.699999999999989,7104.774617946389,48.6,1,0
298.9,308.6,1522,46.4,2,0,9.700000000000045,7395.392882354468,15.466666666666667,1,0
298.9,308.6,1539,45.4,4,0,9.700000000000045,7316.832122063701,9.08,1,0
298.9,308.5,1415,54.0,6,0,9.600000000000023,8001.636488693203,7.714285714285714,0,0
298.8,308.5,1446,37.0,11,0,9.699999999999989,5602.716338412037,3.0833333333333335,1,0
298.8,308.6,1486,41.1,13,0,9.800000000000011,6395.717156031173,2.935714285714286,0,1
299.0,308.7,1426,38.6,16,0,9.699999999999989,5764.1523129045045,2.2705882352941176,1,0
299.0,308.7,1449,38.9,18,0,9.699999999999989,5902.644189050256,2.0473684210526315,1,0
299.1,308.8,1320,67.5,20,1,9.699999999999989,9330.530181161685,3.2142857142857144,1,0
299.2,308.9,1447,39.6,22,0,9.699999999999989,6000.567632062648,1.7217391304347827,0,1
299.3,309.0,1422,47.3,25,0,9.699999999999989,7043.513561201387,1.8192307692307692,1,0
299.3,309.1,1399,52.1,27,0,9.800000000000011,7632.80303918625,1.8607142857142858,1,0
299.4,309.2,1427,41.5,29,0,9.800000000000011,6201.556258063812,1.3833333333333333,1,0
299.3,309.2,1334,46.3,31,0,9.899999999999977,6467.931899161689,1.446875,0,1
299.3,309.1,1385,45.6,34,0,9.800000000000011,6613.6808543372335,1.302857142857143,0,1
299.4,309.2,1552,37.4,37,0,9.800000000000011,6078.4372419696265,0.9842105263157894,1,0
299.4,309.3,1534,37.5,39,0,9.900000000000034,6024.003913258428,0.9375,0,0
299.4,309.3,1448,48.6,44,0,9.900000000000034,7369.422383084793,1.08,1,0
299.5,309.3,1409,44.7,46,0,9.800000000000011,6595.4910328729475,0.9510638297872341,1,0
299.4,309.2,1621,34.5,48,0,9.800000000000011,5856.399945189413,0.7040816326530612,1,0
299.4,309.1,1547,40.9,50,0,9.700000000000045,6625.859761857649,0.8019607843137254,0,0
299.4,309.1,1957,22.1,55,0,9.700000000000045,4529.09799299875,0.3946428571428572,1,0
299.4,309.1,2421,14.2,57,0,9.700000000000045,3600.0766854546873,0.24482758620689654,1,0
299.3,309.1,1571,38.3,59,0,9.800000000000011,6300.914361721343,0.6383333333333333,0,1
299.3,309.1,1634,36.8,62,0,9.800000000000011,6296.924539051285,0.584126984126984,1,0
299.3,309.0,1516,38.7,64,0,9.699999999999989,6143.824257066343,0.5953846153846154,1,0
299.4,309.1,1207,66.5,66,0,9.700000000000045,8405.383504557052,0.9925373134328358,1,0
299.4,309.1,1670,35.9,68,0,9.700000000000045,6278.263478688962,0.5202898550724637,1,0
299.4,309.1,1461,48.6,70,0,9.700000000000045,7435.584324369394,0.6845070422535211,0,1
299.4,309.2,1569,40.8,73,0,9.800000000000011,6703.656067936044,0.5513513513513513,1,0
299.4,309.2,1556,35.7,75,0,9.800000000000011,5817.098621093005,0.4697368421052632,1,0
299.5,309.3,1506,41.5,77,0,9.800000000000011,6544.879975223616,0.532051282051282,0,1
299.6,309.4,1642,30.3,80,0,9.799999999999955,5210.080088566384,0.37407407407407406,0,1
299.6,309.4,1283,62.1,83,0,9.799999999999955,8343.47318533031,0.7392857142857143,0,1
299.7,309.5,1375,46.8,86,0,9.800000000000011,6738.716241950105,0.5379310344827586,0,0
299.7,309.4,1399,39.9,91,0,9.699999999999989,5845.46720275492,0.43369565217391304,1,0
299.7,309.4,1650,29.8,93,0,9.699999999999989,5149.070359233671,0.3170212765957447,1,0
299.8,309.6,1346,53.2,95,0,9.800000000000011,7498.688448804502,0.5541666666666667,0,1
299.9,309.6,1410,51.2,98,0,9.700000000000045,7559.928561598479,0.5171717171717172,0,0
300.0,309.7,1586,37.8,103,0,9.699999999999989,6278.033095227698,0.36346153846153845,1,0
300.0,309.8,1372,39.6,105,0,9.800000000000011,5689.5499593572595,0.3735849056603774,1,0
300.0,309.7,1529,42.4,107,0,9.699999999999989,6788.939836505495,0.3925925925925926,0,0
300.0,309.7,1652,28.6,112,0,9.699999999999989,4947.71521408959,0.2530973451327434,0,1
300.1,309.8,1532,39.8,115,0,9.699999999999989,6385.140460764086,0.34310344827586203,1,0
300.0,309.7,1554,32.0,117,0,9.699999999999989,5207.5039825904405,0.2711864406779661,1,0
299.9,309.6,1462,51.0,119,0,9.700000000000045,7808.114381232072,0.425,0,0
299.9,309.6,1254,61.3,124,0,9.700000000000045,8049.828519999271,0.4904,1,0
299.9,309.6,1294,49.7,126,0,9.700000000000045,6734.715947304536,0.39133858267716537,1,0
299.8,309.5,1739,27.5,128,0,9.699999999999989,5007.960489209929,0.2131782945736434,1,0
299.8,309.4,1412,47.8,130,0,9.599999999999966,7067.913264144268,0.3648854961832061,0,1
299.9,309.5,1372,56.2,133,0,9.600000000000023,8074.563326158535,0.41940298507462687,0,1
299.8,309.5,1420,46.7,136,0,9.699999999999989,6944.385841005118,0.34087591240875914,0,0
299.8,309.5,1542,40.3,141,0,9.699999999999989,6507.557854498969,0.2838028169014084,1,0
299.8,309.4,1401,48.1,143,0,9.599999999999966,7056.865329979144,0.3340277777777778,0,1
299.8,309.4,1510,42.5,146,0,9.599999999999966,6720.390284804165,0.2891156462585034,1,0
299.9,309.5,1547,38.5,148,0,9.600000000000023,6237.056255049376,0.25838926174496646,0,0
299.8,309.5,1453,43.2,153,0,9.699999999999989,6573.217140958996,0.28051948051948056,0,1
299.8,309.4,1408,45.6,156,0,9.599999999999966,6723.510933506731,0.29044585987261146,1,0
299.8,309.4,1436,51.6,158,0,9.599999999999966,7759.482526954502,0.32452830188679244,1,0
299.9,309.5,1582,38.2,160,0,9.600000000000023,6328.466129293328,0.23726708074534164,0,1
299.9,309.6,1280,59.3,163,0,9.700000000000045,7948.648292602655,0.3615853658536585,1,0
299.9,309.5,2008,20.4,165,0,9.600000000000023,4289.656272917648,0.12289156626506023,1,0
299.9,309.5,1772,23.5,167,0,9.600000000000023,4360.7400426928725,0.13988095238095238,1,0
299.9,309.5,1779,26.1,169,0,9.600000000000023,4862.337197740531,0.1535294117647059,1,0
299.9,309.5,1567,35.5,171,0,9.600000000000023,5825.402897673994,0.2063953488372093,1,0
299.8,309.4,1751,27.0,173,0,9.599999999999966,4950.835862792155,0.15517241379310345,0,1
299.9,309.5,1349,51.3,176,0,9.600000000000023,7246.994517374398,0.28983050847457625,1,0
300.0,309.5,1425,40.8,178,0,9.5,6088.406562657017,0.22793296089385473,0,1
300.0,309.4,1395,44.5,181,0,9.399999999999977,6500.740598440679,0.2445054945054945,1,0
299.8,309.3,1595,32.1,183,0,9.5,5361.599102249022,0.17445652173913045,0,0
299.8,309.3,1291,56.4,188,0,9.5,7624.896697674715,0.2984126984126984,1,0
299.9,309.4,1509,42.8,190,0,9.5,6763.34632835425,0.22408376963350785,0,1
299.9,309.4,1483,38.1,193,0,9.5,5916.907019697552,0.19639175257731958,0,1
299.9,309.3,1620,31.1,196,0,9.400000000000034,5275.9907024386985,0.15786802030456853,1,0
299.9,309.4,1487,42.2,198,0,9.5,6571.3112414158195,0.2120603015075377,0,1
299.8,309.4,2256,15.9,201,0,9.599999999999966,3756.3395040442438,0.07871287128712871,1,0
299.7,309.2,1691,27.7,203,0,9.5,4905.146633633448,0.13578431372549019,0,0
299.8,309.3,1663,35.2,208,0,9.5,6130.043137292597,0.16842105263157897,0,1
299.8,309.3,1640,31.1,211,0,9.5,5341.126390123128,0.14669811320754716,0,1
299.7,309.3,1494,37.8,214,0,9.600000000000023,5913.85967482357,0.1758139534883721,0,0
299.8,309.4,1467,46.2,219,0,9.599999999999966,7097.423291136989,0.21000000000000002,1,0
299.7,309.3,1399,41.9,221,1,9.600000000000023,6138.473077579729,0.18873873873873873,0,1
299.7,309.3,1445,42.6,0,0,9.600000000000023,6446.233965900896,42.6,1,0
299.8,309.4,1480,40.9,2,0,9.599999999999966,6338.896216903245,13.633333333333333,1,0
299.7,309.3,1546,37.2,4,0,9.600000000000023,6022.558780637776,7.44,1,0
299.7,309.3,1574,35.8,6,0,9.600000000000023,5900.874425188732,5.114285714285714,1,0
299.7,309.3,1592,34.2,8,0,9.600000000000023,5701.613675147044,3.8000000000000003,1,0
299.8,309.5,1495,39.6,10,0,9.699999999999989,6199.6189425940975,3.6,1,0
299.8,309.6,1447,43.1,12,0,9.800000000000011,6530.920831866165,3.3153846153846156,1,0
299.8,309.5,1476,44.4,14,0,9.699999999999989,6862.746319913831,2.96,1,0
299.8,309.5,1641,27.1,16,0,9.699999999999989,4657.002701901902,1.5941176470588236,1,0
299.8,309.5,1545,32.2,18,0,9.699999999999989,5209.703097447955,1.6947368421052633,1,0
299.9,309.6,1364,44.4,20,0,9.700000000000045,6341.995921654786,2.1142857142857143,0,1
299.8,309.5,1590,28.5,23,0,9.699999999999989,4745.375703247381,1.1875,1,0
299.8,309.4,1460,37.4,25,0,9.599999999999966,5718.117508553903,1.4384615384615385,1,0
299.8,309.4,1609,32.5,27,0,9.599999999999966,5476.057794594808,1.1607142857142858,1,0
299.8,309.4,1633,27.5,29,0,9.599999999999966,4702.702403036122,0.9166666666666666,1,0
299.9,309.4,1348,52.8,31,0,9.5,7453.365738788712,1.65,1,0
299.9,309.4,1322,53.9,33,0,9.5,7461.889926855453,1.5852941176470587,1,0
300.0,309.5,1641,30.1,35,0,9.5,5172.538056355987,0.8361111111111111,1,0
300.0,309.5,1728,26.0,37,0,9.5,4704.849158016074,0.6842105263157895,1,0
300.0,309.6,1431,47.7,39,0,9.600000000000023,7148.034348786321,1.1925000000000001,1,0
300.1,309.7,1641,30.4,41,0,9.599999999999966,5224.091591801394,0.7238095238095238,1,0
300.1,309.6,1622,36.1,43,0,9.5,6131.781485227582,0.8204545454545454,0,1
300.1,309.6,1625,38.0,46,0,9.5,6466.444878638991,0.8085106382978723,0,1
300.0,309.5,1869,22.7,49,0,9.5,4442.871746633222,0.45399999999999996,1,0
300.0,309.6,1452,46.0,51,0,9.600000000000023,6994.441883952316,0.8846153846153846,1,0
300.0,309.6,1618,28.7,53,0,9.600000000000023,4862.829380589593,0.5314814814814814,1,0
300.0,309.4,2010,20.0,55,0,9.399999999999977,4209.734155810323,0.35714285714285715,1,0
299.9,309.4,1363,60.9,57,0,9.5,8692.441297291063,1.05,1,0
299.9,309.3,1473,40.4,59,0,9.400000000000034,6231.788851366857,0.6733333333333333,1,0
299.9,309.2,1333,50.8,61,0,9.300000000000011,7091.244825584929,0.8193548387096774,1,0
299.8,309.2,1760,25.9,63,0,9.399999999999977,4773.545317374571,0.4046875,1,0
299.8,309.2,1372,58.2,65,0,9.399999999999977,8361.914334206882,0.8818181818181818,0,1
299.7,309.2,1608,34.4,68,0,9.5,5792.594198395004,0.49855072463768113,0,1
299.7,309.2,1326,64.8,71,0,9.5,8998.024014705741,0.8999999999999999,1,0
299.6,309.1,1560,37.1,73,0,9.5,6060.760547305428,0.5013513513513513,0,1
299.6,309.0,1539,36.1,76,0,9.399999999999977,5818.009682962546,0.4688311688311689,0,1
299.6,309.1,2266,15.3,79,0,9.5,3630.6129660475804,0.19125,1,0
299.6,309.1,1641,35.8,81,0,9.5,6152.055229818748,0.4365853658536585,1,0
299.6,309.1,1574,39.2,83,0,9.5,6461.2926666871035,0.4666666666666667,1,0
299.6,309.1,1407,50.6,85,0,9.5,7455.439189940082,0.5883720930232559,1,0
299.7,309.2,1302,55.5,87,0,9.5,7567.154224701735,0.6306818181818182,0,0
299.6,309.2,1651,30.8,92,0,9.599999999999966,5325.083323638795,0.3311827956989247,0,1
299.6,309.1,1366,55.2,95,0,9.5,7896.204639238731,0.5750000000000001,0,1
299.5,309.0,1701,28.6,98,0,9.5,5094.46947891428,0.2888888888888889,0,1
299.5,309.0,1498,44.6,101,0,9.5,6996.410615348565,0.4372549019607843,1,0
299.5,309.1,1422,45.3,103,0,9.600000000000023,6745.690577641075,0.43557692307692303,0,1
299.5,309.1,1357,47.3,106,0,9.600000000000023,6721.552674085993,0.4420560747663551,1,0
299.5,309.2,1690,29.2,108,0,9.699999999999989,5167.710475644971,0.26788990825688075,1,0
299.6,309.2,1559,39.1,110,0,9.599999999999966,6383.391640853589,0.35225225225225226,1,0
299.6,309.3,1553,32.4,112,0,9.699999999999989,5269.204862306944,0.2867256637168141,0,1
299.6,309.3,1558,34.8,115,0,9.699999999999989,5677.737570979762,0.3,1,0
299.7,309.4,1362,51.9,117,0,9.699999999999989,7402.409105947485,0.4398305084745763,1,0
299.8,309.3,1470,42.7,119,0,9.5,6573.154309105924,0.35583333333333333,0,1
299.8,309.4,1555,34.8,122,0,9.599999999999966,5666.804828545268,0.28292682926829266,1,0
299.8,309.4,1423,42.9,124,0,9.599999999999966,6392.795474863334,0.3432,0,1
299.7,309.3,1434,38.5,127,0,9.600000000000023,5781.472960401296,0.30078125,1,0
299.7,309.3,1779,25.5,129,0,9.600000000000023,4750.559331125806,0.19615384615384615,1,0
299.7,309.3,1417,54.6,131,0,9.600000000000023,8101.978958048861,0.41363636363636364,1,0
299.6,309.2,1425,45.9,133,0,9.599999999999966,6849.457382989145,0.34253731343283583,1,0
299.7,309.2,1597,32.9,135,0,9.5,5502.112069668579,0.24191176470588235,0,1
299.7,309.2,1346,57.4,138,0,9.5,8090.690168446961,0.41294964028776976,1,0
299.7,309.2,1422,40.4,140,0,9.5,6016.024267918309,0.28652482269503543,1,0
299.7,309.2,1572,32.8,142,0,9.5,5399.518125577849,0.22937062937062935,0,0
299.7,309.2,1412,45.4,147,0,9.5,6713.038957994766,0.30675675675675673,1,0
299.7,309.1,1576,36.4,149,0,9.400000000000034,6007.39536009645,0.24266666666666667,0,1
299.7,309.1,1508,41.2,152,0,9.400000000000034,6506.196497682414,0.26928104575163403,0,1
299.8,309.1,1496,44.4,155,0,9.300000000000011,6955.737462460089,0.2846153846153846,0,1
299.8,309.2,1572,35.4,158,0,9.399999999999977,5827.528708702922,0.22264150943396224,1,0
299.6,309.0,1525,42.8,160,0,9.399999999999977,6835.058416660193,0.26583850931677017,1,0
299.6,309.0,1378,51.9,162,0,9.399999999999977,7489.368390598851,0.3184049079754601,1,0
299.6,309.1,1369,51.4,164,0,9.5,7368.773120603051,0.3115151515151515,1,0
299.6,309.1,1476,45.3,166,0,9.5,7001.856042614787,0.2712574850299401,1,0
299.7,309.2,1620,30.0,168,0,9.5,5089.380098815464,0.17751479289940827,1,0
299.7,309.1,1603,38.5,170,0,9.400000000000034,6462.832047087362,0.22514619883040934,0,1
299.7,309.2,1411,46.1,173,0,9.5,6811.716383244021,0.2649425287356322,1,0
299.7,309.2,1616,31.6,175,0,9.5,5347.577127038498,0.17954545454545456,1,0
299.7,309.2,1631,35.1,177,0,9.5,5995.007013065794,0.19719101123595506,1,0
299.7,309.2,1685,28.9,179,1,9.5,5099.485555184512,0.16055555555555553,0,1
299.7,309.2,1456,40.6,182,0,9.5,6190.36171624152,0.22185792349726777,0,0
299.7,309.1,1417,50.1,187,0,9.400000000000034,7434.233439528351,0.26648936170212767,1,0
299.7,309.1,1851,24.7,189,0,9.400000000000034,4787.755788144309,0.13,0,1
299.7,309.1,1715,27.8,192,0,9.400000000000034,4992.72376484002,0.14404145077720207,1,0
299.6,309.1,1630,32.3,194,0,9.5,5513.390387294967,0.16564102564102562,0,0
299.7,309.2,1478,38.8,199,0,9.5,6005.300964994057,0.19399999999999998,1,0
299.7,309.2,1781,29.6,201,0,9.5,5520.574162496176,0.14653465346534655,1,0
299.8,309.2,1439,36.1,203,0,9.399999999999977,5439.971366980573,0.1769607843137255,1,0
299.7,309.2,1412,45.3,205,0,9.5,6698.25252857187,0.21990291262135922,0,1
299.7,309.1,1483,41.1,208,0,9.400000000000034,6382.8052102249185,0.1966507177033493,1,0
299.8,309.2,1400,42.6,210,0,9.399999999999977,6245.486195336508,0.2018957345971564,1,0
299.8,309.3,1299,65.1,212,1,9.5,8855.615619718516,0.3056338028169014,1,0
299.8,309.2,1479,44.4,214,0,9.399999999999977,6876.69499129577,0.20651162790697675,1,0
299.8,309.2,1491,47.5,216,0,9.399999999999977,7416.514856962103,0.21889400921658986,1,0
299.9,309.3,1389,52.8,0,0,9.400000000000034,7680.063064671751,52.8,0,1
299.9,309.4,1399,54.8,3,0,9.5,8028.360970199741,13.7,0,1
299.9,309.4,1889,26.0,6,0,9.5,5143.20605294697,3.7142857142857144,0,1
300.0,309.5,1925,21.9,9,0,9.5,4414.723076457057,2.19,1,0
300.0,309.5,1675,30.2,11,0,9.5,5297.248812727989,2.5166666666666666,1,0
300.0,309.6,1477,38.1,13,0,9.600000000000023,5892.968083677198,2.7214285714285715,0,1
300.0,309.6,1364,45.9,16,0,9.600000000000023,6556.25254062961,2.6999999999999997,1,0
299.9,309.5,1451,39.4,18,0,9.600000000000023,5986.765568337877,2.0736842105263156,1,0
299.9,309.4,1467,41.2,20,0,9.5,6329.303887334285,1.961904761904762,1,0
299.9,309.4,1858,22.5,22,0,9.5,4377.809362777377,0.9782608695652174,1,0
300.1,309.4,1559,39.7,24,0,9.299999999999955,6481.346499792518,1.588,1,0
300.1,309.4,1560,47.7,26,0,9.299999999999955,7792.406417964123,1.7666666666666668,1,0
300.1,309.4,1453,47.6,28,0,9.299999999999955,7242.711479390005,1.6413793103448275,1,0
300.1,309.4,1464,41.7,30,0,9.299999999999955,6393.015386349085,1.3451612903225807,1,0
300.0,309.4,1308,50.2,32,0,9.399999999999977,6876.066672765052,1.5212121212121212,1,0
300.1,309.5,1353,50.9,34,0,9.399999999999977,7211.808679654193,1.4542857142857142,1,0
300.2,309.6,1556,35.8,36,0,9.400000000000034,5833.393014989623,0.9675675675675675,0,1
300.2,309.5,2183,17.8,39,0,9.300000000000011,4069.137412586668,0.445,1,0
300.2,309.6,1491,41.8,41,0,9.400000000000034,6526.533074126651,0.9952380952380951,0,1
300.2,309.6,1528,35.1,44,0,9.400000000000034,5616.413682381689,0.78,0,1
300.2,309.6,1430,52.7,47,0,9.400000000000034,7891.7854655726815,1.0979166666666667,1,0
300.2,309.5,1495,32.6,49,0,9.300000000000011,5103.7267052668585,0.652,1,0
300.2,309.5,1630,28.3,51,0,9.300000000000011,4830.617583914785,0.5442307692307693,0,1
300.3,309.6,1524,38.4,54,0,9.300000000000011,6128.367621210681,0.6981818181818181,0,1
300.3,309.6,1326,52.4,57,0,9.300000000000011,7276.179913126247,0.903448275862069,1,0
300.3,309.5,1438,44.0,59,0,9.199999999999989,6625.828345931113,0.7333333333333333,0,0
300.4,309.6,1356,45.9,64,0,9.200000000000045,6517.79944654967,0.7061538461538461,1,0
300.4,309.6,1416,43.3,66,0,9.200000000000045,6420.661401700676,0.6462686567164179,0,0
300.4,309.7,1584,32.6,71,0,9.300000000000011,5407.560602771039,0.4527777777777778,1,0
300.3,309.6,1597,31.8,73,0,9.300000000000011,5318.150875849873,0.4297297297297297,1,0
300.4,309.6,1553,43.9,75,0,9.200000000000045,7139.447328866508,0.5776315789473684,1,0
300.3,309.5,1405,49.4,77,0,9.199999999999989,7268.284043590226,0.6333333333333333,0,1
300.2,309.5,1539,35.3,80,0,9.300000000000011,5689.078720459221,0.43580246913580245,1,0
300.3,309.6,1398,53.7,82,0,9.300000000000011,7861.584288196171,0.6469879518072289,0,1
300.3,309.6,1568,39.6,85,0,9.300000000000011,6502.34281069401,0.4604651162790698,1,0
300.3,309.6,1404,44.6,87,0,9.300000000000011,6557.383513984904,0.5068181818181818,1,0
300.2,309.5,1500,45.7,89,0,9.300000000000011,7178.539213452678,0.5077777777777778,0,1
300.2,309.5,1642,28.8,92,0,9.300000000000011,4952.155331706662,0.3096774193548387,0,1
300.3,309.6,1509,46.6,95,0,9.300000000000011,7363.830348161403,0.48541666666666666,0,1
300.2,309.5,1343,50.2,98,0,9.300000000000011,7060.059282510294,0.5070707070707071,1,0
300.1,309.5,1450,40.1,100,0,9.399999999999977,6088.930161432618,0.39702970297029705,1,0
300.0,309.4,1460,43.5,102,0,9.399999999999977,6650.751647649593,0.4223300970873786,1,0
300.0,309.3,1364,41.2,104,0,9.300000000000011,5884.915134508496,0.3923809523809524,1,0
299.9,309.3,1452,41.9,106,0,9.400000000000034,6371.024237773957,0.39158878504672895,0,1
299.9,309.3,1471,41.8,109,0,9.400000000000034,6438.987358846616,0.37999999999999995,1,0
299.9,309.2,1598,34.6,111,0,9.300000000000011,5790.039036370084,0.30892857142857144,1,0
299.8,309.1,1772,24.8,113,0,9.300000000000011,4601.97247058652,0.21754385964912282,1,0
299.9,309.2,1761,25.6,115,0,9.300000000000011,4720.934112402454,0.22068965517241382,1,0
300.0,309.3,1413,40.7,117,0,9.300000000000011,6022.338869152026,0.34491525423728814,0,1
300.0,309.3,1887,22.6,120,0,9.300000000000011,4465.899620784035,0.18677685950413225,1,0
300.0,309.3,1395,56.5,122,0,9.300000000000011,8253.749299143783,0.45934959349593496,1,0
300.1,309.4,1569,31.6,124,0,9.299999999999955,5192.047346734779,0.2528,0,1
300.1,309.4,1434,47.3,127,0,9.299999999999955,7102.952494207307,0.36953125,1,0
300.2,309.5,1417,41.1,129,0,9.300000000000011,6098.74240248733,0.3161538461538462,1,0
300.2,309.5,1729,28.4,131,0,9.300000000000011,5142.1169674937255,0.21515151515151515,1,0
300.2,309.5,1356,51.1,133,0,9.300000000000011,7256.199383849416,0.3813432835820896,1,0
300.2,309.5,1436,48.8,135,0,9.300000000000011,7338.425335569374,0.3588235294117647,1,0
300.3,309.6,1419,42.5,137,0,9.300000000000011,6315.386631878881,0.3079710144927536,0,1
300.3,309.6,1593,38.1,140,0,9.300000000000011,6355.787513404046,0.2702127659574468,1,0
300.3,309.5,1320,62.2,142,0,9.199999999999989,8597.910774344546,0.43496503496503497,0,1
300.3,309.5,1448,42.4,145,0,9.199999999999989,6429.290309522536,0.29041095890410956,0,1
300.3,309.4,1470,33.5,148,0,9.099999999999966,5156.924340867645,0.22483221476510068,1,0
300.3,309.4,1612,33.1,150,0,9.099999999999966,5587.55291787071,0.21920529801324504,0,1
300.4,309.4,1412,51.6,153,0,9.0,7629.797582214316,0.33506493506493507,1,0
300.4,309.4,1875,23.9,155,0,9.0,4692.754026299754,0.1532051282051282,0,1
300.3,309.3,1612,36.0,158,0,9.0,6077.096829104095,0.22641509433962265,1,0
300.4,309.3,1411,41.6,160,0,8.900000000000034,6146.798298111741,0.25838509316770186,0,1
300.3,309.2,1490,47.9,163,0,8.899999999999977,7473.953642645237,0.2920731707317073,0,1
300.4,309.3,1467,40.3,166,0,8.900000000000034,6191.042394649798,0.24131736526946107,0,1
300.3,309.2,1807,26.4,169,0,8.899999999999977,4995.634974032345,0.1552941176470588,1,0
300.3,309.1,1368,46.0,171,0,8.800000000000011,6589.804750169949,0.26744186046511625,1,0
300.3,309.2,1572,32.0,173,0,8.899999999999977,5267.822561539365,0.1839080459770115,1,0
300.3,309.1,1458,44.3,175,0,8.800000000000011,6763.786151325751,0.25170454545454546,0,1
300.3,309.1,1699,30.3,178,0,8.800000000000011,5390.941577633549,0.1692737430167598,1,0
300.3,309.3,1478,39.5,180,0,9.0,6113.644023640857,0.21823204419889503,1,0
300.4,309.4,1362,42.1,182,0,9.0,6004.651702512315,0.23005464480874319,0,1
300.4,309.4,1487,38.9,185,0,9.0,6057.440931068136,0.20913978494623656,0,0
300.3,309.4,1705,29.4,190,0,9.099999999999966,5249.287164883185,0.1539267015706806,1,0
300.3,309.3,1345,53.5,192,0,9.0,7535.3717790229175,0.2772020725388601,1,0
300.3,309.2,1532,40.2,194,0,8.899999999999977,6449.312726701415,0.20615384615384616,1,0
300.3,309.2,1650,35.2,196,0,8.899999999999977,6082.123377349841,0.1786802030456853,1,0
300.3,309.2,1398,54.4,198,0,8.899999999999977,7964.063040556269,0.2733668341708543,1,0
300.3,309.2,1412,44.8,200,0,8.899999999999977,6624.32038145739,0.22288557213930346,1,0
300.4,309.3,1525,39.6,202,0,8.900000000000034,6324.026011676254,0.19507389162561578,1,0
300.3,309.3,1391,57.9,204,0,9.0,8434.013885606766,0.2824390243902439,0,1
300.4,309.3,1766,28.2,207,0,8.900000000000034,5215.1694686652,0.13557692307692307,1,0
300.4,309.3,1671,35.0,209,0,8.900000000000034,6124.534878173302,0.16666666666666666,1,0
300.5,309.3,1373,48.8,211,0,8.800000000000011,7016.474920429491,0.230188679245283,1,0
300.5,309.4,1347,50.1,213,0,8.899999999999977,7066.981258323704,0.23411214953271028,0,1
300.5,309.3,1539,39.1,216,0,8.800000000000011,6301.500792350015,0.18018433179723503,0,1
300.5,309.3,1470,40.8,219,0,8.800000000000011,6280.672033056713,0.18545454545454546,1,0
300.5,309.3,1528,37.0,221,0,8.800000000000011,5920.4360754450845,0.16666666666666666,1,0
300.5,309.3,1471,45.2,223,0,8.800000000000011,6962.732742102083,0.2017857142857143,0,0
300.4,309.2,1528,37.2,228,0,8.800000000000011,5952.438432609653,0.16244541484716157,0,1
300.5,309.3,1417,51.5,231,1,8.800000000000011,7641.976489734731,0.22198275862068967,1,0
300.6,309.4,1549,43.4,233,0,8.799999999999955,7039.953089527319,0.18547008547008548,1,0
300.6,309.4,1463,49.2,235,0,8.799999999999955,7537.686085611064,0.20847457627118646,0,0
300.7,309.5,1479,43.6,240,0,8.800000000000011,6752.790577038189,0.18091286307053941,1,0
300.6,309.5,1867,23.0,242,0,8.899999999999977,4496.771004593311,0.09465020576131687,1,0
300.6,309.4,1471,44.1,244,0,8.799999999999955,6793.285706342961,0.18,1,0
300.6,309.4,1380,47.6,246,1,8.799999999999955,6878.8312743002125,0.19271255060728745,0,0
300.7,309.7,1623,32.7,0,0,9.0,5557.697315686095,32.7,0,0
300.8,309.7,1997,20.7,5,0,8.899999999999977,4328.894765160983,3.4499999999999997,1,0
300.7,309.6,1390,48.5,7,0,8.900000000000034,7059.682291391863,6.0625,0,0
300.8,309.7,1418,46.6,12,0,8.899999999999977,6919.755754600975,3.5846153846153848,1,0
300.8,309.7,1519,35.8,14,0,8.899999999999977,5694.681227358122,2.3866666666666663,1,0
300.8,309.7,1519,39.7,16,0,8.899999999999977,6315.0515286625,2.335294117647059,0,1
300.7,309.6,1536,37.2,19,0,8.900000000000034,5983.603031733264,1.86,0,1
300.8,309.6,1680,28.7,22,0,8.800000000000011,5049.167712849516,1.2478260869565216,1,0
300.6,309.4,1555,37.9,24,0,8.799999999999955,6171.606408099588,1.516,0,0
300.6,309.5,1471,49.6,29,0,8.899999999999977,7640.520885138569,1.6533333333333333,1,0
300.5,309.4,1877,23.8,31,0,8.899999999999977,4678.103732558513,0.74375,0,1
300.5,309.3,1578,30.5,34,0,8.800000000000011,5040.057094154105,0.8714285714285714,0,1
300.5,309.4,1655,32.1,37,0,8.899999999999977,5563.289350609485,0.8447368421052632,0,1
300.5,309.4,1502,34.3,40,0,8.899999999999977,5395.015176107703,0.8365853658536585,0,0
300.6,309.4,1367,63.2,45,1,8.799999999999955,9047.200411709935,1.373913043478261,0,1
300.7,309.5,1541,37.2,48,0,8.800000000000011,6003.080906185521,0.7591836734693879,1,0
300.6,309.6,1588,37.0,50,0,9.0,6152.91393181073,0.7254901960784313,0,1
300.6,309.6,1684,32.8,53,0,9.0,5784.216617985431,0.6074074074074074,1,0
300.6,309.5,1437,40.0,55,0,8.899999999999977,6019.291524278044,0.7142857142857143,1,0
300.6,309.6,1409,42.4,57,0,9.0,6256.125722456666,0.7310344827586207,1,0
300.5,309.5,1320,49.9,59,0,9.0,6897.680830221749,0.8316666666666667,0,1
300.5,309.5,1635,34.2,62,0,9.0,5855.614547026015,0.5428571428571429,0,0
300.5,309.5,1691,27.6,67,0,9.0,4887.438523042714,0.40588235294117647,0,1
300.6,309.6,1365,50.0,70,0,9.0,7147.123286916779,0.704225352112676,0,1
300.7,309.7,1523,38.2,73,0,9.0,6092.448745204639,0.5162162162162163,0,1
300.6,309.7,1593,32.4,76,0,9.099999999999966,5404.921664942023,0.42077922077922075,1,0
300.6,309.6,1682,30.7,78,0,9.0,5407.455883015919,0.3886075949367089,1,0
300.7,309.6,1329,54.3,80,0,8.900000000000034,7557.069712283711,0.6703703703703703,1,0
300.7,309.6,1568,35.2,82,0,8.900000000000034,5779.860276172453,0.4240963855421687,0,1
300.7,309.6,1733,24.8,85,0,8.900000000000034,4500.687523434785,0.28837209302325584,1,0
300.7,309.6,1473,48.1,87,0,8.900000000000034,7419.530785909551,0.5465909090909091,0,1
300.7,309.5,1633,31.3,90,0,8.800000000000011,5352.5303714556585,0.34395604395604396,0,1
300.6,309.5,1530,40.2,93,0,8.899999999999977,6440.893258389794,0.4276595744680851,0,1
300.6,309.5,1550,40.2,96,0,8.899999999999977,6525.087941506001,0.4144329896907217,0,1
300.6,309.4,1410,40.6,99,0,8.799999999999955,5994.787101580044,0.406,1,0
300.5,309.3,1574,33.5,101,0,8.800000000000011,5521.76796770454,0.3284313725490196,1,0
300.6,309.4,1425,40.3,103,0,8.799999999999955,6013.7937371342605,0.38749999999999996,1,0
300.6,309.4,1541,35.2,105,0,8.799999999999955,5680.334620906729,0.33207547169811324,0,1
300.7,309.5,1733,26.7,108,0,8.800000000000011,4845.498261117289,0.24495412844036696,0,1
300.6,309.4,2496,13.5,111,0,8.799999999999955,3528.6368685120556,0.12053571428571429,1,0
300.6,309.4,1552,36.4,113,0,8.799999999999955,5915.912182023914,0.3192982456140351,1,0
300.6,309.3,1409,38.7,115,0,8.699999999999989,5710.190223091344,0.33362068965517244,1,0
300.6,309.4,1581,35.7,117,0,8.799999999999955,5910.561002537302,0.30254237288135594,0,1
300.7,309.5,1251,59.9,120,0,8.800000000000011,7847.164377916192,0.49504132231404957,1,0
300.7,309.6,1500,44.1,122,0,8.900000000000034,6927.211801165495,0.35853658536585364,1,0
300.6,309.5,1576,38.8,124,0,8.899999999999977,6403.487361861051,0.31039999999999995,1,0
300.7,309.5,1352,44.0,126,0,8.800000000000011,6229.568792558321,0.3464566929133858,0,1
300.7,309.6,1661,30.3,129,0,8.900000000000034,5270.367251588773,0.23307692307692307,1,0
300.7,309.6,1541,34.6,131,0,8.900000000000034,5583.5107353230915,0.26212121212121214,1,0
300.6,309.6,1888,20.5,133,0,9.0,4053.073402151312,0.15298507462686567,0,0
300.5,309.5,1255,62.1,138,0,9.0,8161.386475128244,0.44676258992805756,1,0
300.6,309.6,1411,41.6,140,0,9.0,6146.798298111741,0.29503546099290784,1,0
300.6,309.5,1516,39.0,142,0,8.899999999999977,6191.450801694764,0.2727272727272727,1,0
300.6,309.5,1492,34.0,144,0,8.899999999999977,5312.223737710101,0.23448275862068965,0,1
300.6,309.6,1726,30.0,147,0,9.0,5422.388920095983,0.20270270270270271,1,0
300.7,309.7,1598,33.7,149,0,9.0,5639.43108455699,0.22466666666666668,1,0
300.8,309.8,1657,31.1,151,0,9.0,5396.491724654891,0.20460526315789473,1,0
300.8,309.7,1481,38.1,153,0,8.899999999999977,5908.927374357435,0.2474025974025974,1,0
300.7,309.7,1397,51.3,155,0,9.0,7504.8564423810485,0.32884615384615384,0,1
300.8,309.7,1461,44.3,158,0,8.899999999999977,6777.703406781155,0.27861635220125786,1,0
300.7,309.6,1388,51.1,160,0,8.900000000000034,7427.437127421084,0.3173913043478261,0,1
300.7,309.7,1507,52.4,163,0,9.0,8269.38395858315,0.3195121951219512,1,0
300.7,309.6,1421,49.8,165,0,8.900000000000034,7410.577246846819,0.3,0,1
300.8,309.7,1258,54.9,168,0,8.899999999999977,7232.3861115352065,0.3248520710059172,0,1
300.8,309.7,1482,39.0,171,0,8.899999999999977,6052.592406406096,0.22674418604651161,0,1
300.7,309.6,1403,51.3,174,0,8.900000000000034,7537.0891830068795,0.29314285714285715,0,0
300.8,309.7,1373,45.4,179,0,8.899999999999977,6527.622159579896,0.25222222222222224,1,0
300.9,309.7,1460,42.1,181,0,8.800000000000011,6436.704468185008,0.23131868131868133,1,0
300.8,309.7,1751,27.9,183,0,8.899999999999977,5115.8637248852265,0.15163043478260868,0,1
300.8,309.6,1546,42.3,186,0,8.800000000000011,6848.232161854245,0.22620320855614973,0,1
300.8,309.7,1680,28.2,189,0,8.899999999999977,4961.203118549001,0.14842105263157895,0,1
300.9,309.7,1394,48.8,192,0,8.800000000000011,7123.791725476119,0.25284974093264245,0,1
300.7,309.6,1810,26.0,195,0,8.900000000000034,4928.111675931189,0.1326530612244898,1,0
300.7,309.5,1479,34.5,197,0,8.800000000000011,5343.3778648582,0.17424242424242425,1,0
300.9,309.7,1431,41.4,199,0,8.800000000000011,6203.954340456052,0.207,1,0
300.9,309.7,2355,14.4,201,0,8.800000000000011,3551.256335617902,0.0712871287128713,1,0
300.7,309.6,1996,19.8,203,1,8.900000000000034,4138.6084981330505,0.09705882352941177,0,1
300.7,309.5,1461,49.9,0,0,8.800000000000011,7634.478555268163,49.9,1,0
300.7,309.5,2007,19.7,2,0,8.800000000000011,4140.399205945596,6.566666666666666,0,0
300.7,309.6,1505,34.9,7,0,8.900000000000034,5500.352777782569,4.3625,1,0
300.7,309.6,1925,20.5,9,0,8.900000000000034,4132.503336409574,2.05,0,0
300.7,309.5,1622,30.5,14,0,8.800000000000011,5180.591005524689,2.033333333333333,0,1
300.7,309.5,1592,29.0,17,0,8.800000000000011,4834.701654364452,1.6111111111111112,1,0
300.7,309.5,1850,24.5,19,0,8.800000000000011,4746.42290079858,1.225,1,0
300.7,309.5,1470,48.7,21,0,8.800000000000011,7496.782549261323,2.213636363636364,0,1
300.7,309.5,1445,46.4,24,0,8.800000000000011,7021.250141262947,1.8559999999999999,0,1
300.7,309.5,1685,31.1,27,0,8.800000000000011,5487.681687413092,1.1107142857142858,1,0
300.7,309.5,1667,30.5,29,0,8.800000000000011,5324.318869426421,1.0166666666666666,0,0
300.7,309.5,1578,35.4,34,0,8.800000000000011,5849.771184690338,1.0114285714285713,1,0
300.6,309.4,1691,28.0,36,0,8.799999999999955,4958.270965405652,0.7567567567567568,0,0
300.7,309.5,1439,43.8,41,0,8.800000000000011,6600.297669632939,1.0428571428571427,0,1
300.8,309.6,1404,38.7,44,0,8.800000000000011,5689.92695047569,0.8600000000000001,0,1
300.8,309.6,1498,45.8,47,0,8.800000000000011,7184.654847151665,0.9541666666666666,1,0
300.8,309.5,1481,44.5,49,0,8.699999999999989,6901.503101283618,0.89,0,1
300.7,309.4,1589,35.0,52,0,8.699999999999989,5823.989180979879,0.660377358490566,0,1
300.7,309.5,1467,44.3,55,0,8.800000000000011,6805.5379176919605,0.7910714285714285,1,0
300.6,309.4,1654,32.8,57,0,8.799999999999955,5681.1723789476855,0.5655172413793103,1,0
300.7,309.5,1508,39.9,59,0,8.800000000000011,6300.903889745832,0.6649999999999999,1,0
300.7,309.6,1439,43.0,61,0,8.900000000000034,6479.744287539187,0.6935483870967742,0,1
300.7,309.5,1692,30.3,64,0,8.800000000000011,5368.730517572669,0.46615384615384614,1,0
300.7,309.5,1838,24.9,66,0,8.800000000000011,4792.625256757372,0.37164179104477607,0,1
300.6,309.3,1601,40.2,69,0,8.699999999999989,6739.784383452327,0.5742857142857143,1,0
300.6,309.4,1369,51.6,71,0,8.799999999999955,7397.445389554814,0.7166666666666667,1,0
300.6,309.4,1312,45.2,73,0,8.799999999999955,6210.132806008111,0.6108108108108109,0,1
300.6,309.4,1468,44.1,76,0,8.799999999999955,6779.431282740631,0.5727272727272728,1,0
300.6,309.4,1452,39.4,78,0,8.799999999999955,5990.891526689592,0.49873417721518987,0,1
300.7,309.5,1393,43.9,81,0,8.800000000000011,6403.895768906019,0.5353658536585366,0,1
300.6,309.4,1432,44.2,84,0,8.799999999999955,6628.174068445794,0.52,0,1
300.6,309.3,1510,46.0,87,0,8.699999999999989,7273.834190611567,0.5227272727272727,0,1
300.6,309.4,1521,37.2,90,0,8.799999999999955,5925.169408376493,0.40879120879120884,0,1
300.5,309.4,1360,46.2,93,0,8.899999999999977,6579.751653678463,0.4914893617021277,0,0
300.5,309.3,1881,25.5,98,0,8.800000000000011,5022.935414192041,0.25757575757575757,0,1
300.4,309.3,1413,50.3,101,0,8.900000000000034,7442.841403399186,0.49313725490196075,1,0
300.5,309.4,1642,36.2,103,0,8.899999999999977,6224.584132214624,0.3480769230769231,0,0
300.5,309.5,1542,38.5,108,0,9.0,6216.897702188841,0.3532110091743119,1,0
300.4,309.5,1447,39.3,110,0,9.100000000000023,5955.108786365204,0.35405405405405405,1,0
300.4,309.4,1530,40.4,112,0,9.0,6472.937503456409,0.3575221238938053,0,0
300.5,309.5,1795,27.7,117,0,9.0,5206.823304182163,0.2347457627118644,1,0
300.6,309.6,1290,57.4,119,0,9.0,7754.078987590327,0.47833333333333333,1,0
300.6,309.7,1639,30.4,121,0,9.099999999999966,5217.72463069012,0.24918032786885244,1,0
300.7,309.8,1596,31.5,123,0,9.100000000000023,5264.680968885776,0.2540322580645161,1,0
300.6,309.8,1455,48.0,125,0,9.199999999999989,7313.627697557038,0.38095238095238093,1,0
300.6,309.8,1659,28.9,127,0,9.199999999999989,5020.799131187599,0.22578125,0,1
300.6,309.8,1532,42.5,130,0,9.199999999999989,6818.303255841048,0.3244274809160305,0,1
300.6,309.8,1502,42.4,133,0,9.199999999999989,6669.056660844508,0.3164179104477612,1,0
300.6,309.8,1688,28.6,135,0,9.199999999999989,5055.534673960791,0.21029411764705883,1,0
300.5,309.7,1341,50.9,137,0,9.199999999999989,7147.845853227105,0.36884057971014494,0,1
300.5,309.7,1685,29.4,140,0,9.199999999999989,5187.711948872826,0.20851063829787234,0,1
300.5,309.8,1370,55.9,143,0,9.300000000000011,8019.753006328903,0.38819444444444445,0,1
300.5,309.8,1461,52.5,146,0,9.300000000000011,8032.267017065704,0.35714285714285715,1,0
300.5,309.8,1550,37.4,148,0,9.300000000000011,6070.604204286677,0.25100671140939596,1,0
300.5,309.8,1508,37.8,150,0,9.300000000000011,5969.277369232893,0.2503311258278145,0,1
300.5,309.8,1345,62.7,153,0,9.300000000000011,8831.174028873587,0.40714285714285714,1,0
300.5,309.7,1616,34.5,155,0,9.199999999999989,5838.3357874312715,0.22115384615384615,1,0
300.5,309.7,1395,61.0,157,0,9.199999999999989,8911.127561907448,0.3860759493670886,1,0
300.5,309.8,1324,72.8,159,1,9.300000000000011,10093.643980669669,0.45499999999999996,0,0
300.5,309.8,1445,43.9,164,0,9.300000000000011,6642.950025893177,0.26606060606060605,1,0
300.5,309.8,1555,38.9,166,0,9.300000000000011,6334.445627310659,0.23293413173652694,0,1
300.6,309.9,1449,42.4,169,0,9.299999999999955,6433.73042713961,0.24941176470588233,0,1
300.5,309.9,1466,53.2,172,0,9.399999999999977,8167.219365488409,0.30751445086705204,0,1
300.5,309.9,1503,37.4,175,0,9.399999999999977,5886.527818737339,0.2125,1,0
300.4,309.7,1488,35.7,177,0,9.300000000000011,5562.880943564519,0.200561797752809,1,0
300.4,309.7,1314,50.2,179,0,9.300000000000011,6907.608263007094,0.2788888888888889,1,0
300.4,309.7,1547,38.0,181,0,9.300000000000011,6156.055524464319,0.2087912087912088,0,1
300.4,309.7,1466,39.8,184,0,9.300000000000011,6110.0626080157635,0.21513513513513513,0,1
300.3,309.6,1537,37.1,187,0,9.300000000000011,5971.403180261824,0.19734042553191491,1,0
300.2,309.5,1434,51.5,189,0,9.300000000000011,7733.658635341993,0.2710526315789474,0,1
300.4,309.6,1432,44.7,192,0,9.200000000000045,6703.15341311147,0.23160621761658032,1,0
300.5,309.6,1390,48.4,194,0,9.100000000000023,7045.1262454302305,0.2482051282051282,1,0
300.5,309.7,1580,42.8,196,0,9.199999999999989,7081.568720211872,0.21725888324873094,1,0
300.5,309.7,1589,30.5,198,0,9.199999999999989,5075.190571996752,0.15326633165829145,1,0
300.5,309.8,1441,48.8,200,0,9.300000000000011,7363.976955818571,0.2427860696517413,1,0
300.5,309.8,1305,51.7,202,0,9.300000000000011,7065.284798290765,0.25467980295566506,1,0
300.5,309.8,1566,35.9,204,0,9.300000000000011,5887.2818009741995,0.17512195121951218,0,1
300.5,309.8,1379,54.2,207,1,9.300000000000011,7826.942993202588,0.2605769230769231,1,0
300.4,309.6,1543,38.1,209,0,9.200000000000045,6156.296379901094,0.18142857142857144,1,0
300.5,309.8,1421,49.6,211,0,9.300000000000011,7380.815892441812,0.2339622641509434,1,0
300.5,309.6,1760,30.6,213,0,9.100000000000023,5639.787131724397,0.14299065420560747,1,0
300.4,309.5,1711,29.2,215,0,9.100000000000023,5231.924629484345,0.13518518518518519,1,0
300.5,309.6,1465,41.6,217,0,9.100000000000023,6382.040756012545,0.1908256880733945,1,0
300.5,309.6,1366,50.2,219,0,9.100000000000023,7180.968711771455,0.2281818181818182,1,0
300.4,309.5,1888,21.9,221,0,9.100000000000023,4329.868658883596,0.09864864864864864,0,1
300.5,309.5,1777,23.6,0,0,9.0,4391.653314404196,23.6,1,0
300.5,309.5,1379,55.6,2,0,9.0,8029.114952436602,18.533333333333335,1,0
300.4,309.5,1525,51.3,4,0,9.100000000000023,8192.488242398784,10.26,1,0
300.4,309.6,1563,34.0,6,0,9.200000000000045,5565.01722656896,4.857142857142857,0,1
300.5,309.7,1389,43.3,9,0,9.199999999999989,6298.23353599028,4.33,0,1
300.6,309.8,1447,42.9,12,0,9.199999999999989,6500.614934734535,3.3,0,1
300.6,309.7,1934,22.8,15,0,9.099999999999966,4617.638545952421,1.425,0,1
300.6,309.7,1470,43.8,18,0,9.099999999999966,6742.486153134413,2.305263157894737,0,0
300.6,309.7,1428,42.6,23,0,9.099999999999966,6370.3959192432385,1.7750000000000001,0,1
300.4,309.6,1319,48.1,26,0,9.200000000000045,6643.829671836183,1.7814814814814814,1,0
300.5,309.7,1887,24.3,28,0,9.199999999999989,4801.830123232391,0.8379310344827586,1,0
300.4,309.5,1349,50.4,30,0,9.100000000000023,7119.854262683619,1.6258064516129032,1,0
300.3,309.5,1665,31.4,32,0,9.199999999999989,5474.853517410932,0.9515151515151514,0,1
300.3,309.5,1474,38.7,35,0,9.199999999999989,5973.612767094849,1.0750000000000002,1,0
300.4,309.5,1543,38.9,37,0,9.100000000000023,6285.562445620802,1.0236842105263158,1,0
300.2,309.4,1459,43.9,39,0,9.199999999999989,6707.31078738972,1.0975,0,1
300.3,309.5,1551,37.9,42,0,9.199999999999989,6155.730893223449,0.8813953488372093,1,0
300.2,309.4,1981,21.4,44,0,9.199999999999989,4439.426466689784,0.4755555555555555,1,0
300.2,309.4,1526,35.3,46,0,9.199999999999989,5641.0228248348085,0.751063829787234,1,0
300.2,309.4,1501,40.0,48,0,9.199999999999989,6287.374097384373,0.8163265306122449,0,1
300.2,309.4,1558,38.3,51,0,9.199999999999989,6248.774395647266,0.7365384615384615,1,0
300.2,309.3,1532,43.2,53,0,9.100000000000023,6930.6047212313715,0.8,1,0
300.1,309.2,1326,55.9,55,0,9.099999999999966,7762.184296636588,0.9982142857142857,1,0
300.2,309.2,1431,51.3,57,0,9.0,7687.50863926076,0.8844827586206896,1,0
300.2,309.3,1366,49.3,59,0,9.100000000000023,7052.226244827344,0.8216666666666667,1,0
300.1,309.2,1421,42.5,61,0,9.099999999999966,6324.287811064053,0.6854838709677419,1,0
300.2,309.3,1506,35.6,63,0,9.100000000000023,5614.403063083391,0.55625,0,0
300.2,309.3,1342,48.7,68,0,9.100000000000023,6844.001483747413,0.7057971014492754,0,0
300.1,309.2,1427,37.6,73,0,9.099999999999966,5618.759404896369,0.5081081081081081,1,0
300.2,309.2,1667,29.9,75,0,9.0,5219.578170355737,0.39342105263157895,1,0
300.1,309.1,1400,46.7,77,0,9.0,6846.577589723355,0.5987179487179487,1,0
300.0,309.0,1709,32.1,79,0,9.0,5744.810574133904,0.40125,1,0
300.0,309.0,1368,45.8,81,0,9.0,6561.15342516921,0.5585365853658536,0,1
300.0,309.1,1882,23.8,84,0,9.100000000000023,4690.565383417752,0.28,1,0
300.1,309.1,1353,58.7,86,0,9.0,8316.95814333401,0.674712643678161,1,0
299.9,309.0,1553,40.0,88,0,9.100000000000023,6505.191188033265,0.449438202247191,1,0
300.0,309.1,1431,45.4,90,0,9.100000000000023,6803.370218760984,0.4989010989010989,1,0
300.1,309.1,1731,30.4,92,0,9.0,5510.604841808784,0.3268817204301075,0,1
300.1,309.2,1687,27.7,95,0,9.099999999999966,4893.543684766189,0.28854166666666664,0,1
300.1,309.2,1457,44.3,98,0,9.099999999999966,6759.147066173951,0.44747474747474747,0,1
300.1,309.2,1533,37.0,101,0,9.099999999999966,5939.809230142221,0.3627450980392157,1,0
300.0,309.0,1622,31.8,103,0,9.0,5401.403081170003,0.3057692307692308,0,0
300.0,309.1,1791,28.2,108,0,9.100000000000023,5288.99689602456,0.25871559633027524,1,0
300.0,309.1,1631,28.3,110,0,9.100000000000023,4833.5811529846715,0.25495495495495496,1,0
300.0,309.0,2174,16.9,112,0,9.0,3847.466634949371,0.14955752212389378,1,0
300.1,309.0,1314,58.2,114,0,8.899999999999977,8008.422328824958,0.5060869565217392,1,0
300.1,309.1,1478,46.9,116,0,9.0,7258.984929335599,0.4008547008547008,1,0
300.1,309.2,1783,27.3,118,0,9.099999999999966,5097.328328229047,0.22941176470588237,1,0
300.1,309.2,1385,46.1,120,0,9.099999999999966,6686.1992847575975,0.38099173553719007,0,1
300.0,309.2,1444,43.6,123,0,9.199999999999989,6592.988230725587,0.35161290322580646,1,0
300.1,309.3,1841,23.0,125,0,9.199999999999989,4434.148591031753,0.18253968253968253,1,0
300.1,309.4,1349,56.2,127,0,9.299999999999955,7939.202570690862,0.4390625,0,1
300.1,309.3,1340,56.0,130,0,9.199999999999989,7858.170424179269,0.42748091603053434,1,0
299.9,309.2,1539,43.2,132,0,9.300000000000011,6962.271975179557,0.324812030075188,0,1
300.0,309.3,1932,21.8,135,0,9.300000000000011,4410.544758227783,0.16029411764705884,0,1
300.0,309.3,1407,43.9,138,0,9.300000000000011,6468.25653040256,0.31582733812949637,0,1
300.1,309.3,1712,28.5,141,0,9.199999999999989,5109.486291798439,0.2007042253521127,1,0
300.1,309.4,1329,55.2,143,0,9.299999999999955,7682.325011382337,0.38333333333333336,0,0
300.1,309.2,1441,42.9,148,0,9.099999999999966,6473.660069766735,0.2879194630872483,1,0
300.0,309.2,1610,32.1,150,0,9.199999999999989,5412.021664339137,0.21258278145695364,1,0
300.0,309.1,1474,45.2,152,0,9.100000000000023,6976.93274089631,0.2954248366013072,0,1
300.0,309.1,1624,30.8,155,0,9.100000000000023,5237.998375281286,0.19743589743589743,0,1
300.1,309.3,1520,38.2,158,0,9.199999999999989,6080.447861267926,0.24025157232704406,0,0
300.1,309.3,1448,45.8,163,0,9.199999999999989,6944.846607927644,0.2792682926829268,0,0
300.0,309.3,1558,29.7,168,0,9.300000000000011,4845.655340749969,0.1757396449704142,1,0
300.0,309.3,2293,16.3,170,0,9.300000000000011,3913.995095376892,0.09532163742690059,0,1
300.0,309.3,1397,51.2,173,0,9.300000000000011,7490.227092590832,0.2942528735632184,1,0
300.0,309.3,1972,22.0,175,0,9.300000000000011,4543.161856111319,0.125,1,0
299.9,309.2,1574,36.5,177,0,9.300000000000011,6016.254651379573,0.2050561797752809,0,1
299.9,309.2,1560,38.9,180,0,9.300000000000011,6354.813619681433,0.2149171270718232,1,0
299.9,309.2,1353,49.8,182,0,9.300000000000011,7055.954268109603,0.2721311475409836,0,1
299.9,309.2,1389,51.2,185,0,9.300000000000011,7447.33388089382,0.2752688172043011,0,1
299.9,309.1,1513,43.8,188,0,9.200000000000045,6939.715339926781,0.23174603174603173,0,1
299.8,309.1,1578,42.1,191,0,9.300000000000011,6956.931267668453,0.21927083333333333,1,0
299.8,309.0,1467,37.3,193,0,9.199999999999989,5730.170752368174,0.19226804123711339,0,0
299.9,309.1,1412,48.3,198,0,9.200000000000045,7141.845411258749,0.24271356783919595,1,0
299.8,309.1,1668,30.3,200,0,9.300000000000011,5292.578311649652,0.15074626865671642,1,0
299.8,309.2,1678,29.8,202,0,9.399999999999977,5236.448522905515,0.14679802955665025,0,1
299.8,309.1,1612,35.4,205,0,9.300000000000011,5975.811881952361,0.17184466019417474,1,0
299.8,309.1,1485,39.9,207,0,9.300000000000011,6204.802570472521,0.19182692307692306,1,0
299.8,309.1,1456,39.4,209,0,9.300000000000011,6007.3953600964505,0.1876190476190476,0,1
299.8,309.2,1504,38.7,212,0,9.399999999999977,6095.1924027887735,0.18169014084507043,1,0
299.9,309.2,1491,44.3,214,0,9.300000000000011,6916.875961335182,0.20604651162790696,1,0
299.9,309.2,1525,33.2,0,0,9.300000000000011,5301.961201708375,33.2,0,0
300.0,309.2,1759,27.9,5,0,9.199999999999989,5139.237174227935,4.6499999999999995,1,0
299.8,309.1,1355,56.7,7,0,9.300000000000011,8045.461706210782,7.0875,0,1
299.9,309.1,1345,56.8,10,0,9.200000000000045,8000.170412121527,5.163636363636363,0,1
299.9,309.2,1683,30.5,13,0,9.300000000000011,5375.422109924816,2.1785714285714284,0,1
299.9,309.2,1658,34.8,16,0,9.300000000000011,6042.162318796178,2.0470588235294116,1,0
300.0,309.2,1566,34.4,18,0,9.199999999999989,5641.295096198119,1.8105263157894735,1,0
300.1,309.3,1469,43.9,20,0,9.199999999999989,6753.282759887251,2.0904761904761906,0,1
300.2,309.5,1458,46.9,23,0,9.300000000000011,7160.757799033358,1.9541666666666666,0,1
300.1,309.4,1858,23.6,26,0,9.299999999999955,4591.835598290937,0.8740740740740741,1,0
300.1,309.4,1563,40.8,28,0,9.299999999999955,6678.020671882751,1.4068965517241379,0,0
300.1,309.4,2141,17.9,33,0,9.299999999999955,4013.269423230329,0.526470588235294,1,0
300.0,309.3,1473,46.0,35,0,9.300000000000011,7095.601167397907,1.2777777777777777,1,0
300.0,309.4,1498,38.5,37,0,9.399999999999977,6039.502437016138,1.013157894736842,0,0
300.1,309.4,1568,39.7,42,0,9.299999999999955,6518.762868296773,0.9232558139534884,1,0
300.1,309.4,1694,27.4,44,0,9.299999999999955,4860.63026573208,0.6088888888888888,1,0
300.0,309.4,1499,35.7,46,0,9.399999999999977,5604.004391400009,0.7595744680851064,1,0
300.0,309.5,1717,28.3,48,0,9.5,5088.4480929948995,0.5775510204081633,1,0
300.1,309.5,1462,42.8,50,0,9.399999999999977,6552.692068955543,0.8392156862745097,0,1
300.1,309.6,1642,34.5,53,0,9.5,5932.269407773606,0.6388888888888888,1,0
300.1,309.6,1760,25.4,55,0,9.5,4681.391932869271,0.45357142857142857,1,0
300.1,309.5,1660,32.7,57,0,9.399999999999977,5684.397747405372,0.5637931034482759,1,0
300.1,309.5,1557,40.6,59,0,9.399999999999977,6619.775544085197,0.6766666666666666,1,0
300.2,309.6,1442,49.2,61,0,9.400000000000034,7429.48963462143,0.7935483870967742,0,0
300.2,309.6,1359,51.5,66,0,9.400000000000034,7329.178581192307,0.7686567164179104,1,0
300.4,309.8,1342,52.5,68,0,9.400000000000034,7378.030346955629,0.7608695652173914,1,0
300.4,309.9,1435,54.8,70,0,9.5,8234.952103099806,0.7718309859154929,1,0
300.4,309.9,1567,36.5,72,0,9.5,5989.498753946501,0.5,1,0
300.4,309.9,1376,43.5,74,0,9.5,6268.1056624423545,0.58,1,0
300.4,309.9,1513,38.7,76,0,9.5,6131.666293496951,0.5025974025974026,0,0
300.4,309.9,2563,12.8,81,1,9.5,3435.478174357607,0.15609756097560976,0,0
300.5,310.0,1521,45.1,86,0,9.5,7183.471513918812,0.5183908045977011,1,0
300.6,310.0,1658,34.7,88,0,9.399999999999977,6024.799783397339,0.38988764044943824,1,0
300.6,310.0,1419,42.4,90,0,9.399999999999977,6300.526898627401,0.46593406593406594,0,0
300.6,310.0,1478,36.3,95,0,9.399999999999977,5618.361469826914,0.378125,0,1
300.5,310.0,1415,43.5,98,0,9.5,6445.762727002858,0.4393939393939394,0,1
300.5,309.9,1780,26.5,101,0,9.399999999999977,4939.630848994351,0.25980392156862747,0,1
300.4,309.7,1440,42.8,104,0,9.300000000000011,6454.08794753487,0.4076190476190476,0,1
300.4,309.8,1448,39.7,107,0,9.400000000000034,6019.877954906714,0.36759259259259264,0,0
300.4,309.7,1500,35.2,112,0,9.300000000000011,5529.203070318036,0.3115044247787611,0,0
300.4,309.8,1513,32.9,117,0,9.400000000000034,5212.708554419888,0.2788135593220339,1,0
300.5,309.8,1428,43.8,119,0,9.300000000000011,6549.843691616287,0.365,1,0
300.5,309.8,1473,42.3,121,0,9.300000000000011,6524.868030020249,0.3467213114754098,0,1
300.5,309.9,1483,49.3,124,0,9.399999999999977,7656.260264333052,0.3944,0,1
300.4,309.7,1534,42.5,127,0,9.300000000000011,6827.204435026219,0.33203125,1,0
300.5,309.8,1367,54.0,129,0,9.300000000000011,7730.202883423045,0.4153846153846154,1,0
300.4,309.7,1467,36.9,131,0,9.300000000000011,5668.721200063958,0.27954545454545454,1,0
300.4,309.7,1488,42.2,133,0,9.300000000000011,6575.730415081868,0.3149253731343284,0,1
300.4,309.7,1679,30.1,136,0,9.300000000000011,5292.316512261853,0.2197080291970803,1,0
300.4,309.8,1409,47.5,138,0,9.400000000000034,7008.63141077103,0.34172661870503596,0,0
300.4,309.7,1367,51.2,143,0,9.300000000000011,7329.377548727036,0.35555555555555557,0,1
300.4,309.8,1314,63.1,146,0,9.400000000000034,8682.6709441384,0.42925170068027213,1,0
300.5,309.9,1480,40.0,148,0,9.399999999999977,6199.409503083858,0.2684563758389262,1,0
300.4,309.8,1549,38.9,150,0,9.400000000000034,6310.004036465731,0.2576158940397351,1,0
300.4,309.7,1685,31.3,152,0,9.300000000000011,5522.972244888417,0.2045751633986928,1,0
300.4,309.6,1536,34.5,154,0,9.200000000000045,5549.309263301011,0.22258064516129034,1,0
300.4,309.7,1539,37.7,156,0,9.300000000000011,6075.871607969197,0.24012738853503188,0,1
300.4,309.7,1384,45.1,159,0,9.300000000000011,6536.439562960972,0.281875,1,0
300.4,309.6,1614,30.3,161,0,9.200000000000045,5121.235848322866,0.18703703703703703,0,1
300.4,309.6,1675,35.5,164,0,9.200000000000045,6226.898438802769,0.21515151515151515,0,1
300.4,309.7,1685,32.3,167,0,9.300000000000011,5699.425032265043,0.19226190476190474,0,1
300.4,309.6,1386,56.9,170,0,9.200000000000045,8258.555935903776,0.3327485380116959,1,0
300.3,309.6,1488,41.3,172,0,9.300000000000011,6435.489719025619,0.23872832369942196,0,1
300.3,309.6,1624,32.6,175,0,9.300000000000011,5544.115163447075,0.18522727272727274,1,0
300.3,309.6,1600,34.6,177,0,9.300000000000011,5797.285643424366,0.1943820224719101,1,0
300.3,309.6,1468,44.7,179,0,9.300000000000011,6871.668443050027,0.24833333333333335,1,0
300.3,309.6,1435,45.4,181,0,9.300000000000011,6822.387326290715,0.24945054945054945,1,0
300.2,309.5,1564,33.4,183,0,9.300000000000011,5470.308680038739,0.18152173913043476,0,1
300.2,309.4,1329,53.6,186,0,9.199999999999989,7459.648924095893,0.28663101604278074,0,1
300.1,309.3,1570,36.8,189,0,9.199999999999989,6050.288571793463,0.19368421052631576,1,0
300.2,309.4,1433,48.8,191,0,9.199999999999989,7323.094363419855,0.25416666666666665,0,1
300.2,309.4,1527,37.0,194,0,9.199999999999989,5916.561444505656,0.18974358974358974,1,0
300.1,309.3,1443,50.3,196,0,9.199999999999989,7600.863513874753,0.25532994923857866,0,1
300.1,309.3,1616,32.0,199,0,9.199999999999989,5415.267976747846,0.16,1,0
300.1,309.3,1654,31.0,201,0,9.199999999999989,5369.400724005434,0.15346534653465346,1,0
300.1,309.3,1685,27.1,203,0,9.199999999999989,4781.870537906585,0.13284313725490196,1,0
300.2,309.4,1456,48.8,205,0,9.199999999999989,7440.631816566161,0.23689320388349513,0,1
300.2,309.4,1752,27.8,208,0,9.199999999999989,5100.4385049561015,0.13301435406698564,0,1
300.1,309.2,1438,51.0,211,0,9.099999999999966,7679.9374009656085,0.24056603773584906,0,1
300.1,309.1,1551,33.7,214,0,9.0,5473.565464422962,0.15674418604651164,1,0
300.1,309.2,1599,30.1,216,0,9.099999999999966,5040.1513419337125,0.13870967741935483,1,0
300.1,309.2,1732,33.7,218,0,9.099999999999966,6112.32455472635,0.1538812785388128,0,1
300.1,309.2,1418,39.8,221,0,9.099999999999966,5910.005987835167,0.17927927927927928,0,1
300.0,309.1,1401,44.5,0,0,9.100000000000023,6528.700773057628,44.5,1,0
300.0,309.0,1454,51.7,2,0,9.0,7871.972487904041,17.233333333333334,1,0
300.0,309.2,1635,32.4,4,0,9.199999999999989,5547.424307708856,6.4799999999999995,0,1
300.0,309.1,1489,40.3,7,0,9.100000000000023,6283.886929538887,5.0375,1,0
300.0,309.1,1465,40.6,9,0,9.100000000000023,6228.626314762244,4.0600000000000005,1,0
300.0,309.1,1463,45.7,11,0,9.100000000000023,7001.468579520846,3.8083333333333336,0,1
300.1,309.1,1560,35.4,14,0,9.0,5783.043756728091,2.36,0,0
300.1,309.2,1454,44.4,19,0,9.099999999999966,6760.456063112948,2.2199999999999998,0,1
300.2,309.1,1479,47.0,22,0,8.900000000000034,7279.38433763291,2.0434782608695654,1,0
300.2,309.2,1430,43.4,24,0,9.0,6499.117442236326,1.736,1,0
300.1,309.1,1533,38.0,26,0,9.0,6100.344614740659,1.4074074074074074,0,1
300.1,309.0,1404,54.8,29,0,8.899999999999977,8057.054183102527,1.8266666666666667,1,0
300.1,308.9,1548,38.4,31,0,8.799999999999955,6224.87734752896,1.2,0,1
300.1,309.0,1612,33.0,34,0,8.899999999999977,5570.672093345421,0.9428571428571428,0,1
300.2,309.0,1642,31.2,37,0,8.800000000000011,5364.834942682217,0.8210526315789474,0,1
300.2,309.1,1406,42.2,40,0,8.900000000000034,6213.358174465797,1.0292682926829269,0,1
300.3,309.2,1587,31.4,43,0,8.899999999999977,5218.373893171861,0.7136363636363636,1,0
300.3,309.2,1364,47.6,45,0,8.899999999999977,6799.076708801078,1.0347826086956522,0,1
300.3,309.2,1462,51.4,48,0,8.899999999999977,7869.354494026049,1.0489795918367346,1,0
300.3,309.2,1649,32.4,50,0,8.899999999999977,5594.925188631134,0.6352941176470588,1,0
300.4,309.2,1752,29.0,52,0,8.800000000000011,5320.601318119674,0.5471698113207547,1,0
300.4,309.3,1396,51.2,54,0,8.900000000000034,7484.865441128706,0.9309090909090909,0,0
300.5,309.4,2179,16.3,59,0,8.899999999999977,3719.40484641354,0.27166666666666667,0,1
300.5,309.5,1653,27.6,62,0,9.0,4777.608443873214,0.4380952380952381,1,0
300.6,309.5,2025,21.4,64,0,8.899999999999977,4538.030588110456,0.3292307692307692,1,0
300.6,309.6,1426,53.6,66,0,9.0,8004.107874914027,0.8,1,0
300.6,309.6,1503,38.4,68,0,9.0,6043.921610682187,0.5565217391304348,0,1
300.7,309.6,1525,36.5,71,0,8.900000000000034,5828.963369348062,0.5069444444444444,0,1
300.6,309.6,1423,49.1,74,0,9.0,7316.695986382045,0.6546666666666667,1,0
300.7,309.7,1435,44.7,76,0,9.0,6717.196332273017,0.5805194805194805,0,1
300.6,309.5,1495,36.5,79,0,8.899999999999977,5714.295237492034,0.45625,0,0
300.6,309.5,1557,33.8,84,0,8.899999999999977,5511.044664780286,0.39764705882352935,0,1
300.6,309.4,1474,40.7,87,0,8.799999999999955,6282.326605187606,0.4625,1,0
300.5,309.3,1465,46.0,89,0,8.800000000000011,7057.064297513872,0.5111111111111111,1,0
300.5,309.3,1589,34.9,91,0,8.800000000000011,5807.349211891365,0.3793478260869565,0,1
300.5,309.3,1475,46.8,94,0,8.800000000000011,7228.804695910114,0.49263157894736836,1,0
300.6,309.4,1442,43.2,96,0,8.799999999999955,6523.454313326134,0.44536082474226807,1,0
300.6,309.4,1556,36.0,98,0,8.799999999999955,5865.981802782862,0.36363636363636365,1,0
300.7,309.3,1425,45.3,100,0,8.600000000000023,6759.921992361836,0.44851485148514847,1,0
300.7,309.3,1580,38.3,102,0,8.600000000000023,6337.0112613110905,0.3718446601941747,1,0
300.8,309.4,1474,40.7,104,0,8.599999999999966,6282.326605187606,0.38761904761904764,0,0
300.8,309.4,1489,38.4,109,0,8.599999999999966,5987.624270329858,0.34909090909090906,1,0
300.8,309.4,1946,20.5,111,0,8.599999999999966,4177.585190988587,0.18303571428571427,1,0
300.8,309.4,1342,62.4,113,1,8.599999999999966,8769.316069524404,0.5473684210526316,0,1
300.9,309.5,1758,26.8,116,0,8.600000000000023,4933.808430609698,0.22905982905982908,0,1
300.9,309.4,1724,25.6,119,0,8.5,4621.743560353112,0.21333333333333335,0,1
301.0,309.5,1430,48.5,122,0,8.5,7262.838616324005,0.3943089430894309,1,0
300.9,309.5,1612,35.2,124,0,8.600000000000023,5942.050232901783,0.2816,1,0
300.9,309.5,1469,43.4,126,0,8.600000000000023,6676.366099751861,0.3417322834645669,0,0
300.9,309.6,1384,42.4,131,0,8.700000000000045,6145.122782029826,0.3212121212121212,1,0
301.0,309.6,1724,28.1,133,0,8.600000000000023,5073.085704918846,0.20970149253731343,1,0
301.0,309.6,1397,48.0,135,0,8.600000000000023,7022.087899303905,0.35294117647058826,0,1
301.0,309.6,1588,32.7,138,0,8.600000000000023,5437.845555951645,0.2352517985611511,0,1
301.0,309.7,1468,42.0,141,0,8.699999999999989,6456.601221657744,0.29577464788732394,1,0
301.0,309.8,1594,31.1,143,0,8.800000000000011,5191.314308448942,0.21597222222222223,0,1
301.0,309.7,1511,39.3,146,0,8.699999999999989,6218.499914442172,0.2673469387755102,0,1
301.1,309.8,1493,38.9,149,0,8.699999999999989,6081.882521913065,0.2593333333333333,1,0
301.2,309.8,1709,27.0,151,0,8.600000000000023,4832.083660486461,0.17763157894736842,0,0
301.1,309.6,1501,36.1,156,0,8.5,5674.3551228893975,0.22993630573248408,1,0
301.1,309.7,1668,30.8,158,0,8.599999999999966,5379.914587419449,0.19371069182389938,1,0
301.1,309.6,1502,48.9,160,0,8.5,7691.435630077745,0.30372670807453417,1,0
301.0,309.7,1288,58.4,162,0,8.699999999999989,7876.936204296711,0.35828220858895704,0,1
301.0,309.7,1491,42.9,165,0,8.699999999999989,6698.283944498405,0.258433734939759,1,0
301.1,309.8,1519,39.6,167,0,8.699999999999989,6299.144597859823,0.2357142857142857,1,0
301.2,309.9,1984,19.7,169,0,8.699999999999989,4092.9506849008776,0.11588235294117646,1,0
301.2,309.9,1643,32.9,171,0,8.699999999999989,5660.594947066673,0.19127906976744186,1,0
301.2,310.0,1625,31.6,173,0,8.800000000000011,5377.359425394529,0.18160919540229886,0,1
301.3,310.0,2068,17.8,176,0,8.699999999999989,3854.776073856724,0.10056497175141244,0,1
301.3,310.1,1469,39.7,179,0,8.800000000000011,6107.182814749975,0.22055555555555556,0,0
301.3,310.1,1558,36.3,184,0,8.800000000000011,5922.467638694407,0.1962162162162162,1,0
301.3,310.0,1344,54.8,186,0,8.699999999999989,7712.735628269085,0.293048128342246,1,0
301.3,310.1,1455,44.1,188,0,8.800000000000011,6719.395447130529,0.23333333333333334,0,0
301.3,310.1,1355,53.6,193,0,8.800000000000011,7605.586374830651,0.27628865979381445,1,0
301.3,310.1,1269,56.8,195,1,8.800000000000011,7548.11617322098,0.2897959183673469,1,0
301.3,310.0,1550,41.5,197,0,8.699999999999989,6736.098248072115,0.20959595959595959,1,0
301.3,310.1,1525,37.8,199,0,8.800000000000011,6036.5702838727875,0.18899999999999997,0,1
301.3,310.0,1696,32.4,202,0,8.699999999999989,5754.392431727352,0.15960591133004925,0,1
301.4,310.1,1937,21.8,205,0,8.700000000000045,4421.9592115358255,0.10582524271844661,1,0
301.4,310.0,1689,32.1,207,0,8.600000000000023,5677.580491347082,0.15432692307692308,0,1
301.3,310.0,1593,30.8,210,0,8.699999999999989,5138.011953093035,0.14597156398104266,0,1
301.3,309.9,1565,36.0,213,0,8.599999999999966,5899.911003441631,0.16822429906542055,0,1
301.3,310.0,1665,31.4,0,0,8.699999999999989,5474.853517410932,31.4,1,0
301.3,310.0,1532,36.3,2,0,8.699999999999989,5823.633133812471,12.1,0,0
301.3,310.0,1438,40.9,7,0,8.699999999999989,6159.008621558693,5.1125,1,0
301.3,310.1,1531,41.6,9,0,8.800000000000011,6669.559315669084,4.16,1,0
301.3,310.0,1506,40.8,11,0,8.699999999999989,6434.4844093764705,3.4,1,0
301.2,309.9,1382,52.4,13,0,8.699999999999989,7583.469562549377,3.742857142857143,1,0
301.2,309.9,1456,50.8,15,0,8.699999999999989,7745.575743474611,3.175,0,1
301.2,310.0,1445,45.6,18,0,8.800000000000011,6900.194104344621,2.4,0,1
301.2,309.9,1515,40.9,21,0,8.699999999999989,6488.802546357038,1.8590909090909091,1,0
301.2,309.9,1449,45.5,23,0,8.699999999999989,6904.121095161609,1.8958333333333333,1,0
301.2,309.9,1362,50.7,25,0,8.699999999999989,7231.255138179914,1.9500000000000002,0,0
301.2,309.9,1687,29.7,30,0,8.699999999999989,5246.86813853992,0.9580645161290322,1,0
301.2,310.0,1618,37.6,32,0,8.800000000000011,6370.814798263717,1.1393939393939394,1,0
301.2,310.1,1558,32.6,34,0,8.900000000000034,5318.800138331616,0.9314285714285715,0,1
301.3,310.1,1662,31.0,37,0,8.800000000000011,5395.37122327511,0.8157894736842105,1,0
301.2,310.1,1295,56.6,39,0,8.900000000000034,7675.643891005701,1.415,0,1
301.2,310.2,1385,42.3,42,0,9.0,6135.059213562828,0.983720930232558,1,0
301.2,310.1,1479,45.5,44,0,8.900000000000034,7047.063560899945,1.011111111111111,0,1
301.3,310.3,1400,44.3,47,0,9.0,6494.719212521298,0.9229166666666666,1,0
301.2,310.3,1357,54.5,49,0,9.100000000000023,7744.706569507118,1.09,0,1
301.1,310.2,1657,34.1,52,0,9.099999999999966,5917.05362735472,0.6433962264150944,1,0
301.1,310.2,1496,43.4,54,0,9.099999999999966,6799.076708801078,0.7890909090909091,1,0
301.2,310.3,1379,43.2,56,0,9.100000000000023,6238.449027792468,0.7578947368421053,0,1
301.2,310.3,1548,38.6,59,0,9.100000000000023,6257.298583714007,0.6433333333333333,1,0
301.2,310.3,1499,38.1,61,0,9.100000000000023,5980.744182418497,0.614516129032258,1,0
301.3,310.5,1390,45.8,63,0,9.199999999999989,6666.669050427779,0.715625,1,0
301.3,310.4,1538,38.4,65,0,9.099999999999966,6184.66496156301,0.5818181818181818,0,0
301.3,310.5,1365,47.7,70,0,9.199999999999989,6818.355615718608,0.671830985915493,1,0
301.3,310.5,1503,48.6,72,0,9.199999999999989,7649.338288519643,0.6657534246575343,1,0
301.2,310.4,1390,49.9,74,0,9.199999999999989,7263.466934854721,0.6653333333333333,1,0
301.2,310.3,1497,45.7,76,0,9.100000000000023,7164.182135025772,0.5935064935064935,1,0
301.3,310.4,1577,48.3,78,0,9.099999999999966,7976.409499684877,0.6113924050632911,0,1
301.4,310.5,1432,54.3,81,0,9.100000000000023,8142.756830692456,0.6621951219512194,1,0
301.4,310.5,1563,39.9,83,0,9.100000000000023,6530.711392355925,0.475,0,1
301.4,310.4,1433,43.4,86,0,9.0,6512.751954352903,0.49885057471264366,1,0
301.3,310.4,1384,50.1,88,0,9.099999999999966,7261.100268389017,0.5629213483146067,1,0
301.3,310.4,1346,46.7,90,0,9.099999999999966,6582.495311262598,0.5131868131868133,1,0
301.3,310.4,1459,44.7,92,0,9.099999999999966,6829.539685565387,0.4806451612903226,1,0
301.4,310.4,1639,28.9,94,0,9.0,4960.2711127284365,0.30421052631578943,1,0
301.4,310.4,1737,31.9,96,0,9.0,5802.553047106883,0.3288659793814433,1,0
301.4,310.5,1489,43.5,98,0,9.100000000000023,6782.855618733042,0.4393939393939394,1,0
301.5,310.6,1492,43.0,100,0,9.100000000000023,6718.400609456892,0.42574257425742573,0,1
301.4,310.5,1217,60.6,103,0,9.100000000000023,7723.102884025933,0.5826923076923077,0,1
301.5,310.5,1636,28.7,106,0,9.0,4916.9276060844095,0.26822429906542056,1,0
301.4,310.4,1436,49.7,108,0,9.0,7473.765147086023,0.45596330275229363,1,0
301.4,310.4,1689,30.6,110,0,9.0,5412.272991751423,0.2756756756756757,1,0
301.5,310.5,2289,16.4,112,0,9.0,3931.137719289979,0.14513274336283186,1,0
301.5,310.6,1522,41.0,114,0,9.100000000000023,6534.722158977009,0.3565217391304348,1,0
301.5,310.5,1351,52.9,116,0,9.0,7484.100986916332,0.45213675213675214,1,0
301.5,310.5,1589,36.7,118,0,9.0,6106.868655484616,0.30840336134453783,1,0
301.5,310.6,1578,34.1,120,0,9.100000000000023,5634.949079037869,0.28181818181818186,1,0
301.5,310.6,1587,33.7,122,0,9.100000000000023,5600.611471334132,0.2739837398373984,1,0
301.5,310.6,1962,20.2,124,0,9.100000000000023,4150.295222804403,0.1616,1,0
301.5,310.6,2432,14.2,126,0,9.100000000000023,3616.433911204378,0.11181102362204724,0,1
301.6,310.6,1418,43.9,129,0,9.0,6518.825700149845,0.3376923076923077,1,0
301.6,310.7,1683,29.7,131,0,9.099999999999966,5234.427431631706,0.225,1,0
301.7,310.8,1385,50.7,133,0,9.100000000000023,7353.36884462495,0.37835820895522393,1,0
301.7,310.8,1559,44.5,135,0,9.100000000000023,7264.9853713039565,0.3272058823529412,1,0
301.7,310.8,1671,31.6,137,0,9.100000000000023,5529.580061436467,0.2289855072463768,0,1
301.6,310.8,1343,49.5,140,0,9.199999999999989,6961.612240722301,0.35106382978723405,0,1
301.6,310.8,1548,34.2,143,0,9.199999999999989,5544.03138764298,0.23750000000000002,0,1
301.7,310.9,1705,31.2,146,0,9.199999999999989,5570.672093345421,0.21224489795918366,1,0
301.6,310.8,1535,35.4,148,0,9.199999999999989,5690.366773447192,0.23758389261744967,1,0
301.6,310.8,1564,34.1,150,0,9.199999999999989,5584.955867943743,0.22582781456953643,1,0
301.6,310.9,1510,40.9,152,0,9.299999999999955,6467.387356435067,0.2673202614379085,0,1
301.6,310.9,1492,45.2,155,0,9.299999999999955,7062.132733661664,0.28974358974358977,1,0
301.5,310.8,1452,44.1,157,0,9.300000000000011,6705.541023528199,0.2791139240506329,0,1
301.4,310.7,1329,52.0,160,0,9.300000000000011,7236.9728368094475,0.32298136645962733,0,0
301.5,310.8,1382,52.4,165,0,9.300000000000011,7583.469562549377,0.3156626506024096,1,0
301.5,310.8,1628,36.4,167,0,9.300000000000011,6205.608912586943,0.21666666666666665,0,1
301.4,310.7,1706,27.9,170,0,9.300000000000011,4984.388072332494,0.16315789473684209,1,0
301.3,310.7,1594,34.1,172,0,9.399999999999977,5692.084177431155,0.1971098265895954,1,0
301.3,310.7,1761,24.3,174,0,9.399999999999977,4481.199177007017,0.13885714285714287,1,0
301.3,310.6,1529,41.8,176,0,9.300000000000011,6692.8699331587195,0.23615819209039546,1,0
301.3,310.7,1532,40.7,178,0,9.399999999999977,6529.528059123074,0.22737430167597766,0,1
301.4,310.7,1673,27.8,181,0,9.300000000000011,4870.452978762304,0.15274725274725276,1,0
301.4,310.8,1285,62.6,183,1,9.400000000000034,8423.761821580552,0.34021739130434786,1,0
301.4,310.8,1680,31.4,185,0,9.400000000000034,5524.176522072292,0.16881720430107527,1,0
301.4,310.8,1610,34.6,187,0,9.400000000000034,5833.5186786957665,0.18404255319148938,1,0
301.6,310.9,1632,31.6,189,0,9.299999999999955,5400.523435226998,0.16631578947368422,1,0
301.6,310.9,1559,40.2,191,0,9.299999999999955,6562.975548908294,0.209375,1,0
301.5,310.8,1367,49.0,193,0,9.300000000000011,7014.44335718017,0.25257731958762886,1,0
301.6,310.8,1355,57.8,195,1,9.199999999999989,8201.546501216635,0.29489795918367345,1,0
301.6,310.7,1414,51.7,197,0,9.099999999999966,7655.412034316583,0.2611111111111111,0,0
301.5,310.6,1522,36.6,202,0,9.100000000000023,5833.434902891671,0.18029556650246306,1,0
301.5,310.6,1525,41.9,204,0,9.100000000000023,6691.330552758461,0.204390243902439,1,0
301.5,310.6,1394,46.5,206,0,9.100000000000023,6788.039246611466,0.2246376811594203,1,0
301.5,310.6,1519,40.7,208,0,9.100000000000023,6474.120836689262,0.19473684210526318,1,0
301.4,310.6,1445,43.9,210,0,9.200000000000045,6642.950025893177,0.20805687203791468,1,0
301.4,310.6,1555,43.3,212,0,9.200000000000045,7050.938191839371,0.20328638497652582,1,0
301.4,310.5,1633,39.5,0,0,9.100000000000023,6754.790724360974,39.5,1,0
301.4,310.6,1630,30.3,2,0,9.200000000000045,5172.003985604876,10.1,0,1
301.4,310.7,1692,32.3,5,0,9.300000000000011,5723.102168897597,5.383333333333333,0,1
301.5,310.7,1790,26.2,8,0,9.199999999999989,4911.147075601804,2.911111111111111,0,0
301.5,310.8,1350,58.5,13,0,9.300000000000011,8270.24266057513,4.178571428571429,1,0
301.5,310.9,2760,8.0,15,1,9.399999999999977,2312.212193042088,0.5,1,0
301.4,310.7,1584,32.2,17,0,9.300000000000011,5341.210165927223,1.788888888888889,1,0
301.4,310.7,1989,21.8,19,0,9.300000000000011,4540.669525939472,1.09,1,0
301.4,310.8,1431,44.3,21,0,9.400000000000034,6638.530852227128,2.0136363636363637,1,0
301.4,310.7,1568,35.2,23,0,9.300000000000011,5779.860276172453,1.4666666666666668,1,0
301.4,310.7,1376,50.6,25,0,9.300000000000011,7291.175782059383,1.9461538461538461,1,0
301.4,310.6,1459,46.9,27,0,9.200000000000045,7165.66915554847,1.675,0,1
301.5,310.8,1385,47.5,30,0,9.300000000000011,6889.250889934618,1.532258064516129,0,1
301.5,310.8,1591,29.6,33,0,9.300000000000011,4931.630259703209,0.8705882352941177,0,0
301.5,310.7,1568,33.1,38,0,9.199999999999989,5435.039066514438,0.8487179487179487,1,0
301.4,310.7,1459,37.7,40,0,9.300000000000011,5760.036826528302,0.9195121951219513,0,1
301.4,310.7,1590,36.3,43,0,9.300000000000011,6044.110106241402,0.825,1,0
301.3,310.6,1376,47.6,45,0,9.300000000000011,6858.892632925427,1.0347826086956522,1,0
301.3,310.6,1510,38.5,47,0,9.300000000000011,6087.88296388142,0.8020833333333334,1,0
301.4,310.6,1674,33.6,49,0,9.200000000000045,5890.109234362431,0.672,0,0
301.3,310.6,1426,40.7,54,0,9.300000000000011,6077.746091585837,0.7400000000000001,1,0
301.5,310.7,1466,43.6,56,0,9.199999999999989,6693.435419836365,0.7649122807017544,1,0
301.5,310.8,1474,38.7,58,0,9.300000000000011,5973.612767094849,0.6559322033898306,0,0
301.6,310.8,1290,65.3,63,0,9.199999999999989,8821.27801201478,1.0203125,0,1
301.7,310.9,1435,48.0,66,0,9.199999999999989,7213.096732642165,0.7164179104477612,0,1
301.5,310.7,1416,53.2,69,0,9.199999999999989,7888.664816870115,0.76,0,1
301.5,310.7,1599,40.4,72,0,9.199999999999989,6764.854292827973,0.5534246575342465,0,0
301.5,310.7,1466,47.3,77,0,9.199999999999989,7261.456315556423,0.6064102564102564,1,0
301.5,310.7,1408,47.3,79,0,9.199999999999989,6974.168139361148,0.5912499999999999,1,0
301.5,310.6,1490,48.1,81,0,9.100000000000023,7505.160129670897,0.5865853658536585,1,0
301.5,310.6,1405,42.3,83,0,9.100000000000023,6223.65212639406,0.5035714285714286,1,0
301.4,310.5,1647,33.3,85,0,9.100000000000023,5743.365441513252,0.3872093023255814,1,0
301.4,310.6,1459,35.0,87,0,9.200000000000045,5347.514295185426,0.3977272727272727,0,1
301.4,310.6,1648,30.7,90,0,9.200000000000045,5298.149402622018,0.33736263736263733,1,0
301.4,310.7,1675,30.7,92,0,9.300000000000011,5384.951607640704,0.3301075268817204,1,0
301.4,310.7,1605,34.2,94,0,9.300000000000011,5748.172078273245,0.36000000000000004,1,0
301.4,310.7,1536,44.4,96,0,9.300000000000011,7141.7197475526045,0.4577319587628866,0,0
301.4,310.7,1617,34.3,101,0,9.300000000000011,5808.082250177202,0.33627450980392154,0,1
301.4,310.6,1347,53.3,104,0,9.200000000000045,7518.365290791486,0.5076190476190476,1,0
301.3,310.5,1337,52.7,106,0,9.199999999999989,7378.543473755715,0.49252336448598133,1,0
301.3,310.4,1695,30.9,108,0,9.099999999999966,5484.74953426974,0.2834862385321101,1,0
301.3,310.4,1635,32.5,110,0,9.099999999999966,5564.545987670921,0.2927927927927928,0,1
301.2,310.4,1470,44.0,113,0,9.199999999999989,6773.273761139593,0.38596491228070173,1,0
301.2,310.4,1381,49.8,115,0,9.199999999999989,7201.975494648455,0.4293103448275862,1,0
301.2,310.4,1382,41.6,117,0,9.199999999999989,6020.464385535383,0.3525423728813559,0,1
301.2,310.4,1697,30.0,120,0,9.199999999999989,5331.282733141879,0.24793388429752067,0,1
301.2,310.3,1451,39.7,123,0,9.100000000000023,6032.350077741466,0.32016129032258067,1,0
301.3,310.3,1419,55.7,125,0,9.0,8276.871421074206,0.4420634920634921,1,0
301.3,310.3,1313,55.6,127,0,9.0,7644.8353390494985,0.434375,1,0
301.3,310.3,1560,36.3,129,0,9.0,5930.0702929160925,0.2792307692307692,1,0
301.3,310.3,1555,41.2,131,0,9.0,6708.975831496124,0.31212121212121213,1,0
301.4,310.4,1579,36.9,133,0,9.0,6101.507004022487,0.2753731343283582,1,0
301.5,310.5,1435,44.6,135,0,9.0,6702.169047413346,0.32794117647058824,1,0
301.6,310.6,1621,33.7,137,0,9.0,5720.599366750239,0.24420289855072466,1,0
301.6,310.6,1555,40.4,139,0,9.0,6578.704456127266,0.28857142857142853,0,0
301.5,310.5,1611,33.8,144,0,9.0,5702.17916182469,0.23310344827586205,1,0
301.6,310.6,1834,23.5,146,0,9.0,4513.316725902217,0.1598639455782313,1,0
301.5,310.5,1612,29.8,148,0,9.0,5030.485708536168,0.2,0,1
301.5,310.4,1629,34.1,151,0,8.899999999999977,5817.067205166469,0.2243421052631579,1,0
301.4,310.4,1496,35.2,153,0,9.0,5514.458528797189,0.2285714285714286,1,0
301.5,310.5,1593,32.9,155,0,9.0,5488.330949894832,0.2108974358974359,1,0
301.5,310.5,1623,33.5,157,0,9.0,5693.665445733461,0.2120253164556962,0,1
301.5,310.5,1380,48.7,160,0,9.0,7037.795862571856,0.3024844720496895,1,0
301.6,310.6,1562,34.4,162,0,9.0,5626.885657893655,0.21104294478527608,1,0
301.6,310.6,1391,49.4,164,0,9.0,7195.859860949469,0.2993939393939394,1,0
301.5,310.5,1551,34.3,166,0,9.0,5571.017668537316,0.20538922155688621,0,0
301.6,310.6,1821,26.2,171,0,9.0,4996.200460709991,0.15232558139534882,0,0
301.6,310.7,1429,43.6,176,0,9.099999999999966,6524.5015108773305,0.24632768361581922,1,0
301.6,310.7,2012,20.7,178,0,9.099999999999966,4361.410249125638,0.11564245810055866,0,1
301.6,310.6,1924,23.6,181,0,9.0,4754.9470888653195,0.12967032967032968,0,1
301.5,310.5,1412,44.1,184,0,9.0,6520.815375497119,0.23837837837837839,0,1
301.5,310.5,1389,54.9,187,0,9.0,7985.5201183802865,0.29202127659574467,1,0
301.5,310.5,1466,48.1,189,0,9.0,7384.271644360761,0.25315789473684214,1,0
301.5,310.5,2297,15.8,191,0,9.0,3800.5521846557644,0.08229166666666667,1,0
301.4,310.4,1471,37.5,193,0,9.0,5776.6034917882325,0.19329896907216496,1,0
301.4,310.3,1492,41.4,195,0,8.900000000000034,6468.413610035241,0.21122448979591835,1,0
301.3,310.3,1460,41.5,197,0,9.0,6344.969962700186,0.20959595959595959,1,0
301.4,310.4,1559,39.4,199,0,9.0,6432.369070323053,0.19699999999999998,1,0
301.4,310.5,1495,52.5,201,0,9.100000000000023,8219.191779954295,0.2599009900990099,0,1
301.5,310.5,1535,39.0,204,0,9.0,6269.048140238431,0.1902439024390244,1,0
301.5,310.6,1381,50.7,206,0,9.100000000000023,7332.131678286682,0.24492753623188407,1,0
301.6,310.6,1599,36.1,208,0,9.0,6044.832672551729,0.17272727272727273,0,1
301.6,310.6,1400,49.5,211,0,9.0,7257.079029792421,0.23349056603773585,0,0
301.7,310.6,1624,34.5,216,0,8.900000000000034,5867.238439844297,0.15898617511520738,1,0
301.6,310.6,1478,36.6,218,0,9.0,5664.794209246971,0.16712328767123288,1,0
301.7,310.7,1605,33.3,220,0,9.0,5596.904392002895,0.1506787330316742,1,0
301.6,310.6,1506,43.4,222,0,9.0,6844.5250825230105,0.19461883408071748,1,0
301.6,310.6,1455,43.9,0,0,9.0,6688.921998390708,43.9,1,0
301.6,310.5,1602,32.3,2,0,8.899999999999977,5418.681840764747,10.766666666666666,0,0
301.5,310.4,1425,54.4,7,0,8.899999999999977,8117.875416876024,6.8,1,0
301.5,310.4,1918,21.8,9,0,8.899999999999977,4378.584288965262,2.18,1,0
301.4,310.3,1611,41.5,11,0,8.900000000000034,7001.196308157533,3.4583333333333335,0,0
301.4,310.4,1610,38.6,16,0,9.0,6507.913901666376,2.2705882352941176,0,0
301.5,310.4,2639,12.0,21,1,8.899999999999977,3316.265205129386,0.5454545454545454,0,1
301.5,310.4,1329,46.6,24,0,8.899999999999977,6485.441042217698,1.864,1,0
301.5,310.4,1270,54.2,26,0,8.899999999999977,7208.27962390666,2.0074074074074075,1,0
301.5,310.3,1415,41.6,28,0,8.800000000000011,6164.223665363653,1.4344827586206896,1,0
301.6,310.4,1330,49.5,30,0,8.799999999999955,6894.2250783028,1.596774193548387,0,0
301.6,310.5,1786,27.1,35,0,8.899999999999977,5068.498979644605,0.7527777777777778,0,0
301.6,310.5,1809,25.5,40,0,8.899999999999977,4830.669943792345,0.6219512195121951,1,0
301.7,310.6,1303,59.7,42,0,8.900000000000034,8146.055502978726,1.388372093023256,1,0
301.8,310.7,1383,45.7,44,0,8.899999999999977,6618.613154803369,1.0155555555555555,0,1
301.7,310.6,1447,56.9,47,0,8.900000000000034,8622.027733948602,1.1854166666666666,1,0
301.8,310.7,1461,44.2,49,0,8.899999999999977,6762.403850558174,0.884,1,0
301.8,310.7,2092,18.6,51,0,8.899999999999977,4074.771335412105,0.3576923076923077,1,0
301.8,310.7,1429,47.9,53,0,8.899999999999977,7167.972990161104,0.887037037037037,0,1
301.8,310.8,1736,26.5,56,0,9.0,4817.527614524827,0.4649122807017544,1,0
301.8,310.7,1441,49.3,58,0,8.899999999999977,7439.427539382286,0.835593220338983,1,0
301.8,310.7,1523,43.3,60,0,8.899999999999977,6905.838499145571,0.7098360655737704,1,0
301.8,310.8,1691,33.4,62,0,9.0,5914.508937305312,0.5301587301587302,0,1
301.9,310.8,1557,35.3,65,0,8.900000000000034,5755.617652862252,0.5348484848484848,0,1
301.8,310.7,1644,33.4,68,0,8.899999999999977,5750.1198657184705,0.4840579710144927,1,0
301.8,310.6,1522,43.8,70,0,8.800000000000011,6980.99586739495,0.6169014084507042,1,0
301.8,310.7,1547,41.7,72,0,8.899999999999977,6755.46093079374,0.5712328767123288,1,0
301.8,310.7,1597,30.8,74,0,8.899999999999977,5150.913426923777,0.4106666666666667,1,0
301.8,310.8,1619,31.0,76,0,9.0,5255.779789700605,0.4025974025974026,0,1
301.9,310.8,1400,58.2,79,0,8.900000000000034,8532.565647149877,0.7275,1,0
302.0,310.9,1663,31.5,81,0,8.899999999999977,5485.692012065818,0.38414634146341464,1,0
301.9,310.8,1540,37.6,83,0,8.900000000000034,6063.69270044878,0.44761904761904764,1,0
301.9,310.8,1455,42.7,85,0,8.900000000000034,6506.081305951782,0.4965116279069768,0,0
301.9,310.8,1519,39.0,90,0,8.900000000000034,6203.703013043764,0.42857142857142855,1,0
301.9,310.8,1427,47.7,92,0,8.900000000000034,7128.05381950949,0.5129032258064516,1,0
301.9,310.8,1650,29.8,94,0,8.900000000000034,5149.070359233671,0.3136842105263158,1,0
301.8,310.8,1508,38.8,96,0,9.0,6127.19475995334,0.39999999999999997,0,1
301.9,310.9,1379,54.8,99,0,9.0,7913.588118588593,0.5479999999999999,1,0
301.9,310.9,1542,36.7,101,0,9.0,5926.237549878714,0.3598039215686275,1,0
301.9,310.9,1763,28.4,103,0,9.0,5243.234363037269,0.27307692307692305,0,1
301.9,310.9,1590,34.3,106,0,9.0,5711.101284960883,0.32056074766355136,0,0
301.9,311.0,1336,63.6,111,0,9.100000000000023,8897.995704615445,0.5678571428571428,0,0
301.9,311.0,1638,35.4,116,0,9.100000000000023,6072.195944564495,0.30256410256410254,0,1
301.9,311.0,1356,45.7,119,0,9.100000000000023,6489.39944896122,0.38083333333333336,1,0
301.9,311.0,1384,47.4,121,0,9.100000000000023,6869.783487457872,0.3885245901639344,0,1
301.9,310.9,1309,48.0,124,0,9.0,6579.751653678462,0.384,1,0
301.9,311.0,1642,33.1,126,0,9.100000000000023,5691.539634704532,0.2606299212598425,1,0
301.9,311.0,1289,54.9,128,0,9.100000000000023,7410.608662773354,0.4255813953488372,1,0
301.9,311.0,1353,43.8,130,0,9.100000000000023,6205.839296048205,0.33435114503816793,1,0
301.9,311.0,1871,26.0,132,0,9.100000000000023,5094.197207550968,0.19548872180451127,0,0
301.9,311.0,1291,63.6,137,0,9.100000000000023,8598.287765462977,0.4608695652173913,0,0
301.8,310.9,1346,44.6,142,0,9.099999999999966,6286.494451441367,0.3118881118881119,0,1
301.7,310.8,1493,47.6,145,0,9.100000000000023,7442.097893137838,0.32602739726027397,1,0
301.7,310.8,1524,41.3,147,0,9.100000000000023,6591.1870509375285,0.27905405405405403,0,1
301.6,310.8,1726,26.7,150,0,9.199999999999989,4825.926138885425,0.17682119205298014,1,0
301.6,310.8,1435,47.2,152,0,9.199999999999989,7092.878453764796,0.3084967320261438,0,0
301.7,310.8,1502,34.4,157,0,9.100000000000023,5410.7440833266755,0.21772151898734177,0,1
301.7,310.9,1608,33.0,160,0,9.199999999999989,5556.849085669626,0.20496894409937888,1,0
301.8,311.0,1771,27.2,162,0,9.199999999999989,5044.476267820155,0.1668711656441718,1,0
301.7,311.0,1474,42.6,164,0,9.300000000000011,6575.604751375725,0.2581818181818182,1,0
301.8,311.0,1322,53.0,166,0,9.199999999999989,7337.294362214082,0.31736526946107785,1,0
301.8,311.0,1393,49.5,168,0,9.199999999999989,7220.793634643461,0.29289940828402367,0,1
301.9,311.1,1417,52.5,171,0,9.200000000000045,7790.36438273929,0.30523255813953487,0,1
301.9,311.0,1430,49.8,174,0,9.100000000000023,7457.512641091452,0.28457142857142853,0,0
301.9,311.1,1605,40.0,179,0,9.200000000000045,6723.008278682157,0.2222222222222222,0,1
302.0,311.1,1402,47.8,182,0,9.100000000000023,7017.857221197071,0.2612021857923497,1,0
302.0,311.0,1550,35.2,184,0,9.0,5713.509839328638,0.1902702702702703,1,0
301.9,311.0,1376,44.9,186,0,9.100000000000023,6469.837798704867,0.24010695187165776,1,0
301.9,310.9,1569,32.5,188,0,9.0,5339.922112939251,0.17195767195767195,0,1
301.9,311.0,1669,32.2,191,0,9.100000000000023,5627.828135689732,0.16770833333333335,1,0
301.9,311.0,1541,38.9,193,0,9.100000000000023,6277.415248672492,0.20051546391752575,1,0
301.8,311.0,1651,32.5,195,0,9.199999999999989,5619.000260333144,0.16581632653061223,1,0
301.8,310.9,1521,39.3,197,0,9.099999999999966,6259.654778204197,0.19848484848484846,1,0
301.8,310.8,1365,48.2,199,0,9.0,6889.826848587775,0.24100000000000002,0,1
301.8,310.9,1609,31.7,202,0,9.099999999999966,5341.262525804782,0.15615763546798028,1,0
301.8,310.8,1470,37.6,204,0,9.0,5788.070304973835,0.18341463414634146,0,0
301.9,310.9,1573,38.9,209,0,9.0,6407.770399845445,0.18523809523809523,0,1
302.0,310.9,1378,53.1,212,1,8.899999999999977,7662.53297766472,0.24929577464788732,1,0
301.9,310.9,1567,39.0,214,1,9.0,6399.738394627768,0.1813953488372093,1,0
301.9,310.9,1441,43.7,0,0,9.0,6594.38100346868,43.7,0,1
301.9,310.9,1641,33.2,3,0,9.0,5705.257922625208,8.3,0,1
301.9,310.9,1486,40.3,6,0,9.0,6271.22631114492,5.757142857142857,1,0
302.0,311.0,1563,36.2,8,0,9.0,5925.1065765234225,4.022222222222222,1,0
302.0,311.1,1769,26.0,10,0,9.100000000000023,4816.480416973631,2.3636363636363638,0,1
301.9,311.0,1672,29.9,13,0,9.100000000000023,5235.233773746128,2.1357142857142857,0,0
302.0,311.0,1632,34.2,18,0,9.0,5844.870300150738,1.8,1,0
302.0,311.0,1980,21.5,20,0,9.0,4457.919975443917,1.0238095238095237,0,1
302.0,311.1,1635,36.0,23,0,9.100000000000023,6163.804786343174,1.5,1,0
302.0,311.0,1686,32.5,25,0,9.0,5738.118981781758,1.25,1,0
301.9,310.9,1574,31.4,27,0,9.0,5175.627289132016,1.1214285714285714,1,0
301.8,310.8,1546,43.4,29,0,9.0,7026.318577410739,1.4466666666666665,1,0
301.8,310.9,1899,24.7,31,0,9.099999999999966,4911.911529814177,0.771875,1,0
301.8,310.9,1449,36.5,33,0,9.099999999999966,5538.470768646126,1.0735294117647058,1,0
301.9,310.9,1483,37.0,35,0,9.0,5746.077683170851,1.0277777777777777,0,1
301.8,310.8,1576,38.6,38,0,9.0,6370.479695047335,0.9897435897435898,1,0
301.9,310.9,1317,51.9,40,0,9.0,7157.836117865521,1.2658536585365854,0,1
301.9,311.0,1467,48.1,43,0,9.100000000000023,7389.308664582017,1.0931818181818183,0,1
301.9,310.9,1616,34.5,46,0,9.0,5838.3357874312715,0.7340425531914894,1,0
301.8,310.9,1299,60.4,48,0,9.099999999999966,8216.270098786457,1.2326530612244897,0,1
301.9,311.0,1432,41.5,51,0,9.100000000000023,6223.28560725114,0.7980769230769231,0,1
301.9,310.9,1799,24.2,54,0,9.0,4559.058314938484,0.44,1,0
301.8,310.9,1358,52.3,56,0,9.099999999999966,7437.553055765644,0.9175438596491228,0,1
301.8,310.8,1618,37.8,59,0,9.0,6404.702111020439,0.63,0,1
301.9,310.8,1525,43.2,62,0,8.900000000000034,6898.937467283186,0.6857142857142857,1,0
301.8,310.7,1551,37.7,64,0,8.899999999999977,6123.2468251853315,0.5800000000000001,1,0
301.9,310.8,1735,31.5,66,0,8.900000000000034,5723.196416677206,0.4701492537313433,1,0
301.8,310.7,1309,43.3,68,0,8.899999999999977,5935.4843042557795,0.6275362318840579,0,1
301.7,310.6,1743,26.2,71,0,8.900000000000034,4782.195169147454,0.3638888888888889,1,0
301.7,310.7,1659,29.9,73,0,9.0,5194.529204931115,0.40405405405405403,0,1
301.8,310.7,1680,32.4,76,0,8.899999999999977,5700.105710673321,0.42077922077922075,1,0
301.7,310.6,1486,38.5,78,0,8.900000000000034,5991.121910150855,0.4873417721518987,1,0
301.7,310.6,1471,43.8,80,0,8.900000000000034,6747.072878408655,0.5407407407407407,1,0
301.8,310.7,1465,35.8,82,0,8.899999999999977,5492.236996760796,0.43132530120481927,0,1
301.7,310.6,1492,42.2,85,0,8.900000000000034,6593.407109746066,0.4906976744186047,0,1
301.8,310.7,1420,52.0,88,0,8.899999999999977,7732.506718035676,0.5842696629213483,0,1
301.8,310.6,1295,62.3,91,0,8.800000000000011,8448.63276342147,0.6771739130434782,1,0
301.8,310.5,1548,34.1,93,0,8.699999999999989,5527.820769550457,0.3627659574468085,1,0
301.8,310.6,1372,54.7,95,0,8.800000000000011,7859.050070122275,0.5697916666666667,1,0
301.8,310.6,1552,35.9,97,0,8.800000000000011,5834.649652051058,0.3663265306122449,0,1
301.8,310.6,1441,46.3,100,0,8.800000000000011,6986.724037999997,0.4584158415841584,0,0
301.7,310.6,1691,27.7,105,0,8.900000000000034,4905.146633633448,0.26132075471698113,0,1
301.8,310.6,1451,50.7,108,0,8.800000000000011,7703.782089206355,0.46513761467889914,1,0
301.8,310.6,1452,48.4,110,0,8.800000000000011,7359.369286593306,0.436036036036036,1,0
301.7,310.6,1406,46.0,112,0,8.900000000000034,6772.854882119114,0.40707964601769914,1,0
301.7,310.5,1567,39.1,114,0,8.800000000000011,6416.147980255018,0.34,1,0
301.6,310.4,1599,41.7,116,0,8.799999999999955,6982.53524779521,0.3564102564102564,1,0
301.6,310.4,1455,39.0,118,0,8.799999999999955,5942.322504265094,0.3277310924369748,0,1
301.7,310.5,1625,35.9,121,0,8.800000000000011,6109.088714293152,0.2942622950819672,0,1
301.8,310.6,2672,11.8,124,1,8.800000000000011,3301.7719910208257,0.09440000000000001,1,0
301.8,310.6,1650,31.9,126,0,8.800000000000011,5511.924310723292,0.2511811023622047,1,0
301.8,310.6,1459,40.2,128,0,8.800000000000011,6142.002133327262,0.3116279069767442,0,1
301.8,310.6,1395,50.5,131,0,8.800000000000011,7377.244948792231,0.38257575757575757,1,0
301.8,310.7,1751,29.3,133,0,8.899999999999977,5372.573732585561,0.21865671641791046,1,0
301.8,310.6,1192,68.9,135,0,8.800000000000011,8600.507824271514,0.5066176470588236,1,0
301.9,310.7,1947,25.0,137,0,8.800000000000011,5097.23408044944,0.18115942028985507,1,0
301.8,310.5,1593,34.9,139,0,8.699999999999989,5821.968089706068,0.24928571428571428,1,0
301.8,310.5,1478,38.6,141,0,8.699999999999989,5974.345805380685,0.271830985915493,0,0
301.7,310.6,1505,44.5,146,0,8.900000000000034,7013.343799751414,0.30272108843537415,0,1
301.7,310.5,2465,13.7,149,0,8.800000000000011,3536.43849026847,0.09133333333333332,1,0
301.8,310.6,1403,46.8,151,0,8.800000000000011,6875.941009058907,0.3078947368421052,1,0
301.7,310.5,1458,41.4,153,0,8.800000000000011,6321.010082728806,0.2688311688311688,0,1
301.6,310.4,1369,45.4,156,0,8.799999999999955,6508.605052050166,0.289171974522293,0,0
301.6,310.4,1377,44.9,161,0,8.799999999999955,6474.53971570974,0.27716049382716046,0,1
301.6,310.4,1452,45.7,164,0,8.799999999999955,6948.825958622192,0.276969696969697,0,1
301.6,310.4,1517,41.1,167,0,8.799999999999955,6529.140596029131,0.24464285714285716,1,0
301.7,310.5,1354,50.0,169,0,8.800000000000011,7089.527421600967,0.29411764705882354,1,0
301.7,310.5,1724,33.0,171,0,8.800000000000011,5957.716308267683,0.19186046511627908,0,1
301.7,310.5,1399,53.2,174,0,8.800000000000011,7793.956270339895,0.304,1,0
301.7,310.5,1388,50.5,176,0,8.800000000000011,7340.226515357432,0.2853107344632768,0,0
301.7,310.5,1523,34.7,181,0,8.800000000000011,5534.240090539292,0.19065934065934068,1,0
301.7,310.5,1377,43.1,183,0,8.800000000000011,6214.981330670153,0.23423913043478262,1,0
301.7,310.6,1417,45.2,185,0,8.900000000000034,6707.1327638060175,0.24301075268817207,0,1
301.7,310.7,1542,40.0,188,0,9.0,6459.114495780615,0.21164021164021163,1,0
301.8,310.8,1557,33.3,190,0,9.0,5429.520335419631,0.1743455497382199,1,0
301.7,310.7,1641,31.9,192,0,9.0,5481.859269028437,0.16528497409326423,1,0
301.7,310.7,1318,55.0,194,0,9.0,7591.135048624136,0.28205128205128205,1,0
301.6,310.7,1638,33.8,196,0,9.099999999999966,5797.746410346891,0.17157360406091368,1,0
301.7,310.8,1954,21.6,198,0,9.100000000000023,4419.843872482408,0.1085427135678392,0,1
301.7,310.9,1644,32.5,201,0,9.199999999999989,5595.1765160434215,0.1608910891089109,0,1
301.7,310.8,1594,32.4,204,0,9.100000000000023,5408.314585007901,0.15804878048780488,0,1
301.7,310.9,1405,46.4,207,1,9.199999999999989,6826.89027576086,0.22307692307692306,1,0
301.7,310.8,1622,37.8,0,0,9.100000000000023,6420.535737994532,37.8,1,0
301.7,310.9,1557,39.4,2,0,9.199999999999989,6424.117153619624,13.133333333333333,1,0
301.8,311.0,1606,33.3,4,0,9.199999999999989,5600.391559848381,6.659999999999999,1,0
301.8,311.1,1647,31.6,6,0,9.300000000000011,5450.160599153718,4.514285714285714,0,1
301.8,311.1,1413,42.2,9,0,9.300000000000011,6244.292390128145,4.220000000000001,0,1
301.8,311.0,1529,41.6,12,0,9.199999999999989,6660.846632043128,3.2,1,0
301.9,311.1,1448,46.3,14,0,9.200000000000045,7020.663710634278,3.0866666666666664,1,0
301.9,311.2,1435,44.2,16,0,9.300000000000011,6642.059907974661,2.6,1,0
301.9,311.2,1474,41.8,18,0,9.300000000000011,6452.119216138622,2.1999999999999997,0,0
301.9,311.2,1657,29.1,23,0,9.300000000000011,5049.450456188339,1.2125000000000001,1,0
302.0,311.3,1509,39.9,25,0,9.300000000000011,6305.082207975107,1.5346153846153845,1,0
302.0,311.3,1530,36.4,27,0,9.300000000000011,5832.052602124091,1.3,0,1
302.0,311.4,1587,35.9,30,0,9.399999999999977,5966.230024358912,1.1580645161290322,0,1
302.1,311.4,1467,43.4,33,0,9.299999999999955,6667.276425007474,1.276470588235294,0,1
302.2,311.5,1360,53.0,36,0,9.300000000000011,7548.199949025076,1.4324324324324325,0,1
302.2,311.5,1588,30.6,39,0,9.300000000000011,5088.626116578604,0.765,1,0
302.2,311.4,1609,32.1,41,0,9.199999999999989,5408.6601601997945,0.7642857142857143,1,0
302.1,311.3,1415,44.1,43,0,9.199999999999989,6534.669799099449,1.0022727272727272,1,0
302.0,311.2,1845,27.3,45,0,9.199999999999989,5274.576985744583,0.5934782608695652,1,0
302.1,311.4,1419,36.2,47,0,9.299999999999955,5379.22343703566,0.7541666666666668,0,1
302.1,311.3,1634,30.6,50,0,9.199999999999989,5236.029643885036,0.6,1,0
302.2,311.3,1521,40.6,52,0,9.100000000000023,6466.717150002301,0.7660377358490567,0,1
302.2,311.4,1499,37.7,55,0,9.199999999999989,5917.954217248749,0.6732142857142858,1,0
302.1,311.2,1616,35.1,57,0,9.099999999999966,5939.872061995294,0.6051724137931035,0,1
302.2,311.4,1449,46.5,60,0,9.199999999999989,7055.860020329997,0.7622950819672131,1,0
302.2,311.4,1626,31.6,62,0,9.199999999999989,5380.668569656311,0.5015873015873016,0,1
302.3,311.5,1445,44.8,65,0,9.199999999999989,6779.138067426294,0.6787878787878787,0,1
302.4,311.6,1622,35.0,68,0,9.200000000000045,5944.940498143085,0.5072463768115942,1,0
302.4,311.6,1544,39.1,70,0,9.200000000000045,6321.973504475909,0.5507042253521127,0,0
302.3,311.6,1488,41.8,75,0,9.300000000000011,6513.401216834646,0.5499999999999999,1,0
302.3,311.6,1309,57.6,77,0,9.300000000000011,7895.701984414155,0.7384615384615385,1,0
302.3,311.6,1784,26.4,79,0,9.300000000000011,4932.049138723688,0.32999999999999996,1,0
302.2,311.5,1548,32.4,81,0,9.300000000000011,5252.240261977559,0.39512195121951216,1,0
302.2,311.5,1413,43.5,83,0,9.300000000000011,6436.652108307448,0.5178571428571429,1,0
302.2,311.5,1863,25.7,85,0,9.300000000000011,5013.887627349702,0.29883720930232555,0,1
302.2,311.5,1427,43.8,88,0,9.300000000000011,6545.256966342046,0.4921348314606741,1,0
302.2,311.5,1443,47.0,90,0,9.300000000000011,7102.198511970446,0.5164835164835165,0,1
302.2,311.5,1481,40.4,93,0,9.300000000000011,6265.634276221532,0.4297872340425532,1,0
302.1,311.4,1446,39.7,95,0,9.299999999999955,6011.5632063502135,0.4135416666666667,1,0
302.1,311.5,1444,44.9,97,0,9.399999999999977,6789.5681550362115,0.45816326530612245,1,0
302.1,311.5,1341,50.8,99,0,9.399999999999977,7133.8029340655585,0.508,0,1
302.1,311.4,1518,37.4,102,0,9.299999999999955,5945.275601359469,0.3631067961165048,1,0
302.1,311.4,1603,35.9,104,0,9.299999999999955,6026.381051699645,0.3419047619047619,1,0
302.1,311.4,1686,30.9,106,0,9.299999999999955,5455.626970370963,0.28878504672897193,1,0
302.1,311.5,1383,53.6,108,0,9.399999999999977,7762.749783314236,0.4917431192660551,0,1
302.1,311.5,1477,45.4,111,0,9.399999999999977,7022.0669553528805,0.40535714285714286,1,0
302.2,311.5,1449,44.5,113,0,9.300000000000011,6752.382169993222,0.39035087719298245,0,1
302.2,311.5,1734,25.0,116,0,9.300000000000011,4539.601384437251,0.21367521367521367,0,1
302.3,311.6,1398,49.1,119,0,9.300000000000011,7188.152486972663,0.4091666666666667,1,0
302.3,311.7,1639,36.6,121,0,9.399999999999977,6281.865838265079,0.3,0,1
302.3,311.7,1517,37.6,124,0,9.399999999999977,5973.1310562212975,0.3008,0,1
302.3,311.7,1442,41.7,127,0,9.399999999999977,6296.94548300231,0.32578125,0,1
302.3,311.7,1685,30.8,130,0,9.399999999999977,5434.745851200103,0.23511450381679388,0,1
302.4,311.8,1358,50.6,133,0,9.400000000000034,7195.797029096398,0.3776119402985075,0,1
302.3,311.6,1608,39.9,136,0,9.300000000000011,6718.735712673276,0.29124087591240877,0,1
302.3,311.6,1665,34.3,139,0,9.300000000000011,5980.4928550062095,0.24499999999999997,1,0
302.3,311.7,1510,38.7,141,0,9.399999999999977,6119.5083299275575,0.27253521126760566,1,0
302.4,311.8,1465,40.2,143,0,9.400000000000034,6167.260538262123,0.2791666666666667,1,0
302.3,311.7,1701,27.5,145,0,9.399999999999977,4898.528345109885,0.18835616438356165,1,0
302.3,311.7,1486,39.6,147,0,9.399999999999977,6162.296821869451,0.26756756756756755,0,1
302.3,311.6,1658,32.3,150,0,9.300000000000011,5608.0989338251875,0.2139072847682119,1,0
302.3,311.7,1449,44.5,152,0,9.399999999999977,6752.382169993222,0.2908496732026144,0,0
302.2,311.5,1346,52.4,157,0,9.300000000000011,7385.926216491652,0.33164556962025316,1,0
302.1,311.5,1866,23.1,159,0,9.399999999999977,4513.903156530887,0.144375,0,1
302.2,311.5,1562,38.0,162,0,9.300000000000011,6215.745784882526,0.2331288343558282,0,1
302.3,311.7,1368,53.6,165,0,9.399999999999977,7678.555100198028,0.32289156626506027,0,1
302.2,311.5,1567,33.1,168,0,9.300000000000011,5431.572842619978,0.19585798816568048,1,0
302.2,311.5,1725,34.0,170,0,9.300000000000011,6141.813637768045,0.19883040935672514,1,0
302.2,311.5,1744,31.2,172,0,9.300000000000011,5698.095091375022,0.18034682080924855,1,0
302.1,311.3,1453,45.1,174,0,9.199999999999989,6862.31696891784,0.25771428571428573,0,1
302.1,311.2,1550,34.8,177,0,9.099999999999966,5648.583591154448,0.19550561797752808,1,0
302.0,311.2,1558,39.1,179,0,9.199999999999989,6379.297098428411,0.21722222222222223,0,1
302.0,311.2,1270,65.3,182,1,9.199999999999989,8684.514011828503,0.35683060109289616,1,0
301.9,311.1,1380,51.6,184,0,9.200000000000045,7456.884322560734,0.2789189189189189,0,1
302.0,311.1,1406,50.5,187,0,9.100000000000023,7435.416772761202,0.26861702127659576,1,0
302.0,311.2,1625,30.7,189,0,9.199999999999989,5224.206783532027,0.16157894736842104,0,1
302.0,311.2,1420,45.8,192,0,9.199999999999989,6810.553993962192,0.23730569948186528,1,0
302.1,311.4,1889,22.7,194,0,9.299999999999955,4490.414515457546,0.1164102564102564,1,0
302.1,311.3,1477,43.6,196,0,9.199999999999989,6743.659014391754,0.22131979695431472,1,0
302.1,311.2,1460,46.9,198,0,9.099999999999966,7170.580512063583,0.23567839195979898,1,0
302.1,311.3,1758,24.4,200,0,9.199999999999989,4491.9748398088295,0.12139303482587065,1,0
302.1,311.3,1521,31.5,202,0,9.199999999999989,5017.280547415578,0.15517241379310345,1,0
302.1,311.3,1511,45.0,204,0,9.199999999999989,7120.419749361266,0.21951219512195122,0,1
302.2,311.3,1530,37.3,207,1,9.100000000000023,5976.251704923863,0.17932692307692305,1,0
302.1,311.2,1454,46.8,0,0,9.099999999999966,7125.886120578512,46.8,1,0
302.2,311.2,1928,23.1,2,0,9.0,4663.882789813264,7.7,1,0
302.2,311.3,1758,26.4,4,0,9.100000000000023,4860.169498809553,5.279999999999999,0,0
302.2,311.2,1649,33.2,9,0,9.0,5733.07148958499,3.3200000000000003,1,0
302.1,311.2,1447,50.3,11,0,9.099999999999966,7621.933128604828,4.191666666666666,1,0
302.1,311.2,1417,48.0,13,0,9.099999999999966,7122.618864218779,3.4285714285714284,1,0
302.0,311.2,1434,44.9,15,0,9.199999999999989,6742.548984987486,2.80625,1,0
302.0,311.2,1418,49.5,17,0,9.199999999999989,7350.384331604039,2.75,0,1
302.0,311.2,1400,49.5,20,0,9.199999999999989,7257.079029792421,2.357142857142857,0,1
302.0,311.3,1725,27.7,23,0,9.300000000000011,5003.771699005142,1.1541666666666666,0,1
302.0,311.3,1567,41.1,26,0,9.300000000000011,6744.339692800032,1.5222222222222224,1,0
302.1,311.3,1497,38.4,28,0,9.199999999999989,6019.794179102618,1.3241379310344827,0,1
302.1,311.4,1549,44.6,31,0,9.299999999999955,7234.606170343743,1.39375,1,0
302.2,311.4,1754,26.9,33,0,9.199999999999989,4940.95031790886,0.7911764705882353,1,0
302.2,311.5,1489,38.3,35,0,9.300000000000011,5972.03149879254,1.0638888888888889,1,0
302.2,311.5,1543,38.5,37,0,9.300000000000011,6220.929412760948,1.013157894736842,1,0
302.3,311.5,1543,33.1,39,0,9.199999999999989,5348.383469152919,0.8275,1,0
302.3,311.5,1565,35.6,41,0,9.199999999999989,5834.3564367367235,0.8476190476190476,1,0
302.3,311.4,1855,23.9,43,0,9.099999999999966,4642.697983352556,0.5431818181818181,0,1
302.4,311.4,1475,45.2,46,0,9.0,6981.666073827718,0.9617021276595745,0,1
302.3,311.4,1609,32.3,49,0,9.099999999999966,5442.358977397301,0.6459999999999999,1,0
302.3,311.4,1443,44.1,51,0,9.099999999999966,6663.977752721206,0.8480769230769231,0,0
302.4,311.4,1450,44.1,56,0,9.0,6696.304741126644,0.7736842105263159,1,0
302.4,311.5,1590,39.9,58,0,9.100000000000023,6643.525984546334,0.676271186440678,1,0
302.4,311.4,1508,41.2,60,0,9.0,6506.196497682414,0.6754098360655738,0,1
302.2,311.2,1544,43.6,63,0,9.0,7049.566363047305,0.68125,0,1
302.2,311.2,1451,41.8,66,0,9.0,6351.44164356658,0.6238805970149254,1,0
302.3,311.2,1758,24.4,68,0,8.899999999999977,4491.9748398088295,0.3536231884057971,1,0
302.3,311.2,1507,47.7,70,0,8.899999999999977,7527.664405046113,0.671830985915493,0,1
302.3,311.1,1543,37.5,73,0,8.800000000000011,6059.346830611313,0.5067567567567568,0,0
302.3,311.2,1505,36.7,78,0,8.899999999999977,5784.038594401728,0.4645569620253165,0,1
302.3,311.2,1786,24.3,81,0,8.899999999999977,4544.81642824221,0.29634146341463413,1,0
302.3,311.3,1457,44.5,83,0,9.0,6789.66240281582,0.5297619047619048,1,0
302.4,311.3,1312,61.5,85,0,8.900000000000034,8449.627601095106,0.7151162790697675,0,1
302.3,311.2,1405,47.7,88,0,8.899999999999977,7018.16090848692,0.5359550561797753,0,1
302.2,311.2,1377,43.0,91,0,9.0,6200.561420390175,0.4673913043478261,0,1
302.2,311.2,1347,49.8,94,0,9.0,7024.664005279849,0.5242105263157895,0,1
302.2,311.1,1470,39.6,97,0,8.900000000000034,6095.946385025634,0.40408163265306124,1,0
302.2,311.2,1873,24.0,99,0,9.0,4707.362432138946,0.24,0,1
302.2,311.1,1434,58.6,102,0,8.900000000000034,8799.852350117299,0.5689320388349515,0,1
302.2,311.1,1628,30.6,105,0,8.900000000000034,5216.803096845068,0.28867924528301886,0,0
302.2,311.1,1351,48.6,110,0,8.900000000000034,6875.752513499693,0.43783783783783786,1,0
302.3,311.2,1454,43.8,112,0,8.899999999999977,6669.098548746556,0.38761061946902653,0,1
302.2,311.2,1663,29.6,115,0,9.0,5154.809001814228,0.25517241379310346,0,1
302.3,311.2,1401,49.7,118,0,8.899999999999977,7291.605133055374,0.4176470588235294,1,0
302.4,311.3,1503,38.2,120,0,8.900000000000034,6012.4428522932185,0.315702479338843,1,0
302.4,311.4,1564,35.0,122,0,9.0,5732.359395250176,0.2845528455284553,1,0
302.5,311.4,1759,24.6,124,0,8.899999999999977,4531.370411684846,0.1968,1,0
302.5,311.4,1409,53.1,126,0,8.899999999999977,7834.912166567193,0.41811023622047244,1,0
302.6,311.4,1738,25.8,128,0,8.799999999999955,4695.6757074675925,0.2,1,0
302.5,311.3,1393,47.5,130,0,8.800000000000011,6929.044396880088,0.36259541984732824,0,0
302.5,311.1,1499,38.8,135,0,8.600000000000023,6090.626621465555,0.2852941176470588,1,0
302.5,311.1,1493,39.0,137,0,8.600000000000023,6097.51718135243,0.2826086956521739,1,0
302.4,311.1,1652,33.9,139,0,8.700000000000045,5864.599502015282,0.24214285714285713,1,0
302.3,311.1,1589,29.9,141,0,8.800000000000011,4975.350757465668,0.21056338028169014,1,0
302.4,311.1,1520,42.2,143,0,8.700000000000045,6717.143972395457,0.29305555555555557,1,0
302.3,311.1,1455,40.3,145,0,8.800000000000011,6140.399921073929,0.276027397260274,0,0
302.2,311.0,1463,46.8,150,0,8.800000000000011,7169.994081434914,0.30993377483443707,1,0
302.3,311.0,1442,43.7,152,0,8.699999999999989,6598.957256767409,0.2856209150326798,1,0
302.3,311.0,1329,51.5,154,0,8.699999999999989,7167.386559532434,0.33225806451612905,1,0
302.3,311.1,1546,33.1,156,0,8.800000000000011,5358.782140836301,0.21082802547770702,1,0
302.2,311.1,1516,33.7,158,0,8.900000000000034,5350.048513259322,0.2119496855345912,0,1
302.2,311.0,1476,47.4,161,0,8.800000000000011,7326.445395583684,0.29259259259259257,0,1
302.3,311.0,1412,47.0,164,0,8.699999999999989,6949.621828761102,0.28484848484848485,1,0
302.3,310.9,1377,46.8,166,1,8.599999999999966,6748.518011029306,0.2802395209580838,1,0
302.4,311.0,1490,37.1,168,0,8.600000000000023,5788.803343259673,0.21952662721893493,0,1
302.3,311.0,1526,37.7,171,0,8.699999999999989,6024.548455985052,0.21918604651162793,0,1
302.3,311.0,1428,47.9,174,0,8.699999999999989,7162.956913890871,0.2737142857142857,1,0
302.4,311.0,1329,54.6,176,0,8.600000000000023,7598.82147864992,0.30847457627118646,1,0
302.4,311.1,1443,51.8,178,0,8.700000000000045,7827.529423831257,0.28938547486033517,0,1
302.3,311.1,1373,53.0,181,0,8.800000000000011,7620.351860302522,0.29120879120879123,1,0
302.3,311.1,1630,35.6,183,0,8.800000000000011,6076.677950083617,0.19347826086956524,1,0
302.2,311.0,1555,34.2,185,0,8.800000000000011,5569.101297018627,0.1838709677419355,1,0
302.2,311.0,1436,47.0,187,0,8.800000000000011,7067.745712536077,0.25,0,1
302.3,311.0,1609,31.0,190,0,8.699999999999989,5223.316665613509,0.16230366492146597,1,0
302.3,311.0,1384,49.7,192,0,8.699999999999989,7203.127411954773,0.25751295336787566,0,1
302.4,311.1,1448,44.8,195,0,8.700000000000045,6793.212402514377,0.22857142857142856,1,0
302.4,311.1,1887,22.4,197,0,8.700000000000045,4426.378385201874,0.11313131313131312,0,1
302.4,311.1,1480,45.7,200,0,8.700000000000045,7082.825357273308,0.22736318407960202,0,1
302.5,311.1,1850,23.3,203,0,8.600000000000023,4513.945044432935,0.1142156862745098,0,0
302.5,311.1,1538,36.8,208,0,8.600000000000023,5926.970588164551,0.17607655502392344,1,0
302.4,311.1,1721,30.1,210,0,8.700000000000045,5424.703226684128,0.14265402843601896,0,1
302.4,311.1,1366,54.4,0,0,8.700000000000045,7781.7668908439655,54.4,0,1
302.3,311.0,1657,31.1,3,0,8.699999999999989,5396.491724654891,7.775,1,0
302.4,311.1,1446,42.9,5,0,8.700000000000045,6496.122457239902,7.1499999999999995,1,0
302.3,310.8,1465,43.8,7,0,8.5,6719.552526763208,5.475,1,0
302.2,310.8,1827,23.8,9,0,8.600000000000023,4553.487223966118,2.38,1,0
302.2,310.8,1397,47.6,11,0,8.600000000000023,6963.57050014304,3.966666666666667,0,0
302.2,310.8,1744,29.7,16,0,8.600000000000023,5424.148211981992,1.7470588235294118,1,0
302.3,310.9,1545,36.7,18,0,8.599999999999966,5937.76719491739,1.9315789473684213,1,0
302.3,310.9,1587,36.6,20,0,8.599999999999966,6082.563200321342,1.7428571428571429,1,0
302.3,310.8,1377,47.3,22,1,8.5,6820.617562429192,2.0565217391304347,1,0
302.3,310.8,1511,48.1,24,0,8.5,7610.937554317265,1.9240000000000002,1,0
302.3,310.8,1650,32.4,26,0,8.5,5598.318108697012,1.2,1,0
302.3,310.9,1412,48.9,28,0,8.599999999999966,7230.563987796125,1.686206896551724,1,0
302.3,311.0,1528,43.1,30,0,8.699999999999989,6896.50796896441,1.3903225806451613,1,0
302.3,310.9,1459,35.0,32,0,8.599999999999966,5347.514295185426,1.0606060606060606,1,0
302.3,310.9,1379,49.3,34,1,8.599999999999966,7119.341135883534,1.4085714285714286,1,0
302.2,310.8,1356,48.3,36,0,8.600000000000023,6858.599417611092,1.3054054054054054,0,1
302.1,310.8,1409,41.3,39,0,8.699999999999989,6093.820573996705,1.0325,0,1
302.1,310.8,1504,37.5,42,0,8.699999999999989,5906.194188748811,0.872093023255814,0,1
302.1,310.8,1622,36.8,45,0,8.699999999999989,6250.680295190443,0.7999999999999999,1,0
302.1,310.8,1786,25.7,47,0,8.699999999999989,4806.657703943408,0.5354166666666667,1,0
302.2,310.9,1506,34.0,49,0,8.699999999999989,5362.0703411470595,0.68,1,0
302.1,310.9,1916,23.1,51,0,8.799999999999955,4634.854473694094,0.44423076923076926,0,1
302.2,310.9,1771,27.6,54,0,8.699999999999989,5118.659742346922,0.5018181818181818,0,1
302.2,310.9,1488,44.2,57,0,8.699999999999989,6887.376406317976,0.7620689655172415,0,1
302.2,310.9,1531,37.5,60,0,8.699999999999989,6012.222940807467,0.6147540983606558,1,0
302.3,310.9,1529,33.4,62,0,8.599999999999966,5347.891286303857,0.5301587301587302,1,0
302.4,311.0,1580,36.5,64,0,8.600000000000023,6039.188277750779,0.5615384615384615,0,1
302.3,310.9,1360,44.0,67,1,8.599999999999966,6266.430146360441,0.6470588235294118,0,1
302.3,311.0,1546,35.5,70,0,8.699999999999989,5747.334320232287,0.5,0,1
302.3,310.9,1762,24.5,73,0,8.599999999999966,4520.647108760592,0.3310810810810811,0,1
302.2,310.8,1350,56.6,76,0,8.600000000000023,8001.636488693203,0.7350649350649351,1,0
302.2,310.8,1562,38.1,78,0,8.600000000000023,6232.103010632217,0.48227848101265824,0,1
302.1,310.7,1608,30.3,81,0,8.599999999999966,5102.1977968421115,0.3695121951219512,0,1
302.0,310.6,1392,50.0,84,0,8.600000000000023,7288.49495632832,0.5882352941176471,1,0
302.0,310.6,1467,44.9,86,0,8.600000000000023,6897.712246148286,0.5160919540229885,1,0
302.1,310.6,1326,59.1,88,1,8.5,8206.53116156033,0.6640449438202247,0,1
302.2,310.7,1769,24.9,91,0,8.5,4612.706245486284,0.27065217391304347,1,0
302.1,310.6,1459,47.6,93,0,8.5,7272.61944145218,0.5063829787234043,1,0
302.1,310.6,1421,52.0,95,0,8.5,7737.9521453019,0.5416666666666666,0,1
302.1,310.7,1491,42.8,98,0,8.599999999999966,6682.670229010063,0.4323232323232323,1,0
302.2,310.7,1567,36.4,100,0,8.5,5973.089168319249,0.3603960396039604,1,0
302.3,310.8,1421,41.4,102,0,8.5,6160.600361836512,0.40194174757281553,1,0
302.3,310.9,1596,33.5,104,0,8.599999999999966,5598.946427227729,0.319047619047619,1,0
302.4,311.0,1464,44.2,106,0,8.600000000000023,6776.28969008704,0.4130841121495327,0,1
302.3,310.9,1581,36.1,109,0,8.599999999999966,5976.7857756749745,0.3281818181818182,0,1
302.3,310.9,1620,30.3,112,0,8.599999999999966,5140.273899803619,0.268141592920354,1,0
302.2,310.7,1413,48.9,114,0,8.5,7235.684783821475,0.4252173913043478,0,0
302.3,310.8,1438,43.8,119,0,8.5,6595.710944358699,0.365,0,0
302.4,310.9,1469,41.6,124,0,8.5,6399.466123264457,0.3328,0,1
302.3,310.8,1762,27.8,127,0,8.5,5129.550596879366,0.2171875,0,1
302.3,310.9,1366,48.4,130,1,8.599999999999966,6923.483777883234,0.3694656488549618,0,0
302.3,310.9,1891,22.7,135,0,8.599999999999966,4495.1687923399795,0.16691176470588234,1,0
302.3,310.9,1742,29.7,137,0,8.599999999999966,5417.927858527885,0.21521739130434783,0,1
302.2,310.9,1465,43.5,140,0,8.699999999999989,6673.528194388118,0.30851063829787234,0,1
302.3,311.0,1541,36.6,143,0,8.699999999999989,5906.257020601883,0.25416666666666665,0,1
302.3,311.1,1295,57.1,146,0,8.800000000000011,7743.449932445681,0.3884353741496599,0,1
302.3,311.1,1435,43.1,149,0,8.800000000000011,6476.759774518278,0.28733333333333333,0,1
302.4,311.2,1466,43.9,152,0,8.800000000000011,6739.491168137991,0.2869281045751634,1,0
302.4,311.2,1450,47.9,154,0,8.800000000000011,7273.31059183597,0.3090322580645161,1,0
302.4,311.1,1880,24.5,156,0,8.700000000000045,4823.391920811529,0.15605095541401273,1,0
302.3,311.0,1578,33.5,158,0,8.699999999999989,5535.800414890575,0.21069182389937108,0,1
302.4,311.0,1610,33.1,161,0,8.600000000000023,5580.620470081789,0.204320987654321,1,0
302.4,311.1,1565,42.8,163,0,8.700000000000045,7014.3386374250495,0.26097560975609757,1,0
302.5,311.2,1545,40.1,165,0,8.699999999999989,6487.860068560963,0.24156626506024098,1,0
302.5,311.2,1227,60.1,167,0,8.699999999999989,7722.317485862535,0.35773809523809524,1,0
302.4,311.1,1484,45.9,169,0,8.700000000000045,7133.048951828697,0.27,1,0
302.3,311.0,1591,32.7,171,0,8.699999999999989,5448.118563928883,0.19011627906976747,1,0
302.3,310.9,1403,47.2,173,0,8.599999999999966,6934.709735632062,0.271264367816092,1,0
302.3,311.0,1450,45.7,175,0,8.699999999999989,6939.254573004256,0.25965909090909095,0,1
302.3,310.9,1720,28.1,178,0,8.599999999999966,5061.315204443396,0.1569832402234637,1,0
302.3,311.0,1561,37.2,180,0,8.699999999999989,6080.992403994547,0.20552486187845306,1,0
302.3,311.0,1421,41.3,182,0,8.699999999999989,6145.719684634008,0.2256830601092896,0,1
302.2,310.9,1415,48.4,185,0,8.699999999999989,7171.837149125019,0.26021505376344084,0,0
302.3,310.9,2034,19.7,190,0,8.599999999999966,4196.099643693743,0.1031413612565445,1,0
302.4,311.0,1486,40.4,192,0,8.600000000000023,6286.787666755702,0.20932642487046632,1,0
302.4,311.0,1338,67.6,194,1,8.600000000000023,9471.776186867082,0.3466666666666666,1,0
302.4,311.1,1578,32.3,196,0,8.700000000000045,5337.503086595986,0.16395939086294414,0,0
302.4,311.2,1330,58.6,201,0,8.800000000000011,8161.648274516043,0.2900990099009901,0,1
302.4,311.2,1506,40.8,204,0,8.800000000000011,6434.4844093764705,0.19902439024390242,0,0
302.5,311.4,1559,37.6,209,0,8.899999999999977,6138.504493506264,0.17904761904761907,1,0
302.6,311.5,1599,37.0,211,0,8.899999999999977,6195.534872144431,0.17452830188679244,1,0
302.6,311.5,1427,38.9,213,0,8.899999999999977,5813.02502261885,0.18177570093457943,1,0
302.5,311.5,1481,41.1,215,0,9.0,6374.197246354083,0.1902777777777778,0,1
302.5,311.5,1496,43.8,218,0,9.0,6861.741010264683,0.19999999999999998,0,0
302.5,311.4,1674,27.0,223,0,8.899999999999977,4733.123491898382,0.12053571428571429,1,0
302.5,311.4,1629,31.7,225,0,8.899999999999977,5407.654850550646,0.14026548672566372,0,1
302.6,311.5,1629,34.4,228,1,8.899999999999977,5868.243749493446,0.1502183406113537,0,0
302.6,311.6,1311,53.2,0,0,9.0,7303.7002647716945,53.2,1,0
302.7,311.6,2709,9.7,2,1,8.900000000000034,2751.7524212058356,3.233333333333333,0,1
302.7,311.7,1759,29.9,5,0,9.0,5507.641272738898,4.983333333333333,0,1
302.7,311.7,1480,45.2,8,0,9.0,7005.33273848476,5.022222222222222,1,0
302.7,311.8,1461,46.1,10,0,9.100000000000023,7053.095418794837,4.190909090909091,1,0
302.7,311.8,1728,30.0,12,0,9.100000000000023,5428.672105403162,2.3076923076923075,0,1
302.7,311.9,1389,46.5,15,0,9.199999999999989,6763.691903546144,2.90625,1,0
302.6,311.8,1638,35.1,17,0,9.199999999999989,6020.736656898695,1.9500000000000002,1,0
302.6,311.7,1254,54.1,19,0,9.099999999999966,7104.334794974887,2.705,1,0
302.6,311.8,1427,50.1,21,0,9.199999999999989,7486.6980368433005,2.2772727272727273,1,0
302.6,311.8,1627,31.8,23,0,9.199999999999989,5418.0535222340295,1.325,1,0
302.6,311.7,1471,48.3,25,0,9.099999999999966,7440.265297423242,1.8576923076923075,0,0
302.6,311.7,1773,27.1,30,0,9.099999999999966,5031.606209915949,0.8741935483870968,1,0
302.6,311.7,1430,51.7,32,0,9.099999999999966,7742.036215751568,1.5666666666666667,0,1
302.5,311.6,1595,29.5,35,0,9.100000000000023,4927.326277767792,0.8194444444444444,1,0
302.5,311.5,1521,44.1,37,0,9.0,7024.19276638181,1.1605263157894736,1,0
302.5,311.6,1419,43.7,39,0,9.100000000000023,6493.703430896639,1.0925,1,0
302.4,311.4,1534,40.1,41,0,9.0,6441.668184577679,0.9547619047619048,0,1
302.5,311.5,1626,36.0,44,0,9.0,6129.8755856844045,0.8,0,0
302.5,311.5,1677,29.2,49,0,9.0,5127.958856601548,0.584,1,0
302.4,311.3,1392,50.5,51,0,8.900000000000034,7361.379905891603,0.9711538461538461,1,0
302.4,311.2,1448,50.5,53,0,8.800000000000011,7657.527373370001,0.9351851851851852,1,0
302.3,311.2,1903,22.9,55,0,8.899999999999977,4563.550792433117,0.4089285714285714,1,0
302.4,311.2,1404,52.0,57,0,8.800000000000011,7645.379881776121,0.896551724137931,1,0
302.3,311.2,1386,53.5,59,0,8.899999999999977,7765.074561877891,0.8916666666666667,1,0
302.2,311.1,1418,47.0,61,0,8.900000000000034,6979.152799704846,0.7580645161290323,1,0
302.3,311.1,1338,53.3,63,0,8.800000000000011,7468.131224260584,0.8328125,0,1
302.3,311.2,1549,40.6,66,0,8.899999999999977,6585.7625676223315,0.6059701492537314,1,0
302.3,311.2,1432,42.7,68,0,8.899999999999977,6403.236034448764,0.618840579710145,0,1
302.3,311.2,1546,40.0,71,0,8.899999999999977,6475.86965659976,0.5555555555555556,0,1
302.2,311.2,1627,33.2,74,0,9.0,5656.584180445591,0.4426666666666667,0,1
302.2,311.1,1640,32.8,77,0,8.900000000000034,5633.085067396738,0.42051282051282046,0,1
302.1,311.1,1423,36.8,80,0,9.0,5483.796584498151,0.45432098765432094,0,1
302.1,311.0,1711,28.7,83,0,8.899999999999977,5142.336878979476,0.3416666666666667,0,1
302.1,311.1,1450,51.6,86,0,9.0,7835.132078052945,0.593103448275862,0,1
302.2,311.1,1553,34.1,89,0,8.900000000000034,5545.6754877983585,0.3788888888888889,0,0
302.2,311.1,1630,34.6,94,0,8.900000000000034,5905.984749238572,0.3642105263157895,1,0
302.2,311.1,1476,39.6,96,0,8.900000000000034,6120.827798842066,0.40824742268041236,0,0
302.2,311.1,1426,50.6,101,0,8.900000000000034,7556.1167625121225,0.49607843137254903,0,0
302.2,311.2,1561,34.9,106,0,9.0,5705.0170671884325,0.3261682242990654,0,1
302.3,311.2,1297,62.5,109,0,8.899999999999977,8488.845149387422,0.5681818181818182,1,0
302.3,311.2,1842,23.9,111,0,8.899999999999977,4610.161555436878,0.21339285714285713,0,1
302.3,311.2,1633,36.4,114,0,8.899999999999977,6224.6679080187205,0.31652173913043474,1,0
302.3,311.3,1744,30.3,116,0,9.0,5533.726963739205,0.258974358974359,0,0
302.4,311.4,1831,26.9,121,0,9.0,5157.856346688211,0.2204918032786885,1,0
302.3,311.3,1339,50.8,123,0,9.0,7123.163406945401,0.4096774193548387,0,1
302.4,311.4,1475,40.4,126,0,9.0,6240.250207580526,0.3181102362204724,1,0
302.4,311.4,1675,29.6,128,0,9.0,5192.005458832732,0.2294573643410853,0,1
302.5,311.5,1493,35.1,131,0,9.0,5487.765463217187,0.26590909090909093,1,0
302.5,311.5,1700,29.5,133,0,9.0,5251.695719250937,0.22014925373134328,1,0
302.6,311.6,1453,37.0,135,0,9.0,5629.838754988029,0.27205882352941174,1,0
302.6,311.7,1542,34.1,137,0,9.099999999999966,5506.395107652975,0.24710144927536232,1,0
302.5,311.5,1358,52.7,139,0,9.0,7494.436826746643,0.37642857142857145,0,1
302.5,311.5,1655,32.3,142,0,9.0,5597.951589554092,0.22587412587412586,0,0
302.6,311.5,1885,27.5,147,0,8.899999999999977,5428.410306015363,0.1858108108108108,1,0
302.7,311.5,1494,41.4,149,0,8.800000000000011,6477.0844057591485,0.27599999999999997,1,0
302.6,311.4,1757,29.5,151,0,8.799999999999955,5427.7819874846455,0.19407894736842105,0,1
302.6,311.4,1718,31.2,154,0,8.799999999999955,5613.1464260219545,0.20129032258064516,0,1
302.5,311.4,1636,35.0,157,0,8.899999999999977,5996.253178151718,0.22151898734177214,0,1
302.6,311.6,1638,29.6,160,0,9.0,5077.316383025681,0.18385093167701863,1,0
302.6,311.5,1609,36.0,162,0,8.899999999999977,6065.787095551172,0.22085889570552147,1,0
302.7,311.5,1556,35.0,164,0,8.800000000000011,5703.037863816671,0.21212121212121213,0,0
302.6,311.5,1442,59.8,169,1,8.899999999999977,9030.152035576453,0.3517647058823529,1,0
302.7,311.6,1501,38.8,171,0,8.900000000000034,6098.752874462842,0.2255813953488372,0,1
302.6,311.6,2041,19.2,174,0,9.0,4103.673987825131,0.10971428571428571,0,1
302.7,311.7,1784,25.1,177,0,9.0,4689.183082650174,0.14101123595505619,0,1
302.6,311.6,1953,22.4,180,0,9.0,4581.19607117078,0.12375690607734806,1,0
302.6,311.6,1576,34.7,182,0,9.0,5726.830192179858,0.18961748633879782,1,0
302.6,311.6,1518,39.0,184,0,9.0,6199.618942594098,0.21081081081081082,0,1
302.6,311.6,1227,68.2,187,1,9.0,8763.095716070298,0.3627659574468085,0,1
302.5,311.5,1985,18.8,190,0,9.0,3907.9318215554636,0.09842931937172775,1,0
302.5,311.5,1802,26.4,192,0,9.0,4981.811966356549,0.13678756476683937,1,0
302.5,311.5,1603,32.4,194,0,9.0,5438.850865600793,0.16615384615384615,1,0
302.5,311.6,1400,54.0,196,0,9.100000000000023,7916.813487046277,0.27411167512690354,1,0
302.3,311.5,1395,54.2,198,0,9.199999999999989,7917.755964842356,0.27236180904522617,1,0
302.2,311.4,1987,19.9,200,0,9.199999999999989,4140.755253113002,0.0990049751243781,1,0
302.2,311.4,1398,47.2,202,0,9.199999999999989,6909.995873423823,0.23251231527093597,0,1
302.3,311.4,1333,66.7,205,1,9.099999999999966,9310.748619419583,0.3237864077669903,1,0
302.2,311.2,1381,49.4,207,0,9.0,7144.128301920356,0.2375,1,0
302.2,311.3,1570,36.1,0,0,9.100000000000023,5935.2015609169575,36.1,1,0
302.2,311.3,1658,31.0,2,0,9.100000000000023,5382.385973640274,10.333333333333334,0,1
302.2,311.3,1749,29.2,5,0,9.100000000000023,5348.12166976512,4.866666666666666,0,0
302.2,311.3,1510,37.1,10,0,9.100000000000023,5866.50540155846,3.372727272727273,0,1
302.3,311.5,1384,50.8,13,0,9.199999999999989,7362.552767148943,3.6285714285714286,1,0
302.3,311.4,1570,37.2,15,0,9.099999999999966,6116.052578008611,2.325,1,0
302.3,311.4,1571,32.7,17,0,9.099999999999966,5379.631844080625,1.8166666666666669,0,1
302.3,311.4,1476,37.3,20,0,9.099999999999966,5765.325174161844,1.776190476190476,1,0
302.3,311.4,1484,39.5,22,0,9.099999999999966,6138.462605604216,1.7173913043478262,0,1
302.3,311.4,1909,23.2,25,0,9.099999999999966,4637.912290543587,0.8923076923076922,0,1
302.3,311.5,1448,49.6,28,0,9.199999999999989,7521.056588498061,1.710344827586207,1,0
302.3,311.4,1500,40.2,30,0,9.099999999999966,6314.601233715485,1.2967741935483872,0,1
302.2,311.4,1510,44.9,33,0,9.199999999999989,7099.894677357812,1.3205882352941176,1,0
302.2,311.3,1378,55.5,35,0,9.100000000000023,8008.862151796459,1.5416666666666667,1,0
302.2,311.4,1538,37.4,37,0,9.199999999999989,6023.6059781889735,0.9842105263157894,0,1
302.2,311.4,1390,48.1,40,0,9.199999999999989,7001.4581075453325,1.173170731707317,1,0
302.2,311.4,1642,32.1,42,0,9.199999999999989,5519.589796798051,0.7465116279069768,0,1
302.4,311.5,1785,24.8,45,0,9.100000000000023,4635.734119637099,0.5391304347826087,1,0
302.3,311.5,1526,38.2,47,0,9.199999999999989,6104.4496291413525,0.7958333333333334,0,0
302.3,311.6,1668,33.2,52,0,9.300000000000011,5799.128711114471,0.6264150943396227,0,1
302.3,311.5,1507,37.5,55,0,9.199999999999989,5917.9751611997735,0.6696428571428571,1,0
302.3,311.5,1530,37.8,57,0,9.199999999999989,6056.362317590402,0.6517241379310345,1,0
302.3,311.4,1479,45.6,59,0,9.099999999999966,7062.551612682143,0.76,0,1
302.3,311.4,1418,41.3,62,0,9.099999999999966,6132.7449069746835,0.6555555555555556,0,1
302.3,311.4,1504,38.7,65,0,9.099999999999966,6095.1924027887735,0.5863636363636364,1,0
302.3,311.4,1345,47.6,67,0,9.099999999999966,6704.368162270857,0.7000000000000001,0,1
302.2,311.4,1625,35.4,70,0,9.199999999999989,6024.003913258429,0.49859154929577465,0,0
302.3,311.4,1511,34.7,75,0,9.099999999999966,5490.634784507466,0.4565789473684211,1,0
302.3,311.4,1535,41.8,77,0,9.099999999999966,6719.1336477427285,0.5358974358974359,1,0
302.4,311.5,1505,37.9,79,0,9.100000000000023,5973.162472147833,0.47375,1,0
302.4,311.5,1540,43.7,81,0,9.100000000000023,7047.430080042864,0.5329268292682927,0,0
302.3,311.4,1372,46.0,86,0,9.099999999999966,6609.073185111968,0.5287356321839081,0,0
302.2,311.3,1510,36.6,91,0,9.100000000000023,5787.441986443117,0.3978260869565218,0,1
302.2,311.3,1382,46.4,94,0,9.100000000000023,6715.133353097159,0.4884210526315789,1,0
302.3,311.3,1439,41.8,96,0,9.0,6298.914214398558,0.43092783505154636,1,0
302.2,311.3,1375,47.0,98,0,9.100000000000023,6767.514174608012,0.47474747474747475,0,1
302.2,311.3,1931,21.9,101,0,9.100000000000023,4428.483252279781,0.21470588235294116,0,1
302.2,311.3,1475,48.6,104,0,9.100000000000023,7506.835645752812,0.46285714285714286,1,0
302.2,311.3,1389,46.9,106,0,9.100000000000023,6821.874199490627,0.4383177570093458,1,0
302.3,311.3,1652,32.8,108,0,9.0,5674.302763011837,0.3009174311926605,1,0
302.3,311.2,1386,50.3,110,0,8.899999999999977,7300.621503971176,0.45315315315315313,1,0
302.2,311.3,1577,29.8,112,0,9.100000000000023,4921.263003946364,0.26371681415929205,0,1
302.3,311.3,1444,43.1,115,0,9.0,6517.380567529192,0.371551724137931,0,1
302.2,311.3,1554,40.2,118,0,9.100000000000023,6541.926878129241,0.3378151260504202,1,0
302.2,311.3,1602,32.8,120,0,9.100000000000023,5502.562364615595,0.27107438016528923,1,0
302.2,311.2,1692,28.2,122,0,9.0,4996.640283681493,0.2292682926829268,0,0
302.3,311.3,1682,34.4,127,0,9.0,6059.16880702761,0.26875,1,0
302.3,311.3,1614,34.1,129,0,9.0,5763.503050422763,0.2623076923076923,1,0
302.3,311.3,1324,47.8,131,0,9.0,6627.420086208931,0.3621212121212121,1,0
302.3,311.4,1434,40.3,133,0,9.099999999999966,6051.775592316161,0.3007462686567164,1,0
302.3,311.3,1621,31.6,135,0,9.0,5364.122848347405,0.2323529411764706,1,0
302.3,311.3,1625,33.1,137,0,9.0,5632.6138284987,0.23985507246376814,0,1
302.2,311.1,1394,53.7,140,0,8.900000000000034,7839.0904847964675,0.38085106382978723,1,0
302.1,311.0,1586,35.1,142,0,8.899999999999977,5829.602159854292,0.24545454545454545,1,0
302.0,311.0,1420,45.9,144,0,9.0,6825.424199189184,0.31655172413793103,1,0
302.1,311.2,1422,50.3,146,0,9.099999999999966,7490.248036541856,0.3421768707482993,1,0
302.1,311.2,1598,37.9,148,0,9.099999999999966,6342.268193018097,0.2543624161073825,0,0
302.1,311.2,1454,59.2,153,1,9.099999999999966,9013.941417483931,0.38441558441558443,1,0
302.1,311.2,1519,39.3,155,0,9.099999999999966,6251.423805451793,0.2519230769230769,1,0
302.0,311.1,1373,55.7,157,0,9.100000000000023,8008.558464506613,0.35253164556962024,1,0
302.0,311.1,1406,48.8,159,0,9.100000000000023,7185.1156140741905,0.305,0,1
302.1,311.2,1492,45.0,162,0,9.099999999999966,7030.884358733957,0.27607361963190186,1,0
302.1,311.2,1369,50.8,164,0,9.099999999999966,7282.756313747762,0.30787878787878786,1,0
302.2,311.2,1471,41.9,166,0,9.0,6454.391634824718,0.25089820359281434,0,1
302.2,311.2,1630,36.0,169,0,9.0,6144.955230421635,0.21176470588235294,1,0
302.1,311.1,1605,37.6,171,0,9.0,6319.627781961228,0.2186046511627907,0,1
302.2,311.1,1447,52.1,174,0,8.900000000000034,7894.686202789494,0.2977142857142857,1,0
302.2,311.2,1360,52.8,176,0,9.0,7519.716175632529,0.29830508474576267,0,1
302.2,311.1,1728,34.0,179,0,8.900000000000034,6152.495052790251,0.18888888888888888,0,1
302.1,311.0,1740,30.8,182,0,8.899999999999977,5612.141116372807,0.16830601092896175,1,0
302.1,310.9,1477,41.4,184,0,8.799999999999955,6403.38264210593,0.22378378378378377,1,0
302.1,310.9,1658,30.3,186,0,8.799999999999955,5260.848225848396,0.16203208556149734,1,0
302.0,310.8,1902,23.4,188,0,8.800000000000011,4660.741197159673,0.1238095238095238,1,0
302.0,310.8,1783,23.1,190,0,8.800000000000011,4313.123970039963,0.12094240837696336,0,1
302.0,310.9,1558,45.3,193,0,8.899999999999977,7390.8480449822755,0.23350515463917523,0,1
302.1,311.0,1351,49.5,196,0,8.899999999999977,7003.0812637496865,0.2512690355329949,1,0
302.1,310.9,1452,42.5,198,0,8.799999999999955,6462.256088434205,0.2135678391959799,0,0
302.1,310.9,1666,30.7,203,0,8.799999999999955,5356.017539301143,0.15049019607843137,1,0
302.1,311.0,1364,50.0,205,0,8.899999999999977,7141.887299160796,0.24271844660194175,1,0
302.1,311.0,1351,60.3,207,1,8.899999999999977,8531.026266749617,0.2899038461538461,0,1
302.1,311.0,1729,26.1,210,0,8.899999999999977,4725.6779173093755,0.12369668246445498,0,0
302.1,311.0,1574,34.1,215,0,8.899999999999977,5620.665304439547,0.15787037037037038,0,1
302.0,311.0,1566,37.8,218,0,9.0,6198.864960357236,0.17260273972602738,1,0
302.0,310.9,1455,43.2,220,0,8.899999999999977,6582.264927801335,0.19547511312217195,1,0
302.0,310.9,1679,29.0,222,0,8.899999999999977,5098.909596531354,0.13004484304932734,0,0
302.0,310.8,2143,17.3,227,0,8.800000000000011,3882.369729330754,0.07587719298245614,1,0
302.0,310.8,1447,42.7,229,0,8.800000000000011,6470.309037602906,0.18565217391304348,1,0
302.0,310.8,1383,50.3,231,1,8.800000000000011,7284.81929292362,0.21681034482758618,1,0
302.1,310.8,1772,27.1,233,0,8.699999999999989,5028.768304552206,0.11581196581196582,1,0
302.0,310.8,1615,29.0,235,1,8.800000000000011,4904.549731029266,0.1228813559322034,1,0
302.0,310.8,1454,36.6,0,0,8.800000000000011,5572.808376349863,36.6,1,0
302.0,310.8,1445,49.1,2,0,8.800000000000011,7429.814265862301,16.366666666666667,1,0
302.0,310.8,1609,35.2,4,0,8.800000000000011,5930.991826761146,7.040000000000001,0,1
302.0,310.9,1546,34.4,7,0,8.899999999999977,5569.247904675793,4.3,1,0
301.9,310.8,1567,39.3,9,0,8.900000000000034,6448.96715150952,3.9299999999999997,1,0
302.0,310.8,1767,27.4,11,0,8.800000000000011,5070.090719922424,2.283333333333333,1,0
302.0,310.9,1539,34.2,13,0,8.899999999999977,5511.798647017149,2.442857142857143,1,0
302.0,310.9,1564,39.0,15,0,8.899999999999977,6387.486183278768,2.4375,1,0
302.0,310.8,1445,46.3,17,0,8.800000000000011,7006.118136648157,2.572222222222222,0,1
301.9,310.9,1419,47.7,20,1,9.0,7088.0927609558275,2.2714285714285714,0,1
301.8,310.9,1881,20.9,23,0,9.099999999999966,4116.837261043673,0.8708333333333332,0,1
301.9,310.9,1421,46.2,26,0,9.0,6874.872867556688,1.7111111111111112,0,1
301.9,311.0,1455,46.0,29,0,9.100000000000023,7008.893210158828,1.5333333333333334,1,0
301.9,311.0,2691,12.1,31,1,9.100000000000023,3409.7904184267536,0.378125,1,0
301.8,310.8,1505,41.2,33,0,9.0,6493.253135949624,1.211764705882353,1,0
301.8,310.8,1456,46.6,35,0,9.0,7105.193496966868,1.2944444444444445,1,0
301.8,310.8,1383,46.4,37,0,9.0,6719.992349734711,1.2210526315789474,1,0
301.9,310.8,1563,39.2,39,0,8.900000000000034,6416.137508279507,0.9800000000000001,0,1
301.9,310.9,2305,16.1,42,0,9.0,3886.2024723681343,0.37441860465116283,0,1
301.9,310.9,1456,43.6,45,0,9.0,6647.777606604194,0.9478260869565218,0,1
302.0,311.0,1865,22.7,48,0,9.0,4433.363192868355,0.463265306122449,1,0
301.9,310.9,1597,36.9,50,0,9.0,6171.061865372966,0.7235294117647059,1,0
302.0,310.9,1495,38.6,52,0,8.899999999999977,6043.062908690206,0.7283018867924529,1,0
302.0,310.9,1456,47.2,54,0,8.899999999999977,7196.676675039404,0.8581818181818183,0,1
301.9,310.8,1465,44.3,57,0,8.900000000000034,6796.259747388359,0.7637931034482758,1,0
302.0,310.9,1352,55.5,59,0,8.899999999999977,7857.751545158791,0.925,0,1
301.9,310.8,1906,21.7,62,0,8.900000000000034,4331.230015700153,0.34444444444444444,1,0
302.0,310.9,1446,44.0,64,0,8.899999999999977,6662.689699733233,0.676923076923077,1,0
302.0,310.8,1948,19.7,66,0,8.800000000000011,4018.683434570015,0.29402985074626864,1,0
301.9,310.7,1480,47.1,68,0,8.800000000000011,7299.804689881244,0.682608695652174,1,0
301.9,310.7,1511,37.6,70,0,8.800000000000011,5949.506279466303,0.5295774647887325,0,1
301.9,310.7,1472,47.0,73,0,8.800000000000011,7244.931538198541,0.6351351351351351,0,1
301.9,310.7,1429,51.0,76,0,8.800000000000011,7631.8710333656845,0.6623376623376623,1,0
301.9,310.7,1405,48.8,78,0,8.800000000000011,7180.005290024354,0.6177215189873417,1,0
301.9,310.7,1405,47.9,80,0,8.800000000000011,7047.587159675543,0.591358024691358,0,1
302.0,310.7,1348,58.1,83,0,8.699999999999989,8201.52555726561,0.6916666666666667,1,0
301.9,310.6,1331,68.6,85,1,8.700000000000045,9561.604792808725,0.797674418604651,1,0
301.9,310.6,1610,33.4,87,0,8.700000000000045,5631.200111804584,0.3795454545454545,1,0
301.9,310.6,1412,46.5,89,0,8.700000000000045,6875.6896816466215,0.5166666666666667,0,1
302.0,310.7,1453,42.7,92,0,8.699999999999989,6497.138238864563,0.4591397849462366,1,0
302.0,310.6,1583,38.9,94,0,8.600000000000023,6448.506384586994,0.4094736842105263,1,0
302.0,310.6,1539,37.4,96,0,8.600000000000023,6027.522497030449,0.3855670103092783,0,1
302.0,310.5,1635,39.8,99,0,8.5,6814.4286249016195,0.39799999999999996,1,0
302.1,310.7,1294,62.4,101,1,8.599999999999966,8455.65945899,0.6117647058823529,0,0
302.0,310.5,1978,22.0,106,0,8.5,4556.984863787114,0.205607476635514,1,0
302.0,310.4,1357,58.0,108,1,8.399999999999977,8242.073046447942,0.5321100917431193,1,0
302.0,310.4,1336,58.2,110,1,8.399999999999977,8142.505503280171,0.5243243243243243,1,0
302.0,310.4,1568,39.2,112,0,8.399999999999977,6436.662580282959,0.3469026548672567,1,0
302.0,310.4,1567,36.4,114,0,8.399999999999977,5973.089168319249,0.31652173913043474,0,1
302.0,310.4,1611,35.6,117,0,8.399999999999977,6005.84550772068,0.3016949152542373,1,0
302.0,310.5,1841,23.6,119,0,8.5,4549.82203253693,0.19666666666666668,0,0
302.0,310.5,1567,36.1,124,0,8.5,5923.860411437498,0.2888,1,0
301.9,310.4,1376,54.9,126,1,8.5,7910.7816291513855,0.4322834645669291,1,0
301.9,310.5,1477,42.4,128,0,8.600000000000023,6558.053720417668,0.32868217054263565,1,0
301.9,310.5,1590,40.3,130,0,8.600000000000023,6710.127748802438,0.30763358778625954,0,1
302.0,310.5,2197,15.8,133,0,8.5,3635.094971566702,0.11791044776119404,1,0
302.0,310.4,1595,32.9,135,0,8.399999999999977,5495.221509781707,0.24191176470588235,0,1
302.0,310.5,1812,24.4,138,0,8.5,4629.953589154494,0.17553956834532372,0,0
302.0,310.5,1573,32.1,143,0,8.5,5287.646011183517,0.22291666666666668,0,1
302.0,310.5,1651,30.9,146,0,8.5,5342.372555209051,0.21020408163265306,1,0
302.0,310.5,1459,43.2,148,0,8.5,6600.360501486012,0.28993288590604027,0,0
301.9,310.4,1370,51.7,153,1,8.5,7417.195535370382,0.33571428571428574,1,0
301.9,310.4,1518,34.1,155,0,8.5,5420.6924600630455,0.2185897435897436,1,0
302.0,310.3,1648,29.6,157,0,8.300000000000011,5108.313430541099,0.18734177215189873,1,0
302.0,310.4,1464,47.2,159,0,8.399999999999977,7236.218854572586,0.29500000000000004,1,0
302.0,310.4,1895,23.2,161,0,8.399999999999977,4603.899314080722,0.14320987654320988,1,0
301.9,310.4,1884,23.4,163,0,8.5,4616.6332363032725,0.14268292682926828,1,0
302.0,310.4,1450,46.6,165,0,8.399999999999977,7075.9138534354115,0.28072289156626506,1,0
302.0,310.4,1448,43.4,167,0,8.399999999999977,6580.924514935803,0.2583333333333333,1,0
302.1,310.5,1389,49.6,169,0,8.399999999999977,7214.604697115888,0.2917647058823529,1,0
302.0,310.6,1583,35.2,171,0,8.600000000000023,5835.152306875635,0.2046511627906977,1,0
301.9,310.5,1425,51.1,173,0,8.600000000000023,7625.430768425825,0.29367816091954024,1,0
302.0,310.5,1809,27.1,175,0,8.5,5133.770803010689,0.15397727272727274,1,0
301.9,310.5,1892,21.8,177,0,8.600000000000023,4319.229131763439,0.12247191011235956,1,0
301.9,310.6,1475,47.8,179,0,8.700000000000045,7383.266334711612,0.26555555555555554,0,1
302.0,310.6,1361,46.7,182,0,8.600000000000023,6655.851499723921,0.2551912568306011,1,0
302.0,310.6,1563,41.0,184,0,8.600000000000023,6710.756067333157,0.22162162162162163,0,1
301.9,310.5,1472,39.7,187,0,8.600000000000023,6119.654937584725,0.21117021276595746,0,0
302.0,310.6,1325,55.3,192,0,8.600000000000023,7673.078257005271,0.2865284974093264,1,0
302.0,310.6,1358,53.1,194,0,8.600000000000023,7551.320597727643,0.2723076923076923,1,0
302.0,310.6,1346,54.7,196,0,8.600000000000023,7710.117634391095,0.27766497461928935,0,0
302.0,310.5,1381,58.4,201,0,8.5,8445.690138302607,0.2891089108910891,0,1
301.9,310.5,1340,55.7,204,1,8.600000000000023,7816.073082621167,0.27170731707317075,1,0
302.0,310.6,1366,47.7,206,0,8.600000000000023,6823.350748037817,0.23043478260869565,1,0
302.1,310.7,1325,45.1,208,1,8.599999999999966,6257.790766563069,0.21578947368421053,1,0
302.1,310.7,1376,46.3,210,1,8.599999999999966,6671.56993496738,0.21943127962085307,0,1
302.1,310.7,1364,47.8,213,1,8.599999999999966,6827.64425799772,0.2233644859813084,0,1
302.2,310.6,1462,43.6,0,0,8.400000000000034,6675.172294543498,43.6,1,0
302.1,310.6,1517,38.9,2,0,8.5,6179.648885292779,12.966666666666667,0,1
302.1,310.6,1385,53.6,5,0,8.5,7773.975741063064,8.933333333333334,1,0
302.1,310.6,1439,40.0,7,0,8.5,6027.669104687616,5.0,1,0
302.0,310.6,1623,34.3,9,0,8.600000000000023,5829.6335757808265,3.4299999999999997,0,1
302.0,310.6,1438,43.2,12,0,8.600000000000023,6505.358739641457,3.3230769230769233,0,0
301.9,310.4,1708,24.8,17,0,8.5,4435.761275260597,1.3777777777777778,1,0
301.8,310.3,1666,32.7,19,0,8.5,5704.94376335985,1.6350000000000002,0,1
301.9,310.4,1286,62.8,22,1,8.5,8457.251199267817,2.7304347826086954,1,0
301.9,310.3,1485,46.3,24,0,8.400000000000034,7200.059123129768,1.8519999999999999,1,0
301.8,310.3,1409,52.5,26,0,8.5,7746.382085589032,1.9444444444444444,0,1
301.8,310.3,1765,27.3,29,0,8.5,5045.869040563247,0.91,1,0
301.8,310.3,1688,28.8,31,0,8.5,5090.888063289188,0.9,1,0
301.7,310.3,1787,26.7,33,0,8.600000000000023,4996.4832040488145,0.7852941176470588,0,1
301.7,310.1,1487,48.0,36,0,8.400000000000034,7474.477241420836,1.2972972972972974,1,0
301.7,310.1,1384,50.5,38,0,8.400000000000034,7319.0731248232605,1.294871794871795,1,0
301.7,310.2,1311,57.4,40,1,8.5,7880.3081804115645,1.4,1,0
301.7,310.2,1620,30.8,42,0,8.5,5225.096901450544,0.7162790697674418,0,0
301.7,310.2,1331,61.2,47,1,8.5,8530.178036733148,1.2750000000000001,1,0
301.7,310.1,1462,38.3,49,0,8.400000000000034,5863.740800023301,0.7659999999999999,0,0
301.7,310.1,1424,50.2,54,0,8.400000000000034,7485.870750777856,0.9127272727272728,1,0
301.7,310.1,1500,39.6,56,0,8.400000000000034,6220.353454107791,0.6947368421052632,1,0
301.8,310.1,1738,28.0,58,0,8.300000000000011,5096.082163143124,0.4745762711864407,1,0
301.8,310.3,1465,46.5,60,0,8.5,7133.771518139023,0.7622950819672131,0,1
301.8,310.3,1482,41.4,63,0,8.5,6425.059631415702,0.646875,1,0
301.9,310.3,1398,44.0,65,0,8.400000000000034,6441.5215769205115,0.6666666666666666,1,0
301.9,310.3,1972,21.3,67,0,8.400000000000034,4398.606706144142,0.31323529411764706,1,0
301.9,310.4,1603,37.6,69,0,8.5,6311.75285637623,0.5371428571428571,1,0
301.9,310.4,1610,34.8,71,0,8.5,5867.238439844296,0.4833333333333333,1,0
301.9,310.4,1373,48.0,73,1,8.5,6901.450741406057,0.6486486486486487,0,1
302.0,310.5,1425,44.7,76,0,8.5,6670.386601734527,0.5805194805194805,0,1
302.0,310.4,1212,55.6,79,1,8.399999999999977,7056.771082199537,0.6950000000000001,0,1
302.0,310.4,1828,26.3,82,0,8.399999999999977,5034.548835034811,0.3168674698795181,0,1
302.0,310.5,1370,44.4,85,1,8.5,6369.893264418663,0.5162790697674419,1,0
302.0,310.5,1823,25.1,87,0,8.5,4791.693250936809,0.2852272727272727,0,1
302.0,310.5,1263,60.6,90,1,8.5,8015.019673397495,0.6659340659340659,1,0
301.9,310.4,1889,21.5,92,0,8.5,4253.035774552302,0.23118279569892472,1,0
302.0,310.5,1639,32.9,94,0,8.5,5646.813827292926,0.3463157894736842,0,1
302.0,310.4,1608,33.1,97,0,8.399999999999977,5573.6880222928685,0.3377551020408163,0,1
301.9,310.3,1653,32.4,100,0,8.400000000000034,5608.496868894642,0.3207920792079208,0,0
302.0,310.4,1591,29.8,105,0,8.399999999999977,4964.9520857822845,0.2811320754716981,1,0
302.1,310.5,1696,30.9,107,0,8.399999999999977,5487.985374702937,0.2861111111111111,1,0
302.2,310.6,1346,47.5,109,1,8.400000000000034,6695.257543575448,0.4318181818181818,1,0
302.2,310.5,1507,40.4,111,0,8.300000000000011,6375.631906999222,0.3607142857142857,0,1
302.3,310.6,1525,48.7,114,0,8.300000000000011,7777.2744133493325,0.42347826086956525,0,0
302.3,310.7,1559,33.9,119,0,8.399999999999977,5534.449530049531,0.2825,0,1
302.2,310.6,1632,30.5,122,0,8.400000000000034,5212.530530836185,0.24796747967479674,1,0
302.1,310.5,1559,36.0,124,0,8.399999999999977,5877.291536335785,0.288,1,0
302.2,310.6,1355,51.5,126,1,8.400000000000034,7307.606311637659,0.40551181102362205,0,1
302.2,310.5,1832,23.7,129,0,8.300000000000011,4546.764215687435,0.1823076923076923,0,1
302.2,310.6,1386,50.0,132,0,8.400000000000034,7257.079029792422,0.37593984962406013,1,0
302.2,310.6,1346,49.2,134,1,8.400000000000034,6934.877287240253,0.36444444444444446,0,1
302.3,310.7,1499,37.8,137,0,8.399999999999977,5933.651708541185,0.27391304347826084,1,0
302.3,310.7,1612,33.4,139,0,8.399999999999977,5638.195391446578,0.23857142857142857,1,0
302.3,310.7,1544,39.7,141,0,8.399999999999977,6418.985885618762,0.2795774647887324,0,1
302.5,310.9,1477,39.2,144,0,8.399999999999977,6063.1062698201085,0.2703448275862069,1,0
302.5,310.9,1624,34.4,146,0,8.399999999999977,5850.231951612865,0.23401360544217686,1,0
302.4,310.9,1349,46.1,148,1,8.5,6512.406379161009,0.3093959731543624,1,0
302.4,310.8,1686,28.8,150,0,8.400000000000034,5084.856205394296,0.19072847682119207,1,0
302.4,310.7,1521,40.4,152,0,8.300000000000011,6434.8614004949,0.26405228758169935,0,1
302.4,310.7,1362,54.8,155,1,8.300000000000011,7816.031194719117,0.35128205128205126,1,0
302.3,310.7,1402,50.9,157,0,8.399999999999977,7472.990220898137,0.3221518987341772,1,0
302.2,310.6,1334,53.2,159,1,8.400000000000034,7431.83535713611,0.3325,1,0
302.2,310.6,1348,48.4,161,1,8.400000000000034,6832.2519272229865,0.29876543209876544,1,0
302.2,310.6,1570,34.6,163,0,8.400000000000034,5688.586537610159,0.21097560975609758,0,1
302.2,310.7,1601,33.0,166,0,8.5,5532.658822236985,0.19760479041916168,0,1
302.3,310.8,1611,31.8,169,0,8.5,5364.772110829146,0.18705882352941178,0,1
302.4,310.9,1560,31.8,172,0,8.5,5194.937611976082,0.1838150289017341,1,0
302.4,310.9,1444,40.7,174,0,8.5,6154.4637841865,0.2325714285714286,0,0
302.4,311.0,1317,59.4,179,0,8.600000000000023,8192.20549905996,0.33,1,0
302.5,311.0,1463,43.1,181,0,8.5,6603.135574996684,0.23681318681318683,0,1
302.4,311.1,1634,34.2,184,0,8.700000000000045,5852.033131400924,0.1848648648648649,1,0
302.4,311.0,1423,46.2,186,0,8.600000000000023,6884.548972929745,0.24705882352941178,1,0
302.5,311.0,1548,38.4,188,0,8.5,6224.87734752896,0.20317460317460317,1,0
302.5,311.0,1563,35.6,190,0,8.5,5826.900390172205,0.18638743455497384,0,1
302.4,311.0,1573,36.5,193,0,8.600000000000023,6012.432380317706,0.18814432989690721,1,0
302.4,311.1,1432,44.5,195,0,8.700000000000045,6673.161675245199,0.22704081632653061,0,1
302.5,311.1,1638,32.0,198,0,8.600000000000023,5488.990684352087,0.16080402010050251,0,1
302.5,311.1,1571,34.2,201,0,8.600000000000023,5626.403947020104,0.16930693069306932,1,0
302.4,311.0,2211,15.4,203,0,8.600000000000023,3565.644829971344,0.07549019607843137,1,0
302.4,311.0,1555,40.6,205,0,8.600000000000023,6611.272299969481,0.19708737864077672,1,0
302.3,310.9,1558,31.9,207,0,8.599999999999966,5204.592773398114,0.1533653846153846,0,1
302.3,310.9,1523,43.2,210,0,8.599999999999966,6889.889680440848,0.204739336492891,0,1
302.3,310.8,1723,26.3,213,0,8.5,4745.365231271871,0.12289719626168225,1,0
302.3,310.8,1721,28.4,215,0,8.5,5118.324639130539,0.13148148148148148,0,1
302.3,310.9,1710,30.4,218,1,8.599999999999966,5443.751750140394,0.13881278538812786,0,1
302.3,310.9,1627,32.3,0,0,8.599999999999966,5503.243043023872,32.3,0,1
302.2,310.8,1422,47.0,3,0,8.600000000000023,6998.840113667341,11.75,0,1
302.1,310.8,1565,35.3,6,0,8.699999999999989,5785.190511708043,5.042857142857143,1,0
302.1,310.7,1314,52.8,8,1,8.599999999999966,7265.372834397899,5.866666666666666,1,0
302.0,310.6,1392,60.5,10,0,8.600000000000023,8819.078897157267,5.5,0,1
302.1,310.7,1465,40.7,13,0,8.599999999999966,6243.967758887274,2.9071428571428575,1,0
301.9,310.6,1573,36.6,15,0,8.700000000000045,6028.904797798029,2.2875,1,0
302.0,310.7,2157,17.8,17,0,8.699999999999989,4020.673109917289,0.9888888888888889,0,1
301.9,310.7,1370,50.3,20,0,8.800000000000011,7216.343045050873,2.395238095238095,1,0
301.9,310.6,1462,38.8,22,0,8.700000000000045,5940.290941015773,1.6869565217391302,1,0
302.0,310.6,1479,40.5,24,0,8.600000000000023,6272.660971790061,1.62,0,1
301.9,310.7,1717,26.8,27,0,8.800000000000011,4818.742363684216,0.9571428571428572,1,0
301.9,310.6,1260,65.9,29,0,8.700000000000045,8695.30014660583,2.1966666666666668,0,1
301.9,310.6,1467,39.3,32,0,8.700000000000045,6037.418513889256,1.190909090909091,1,0
302.0,310.6,1535,38.6,34,0,8.600000000000023,6204.750210594961,1.102857142857143,0,1
302.0,310.7,1657,31.9,37,0,8.699999999999989,5535.3082320415115,0.8394736842105263,1,0
302.0,310.7,1698,28.1,39,0,8.699999999999989,4996.577451828422,0.7025,1,0
302.1,310.7,1359,49.3,41,1,8.599999999999966,7016.087457335549,1.1738095238095236,1,0
302.1,310.8,1596,37.1,43,0,8.699999999999989,6200.624252243247,0.8431818181818183,1,0
302.2,310.8,1383,46.9,45,0,8.600000000000023,6792.406060399956,1.0195652173913043,1,0
302.2,310.8,2203,16.6,47,0,8.600000000000023,3829.5805007749345,0.3458333333333334,1,0
302.2,310.8,1408,46.8,49,0,8.600000000000023,6900.445431756907,0.9359999999999999,0,1
302.2,310.8,1673,32.9,52,0,8.600000000000023,5763.953345369776,0.620754716981132,1,0
302.2,310.8,1340,47.8,54,0,8.600000000000023,6707.509754924447,0.869090909090909,1,0
302.2,310.9,1452,42.3,56,0,8.699999999999989,6431.845471547455,0.7421052631578947,1,0
302.2,310.9,1302,53.4,58,0,8.699999999999989,7280.829470253561,0.9050847457627118,0,1
302.2,310.9,1522,35.9,61,0,8.699999999999989,5721.866475787186,0.5790322580645161,0,0
302.2,310.8,1438,41.4,66,0,8.600000000000023,6234.3021254897285,0.617910447761194,1,0
302.2,310.9,1604,40.5,68,0,8.699999999999989,6802.8047320833375,0.5869565217391305,1,0
302.2,311.0,1832,23.2,70,0,8.800000000000011,4450.840919997827,0.3267605633802817,1,0
302.3,311.0,1521,34.8,72,0,8.699999999999989,5542.9004142876865,0.4767123287671233,0,1
302.3,311.0,1446,37.6,75,0,8.699999999999989,5693.571197953855,0.4947368421052632,1,0
302.4,311.1,1905,20.9,77,0,8.700000000000045,4169.364690211693,0.26794871794871794,1,0
302.4,311.0,1475,47.9,79,0,8.600000000000023,7398.712498591762,0.59875,1,0
302.4,311.0,1462,48.5,81,0,8.600000000000023,7425.363676269716,0.5914634146341463,1,0
302.4,310.9,1435,42.3,83,0,8.5,6356.541495640908,0.5035714285714286,0,1
302.4,310.9,1469,39.6,86,0,8.5,6091.799482722897,0.45517241379310347,1,0
302.6,311.1,1520,43.0,88,0,8.5,6844.483194620963,0.48314606741573035,0,1
302.6,311.0,1537,35.5,91,0,8.399999999999977,5713.876358471556,0.3858695652173913,1,0
302.6,311.0,1369,60.0,93,1,8.399999999999977,8601.680685528854,0.6382978723404256,1,0
302.6,311.0,1506,37.2,95,0,8.399999999999977,5866.735785019724,0.3875,1,0
302.5,310.9,1330,56.9,97,1,8.399999999999977,7924.876908190492,0.5806122448979592,1,0
302.6,311.0,1660,38.0,99,0,8.399999999999977,6605.722152948138,0.38,1,0
302.5,310.9,1356,55.5,101,1,8.399999999999977,7880.999330795354,0.5441176470588235,0,0
302.6,311.0,1438,51.0,106,0,8.399999999999977,7679.9374009656085,0.4766355140186916,0,0
302.6,311.0,1329,48.6,111,1,8.399999999999977,6763.786151325753,0.43392857142857144,0,1
302.6,311.0,1284,68.0,114,1,8.399999999999977,9143.291259007734,0.591304347826087,1,0
302.5,311.0,1387,52.1,116,0,8.5,7567.332248285437,0.4452991452991453,0,1
302.6,311.0,1591,33.9,119,0,8.399999999999977,5648.049520403337,0.2825,0,1
302.6,311.0,1589,39.0,122,0,8.399999999999977,6489.587944520436,0.3170731707317073,0,1
302.7,311.1,1297,60.7,125,1,8.400000000000034,8244.366409085063,0.48174603174603176,0,1
302.7,311.2,1545,35.1,128,0,8.5,5678.89996026159,0.27209302325581397,1,0
302.7,311.1,1418,43.4,130,0,8.400000000000034,6444.579393770006,0.3312977099236641,0,0
302.7,311.1,1730,28.1,135,0,8.400000000000034,5090.741455632021,0.20661764705882354,1,0
302.6,311.0,2001,20.7,137,0,8.399999999999977,4337.565560884891,0.15,1,0
302.6,311.0,1620,36.2,139,0,8.399999999999977,6141.185319237328,0.2585714285714286,1,0
302.6,311.0,1542,39.7,141,0,8.399999999999977,6410.671137062261,0.2795774647887324,0,1
302.6,311.0,1424,38.0,144,0,8.399999999999977,5666.59538903503,0.2620689655172414,1,0
302.7,311.1,1440,39.5,146,0,8.400000000000034,5956.459671206248,0.2687074829931973,1,0
302.6,311.0,1520,42.8,148,0,8.399999999999977,6812.648389064587,0.287248322147651,1,0
302.7,311.0,1694,29.8,150,0,8.300000000000011,5286.378902146569,0.19735099337748344,1,0
302.6,311.0,1610,39.2,152,0,8.399999999999977,6609.073185111967,0.2562091503267974,1,0
302.6,310.9,1331,52.0,154,1,8.299999999999955,7247.86369134189,0.33548387096774196,1,0
302.6,310.8,1470,41.2,156,0,8.199999999999989,6342.247249067074,0.2624203821656051,1,0
302.5,310.8,1577,36.9,158,0,8.300000000000011,6093.778686094658,0.2320754716981132,1,0
302.6,310.8,1486,36.4,160,0,8.199999999999989,5664.333442324444,0.22608695652173913,1,0
302.4,310.6,1445,40.3,162,0,8.200000000000045,6098.197859760707,0.24723926380368097,1,0
302.4,310.5,1500,36.7,164,0,8.100000000000023,5764.822519337271,0.22242424242424244,0,1
302.2,310.4,1456,47.5,167,0,8.199999999999989,7242.41826407567,0.28273809523809523,0,1
302.2,310.4,1743,28.1,170,0,8.199999999999989,5128.995582177232,0.16432748538011696,1,0
302.0,310.1,1409,50.4,172,0,8.100000000000023,7436.526802165471,0.2913294797687861,1,0
302.0,310.1,1361,45.4,174,1,8.100000000000023,6470.570836990706,0.2594285714285714,1,0
302.1,310.1,1753,28.9,176,0,8.0,5305.280817945667,0.16327683615819208,1,0
302.0,310.0,1832,22.9,178,0,8.0,4393.286942584062,0.12793296089385475,1,0
301.9,309.9,1374,48.5,180,1,8.0,6978.419761419008,0.26795580110497236,1,0
301.8,309.9,1334,61.0,182,1,8.099999999999966,8521.465353107194,0.3333333333333333,0,1
301.8,310.0,1493,40.3,185,0,8.199999999999989,6300.767754064177,0.21666666666666665,1,0
301.7,309.9,1317,49.0,187,1,8.199999999999989,6757.8799571370055,0.26063829787234044,1,0
301.7,309.9,1434,47.9,189,0,8.199999999999989,7193.053371512262,0.2521052631578947,0,1
301.7,309.9,1457,39.2,192,0,8.199999999999989,5981.005981806296,0.20310880829015546,0,1
301.7,310.0,1391,50.6,195,0,8.300000000000011,7370.658076195206,0.25816326530612244,0,1
301.8,310.0,1781,23.9,198,0,8.199999999999989,4457.490624447925,0.12010050251256281,0,1
301.8,310.0,1642,32.6,201,0,8.199999999999989,5605.564715751291,0.1613861386138614,1,0
301.8,310.0,2032,19.0,203,0,8.199999999999989,4043.0203056598248,0.09313725490196079,1,0
301.8,310.1,2372,13.9,205,1,8.300000000000011,3452.694102099278,0.06747572815533981,0,1
301.8,310.0,1393,44.9,208,0,8.199999999999989,6549.770387787705,0.21483253588516746,1,0
301.7,310.1,1743,27.3,210,0,8.400000000000034,4982.974355638378,0.12938388625592417,0,1
301.8,310.2,1457,40.4,213,0,8.399999999999977,6164.098001657509,0.18878504672897195,1,0
301.8,310.2,2825,5.8,215,1,8.399999999999977,1715.833187635625,0.026851851851851852,1,0
301.8,310.2,1609,34.2,217,0,8.399999999999977,5762.497740773613,0.15688073394495414,0,1
301.8,310.2,1437,42.3,0,0,8.399999999999977,6365.400786924031,42.3,0,1
301.7,310.1,1402,50.1,3,0,8.400000000000034,7355.536543555927,12.525,1,0
301.7,310.1,1644,34.6,5,0,8.400000000000034,5956.710998618535,5.766666666666667,0,1
301.7,310.2,1471,51.1,8,0,8.5,7871.585024810098,5.677777777777778,1,0
301.7,310.1,2695,12.6,10,0,8.400000000000034,3555.968724598287,1.1454545454545455,1,0
301.7,310.2,1435,48.1,12,0,8.5,7228.1240175018365,3.7,1,0
301.6,310.1,1694,26.3,14,0,8.5,4665.495474042106,1.7533333333333334,1,0
301.6,310.1,1687,26.6,16,0,8.5,4699.215235190636,1.5647058823529412,1,0
301.6,310.0,1869,22.9,18,0,8.399999999999977,4482.0159910969505,1.2052631578947368,1,0
301.4,309.9,1259,63.9,20,1,8.5,8424.714771352139,3.0428571428571427,1,0
301.4,309.9,1460,47.2,22,0,8.5,7216.447764805995,2.0521739130434784,0,0
301.3,309.9,1501,39.5,27,0,8.599999999999966,6208.7819211670685,1.4107142857142858,0,1
301.4,310.0,1776,25.6,30,0,8.600000000000023,4761.146498368404,0.8258064516129032,1,0
301.5,310.1,1468,40.8,32,0,8.600000000000023,6272.126901038951,1.2363636363636363,0,1
301.5,310.1,1430,46.5,35,0,8.600000000000023,6963.3401166817775,1.2916666666666667,1,0
301.4,310.1,1502,46.6,37,0,8.700000000000045,7329.67076404137,1.2263157894736842,1,0
301.4,310.1,1623,32.3,39,0,8.700000000000045,5489.713250662411,0.8074999999999999,0,0
301.4,310.0,1651,29.8,44,0,8.600000000000023,5152.191007936237,0.6622222222222223,0,1
301.5,310.1,1639,33.4,47,0,8.600000000000023,5732.631666613487,0.6958333333333333,1,0
301.5,310.0,1417,44.6,49,0,8.5,6618.100028003282,0.892,0,1
301.5,310.1,1541,42.2,52,0,8.600000000000023,6809.946619382499,0.7962264150943397,1,0
301.6,310.2,1411,45.1,54,0,8.599999999999966,6663.956808770181,0.8200000000000001,0,1
301.7,310.3,1397,44.6,57,0,8.600000000000023,6524.690006436545,0.7689655172413793,1,0
301.7,310.2,1686,28.9,59,0,8.5,5102.51195610747,0.48166666666666663,1,0
301.7,310.1,1431,44.0,61,0,8.400000000000034,6593.574661354258,0.7096774193548387,0,1
301.8,310.3,1341,50.5,64,1,8.5,7091.67417658092,0.7769230769230769,1,0
301.7,310.2,1486,43.0,66,0,8.5,6691.38291263602,0.6417910447761194,1,0
301.6,310.2,1384,57.1,68,0,8.599999999999966,8275.625255988281,0.827536231884058,1,0
301.6,310.1,1362,55.8,70,1,8.5,7958.659501192094,0.7859154929577464,1,0
301.7,310.1,1660,29.3,72,0,8.400000000000034,5093.3594495100115,0.40136986301369865,0,0
301.6,310.1,1326,48.2,77,1,8.5,6692.974652913838,0.617948717948718,1,0
301.6,310.0,1566,30.3,79,0,8.399999999999977,4968.931436476832,0.37875000000000003,1,0
301.5,309.8,1549,38.5,81,0,8.300000000000011,6245.11967619359,0.4695121951219512,1,0
301.6,309.9,1746,31.1,83,0,8.299999999999955,5686.345534850598,0.37023809523809526,0,1
301.7,309.9,1452,41.5,86,0,8.199999999999989,6310.203004000458,0.47701149425287354,0,1
301.6,309.8,1588,33.9,89,0,8.199999999999989,5637.399521307668,0.37666666666666665,1,0
301.6,309.8,1472,42.5,91,0,8.199999999999989,6551.2678802859145,0.46195652173913043,1,0
301.7,309.9,1607,37.7,93,0,8.199999999999989,6344.331172193956,0.4010638297872341,1,0
301.6,309.9,1423,53.6,95,0,8.299999999999955,7987.2689382907865,0.5583333333333333,0,0
301.6,309.9,1440,43.4,100,0,8.299999999999955,6544.565815958257,0.4297029702970297,1,0
301.6,309.9,1397,43.7,102,0,8.299999999999955,6393.025858324598,0.4242718446601942,1,0
301.7,309.9,1524,46.6,104,0,8.199999999999989,7437.029456990045,0.4438095238095238,1,0
301.7,309.9,1533,40.9,106,0,8.199999999999989,6565.897230076131,0.3822429906542056,0,1
301.7,309.8,1398,46.0,109,0,8.100000000000023,6734.3180122350805,0.41818181818181815,1,0
301.7,309.8,1284,68.2,111,1,8.100000000000023,9170.183292122463,0.6089285714285715,0,1
301.7,309.8,1491,39.3,114,0,8.100000000000023,6136.190186918119,0.3417391304347826,1,0
301.8,309.9,1418,51.3,116,0,8.099999999999966,7617.671034571459,0.43846153846153846,0,0
301.8,309.8,1546,39.8,121,0,8.0,6443.49030831676,0.3262295081967213,0,1
301.8,309.7,1598,30.4,124,0,7.899999999999977,5087.201927908975,0.2432,1,0
301.9,309.8,1724,27.5,126,0,7.900000000000034,4964.7635902230695,0.21653543307086615,0,0
301.9,309.8,1507,44.7,131,0,7.900000000000034,7054.226392150131,0.3386363636363637,1,0
301.9,309.7,1595,31.4,133,0,7.800000000000011,5244.679495657921,0.2343283582089552,1,0
301.9,309.7,1568,37.5,135,0,7.800000000000011,6157.5216010359945,0.2757352941176471,0,1
301.8,309.6,1432,43.7,138,0,7.800000000000011,6553.194723780117,0.3143884892086331,1,0
301.9,309.7,1424,42.8,140,0,7.800000000000011,6382.375859228929,0.30354609929078014,1,0
302.0,309.7,1386,62.7,142,1,7.699999999999989,9100.377103359697,0.43846153846153846,0,1
302.0,309.8,1456,58.1,145,0,7.800000000000011,8858.621076690451,0.39794520547945206,1,0
302.0,309.8,1280,57.3,147,1,7.800000000000011,7680.565719496325,0.38716216216216215,0,0
302.0,309.8,1649,31.0,152,0,7.800000000000011,5353.169161961888,0.20261437908496732,1,0
302.0,309.9,1407,52.8,154,0,7.899999999999977,7779.588719937476,0.3406451612903226,1,0
302.0,309.9,1606,34.5,156,0,7.899999999999977,5802.20747191499,0.2197452229299363,0,0
302.1,310.0,1531,38.0,161,0,7.899999999999977,6092.385913351566,0.2345679012345679,0,1
302.1,310.1,1543,35.8,164,0,8.0,5784.656440956933,0.21696969696969695,1,0
302.1,310.1,1379,48.2,166,1,8.0,6960.491739342522,0.288622754491018,0,1
302.1,310.1,1447,46.6,169,0,8.0,7061.274031669682,0.2741176470588235,1,0
302.1,310.1,1844,24.6,171,0,8.0,4750.339419640054,0.1430232558139535,0,0
302.1,310.1,1615,29.9,176,0,8.0,5056.759895095691,0.16892655367231638,0,0
302.0,310.0,1449,48.8,181,0,8.0,7404.859548217287,0.2681318681318681,1,0
302.0,309.9,1388,51.4,183,0,7.899999999999977,7471.042433452911,0.2793478260869565,1,0
302.0,309.9,1447,42.8,185,0,7.899999999999977,6485.461986168721,0.23010752688172043,0,0
302.0,310.0,1664,28.6,190,0,8.0,4983.655034046657,0.14973821989528796,1,0
302.0,309.9,1735,27.2,192,0,7.899999999999977,4941.934683606984,0.14093264248704662,0,0
302.0,309.9,1308,57.6,197,1,7.899999999999977,7889.670126519263,0.2909090909090909,1,0
302.0,309.8,1480,40.0,199,0,7.800000000000011,6199.409503083858,0.2,1,0
301.9,309.6,1439,41.7,201,0,7.7000000000000455,6283.84504163684,0.20643564356435645,0,1
301.9,309.7,1533,35.9,204,0,7.800000000000011,5763.220307083939,0.17512195121951218,0,1
302.0,309.7,1551,34.8,207,0,7.699999999999989,5652.2278386326125,0.1673076923076923,1,0
302.0,309.7,1414,36.3,209,0,7.699999999999989,5375.07653473292,0.17285714285714285,1,0
301.9,309.6,1551,34.6,211,0,7.7000000000000455,5619.743770594495,0.16320754716981134,0,1
301.8,309.6,1436,49.0,214,0,7.800000000000011,7368.50084923974,0.22790697674418606,0,1
301.9,309.6,1385,45.8,217,0,7.7000000000000455,6642.688226505378,0.21009174311926604,0,1
301.8,309.5,1732,30.1,220,0,7.699999999999989,5459.375937604247,0.13619909502262445,0,1
301.9,309.6,1410,49.0,223,0,7.7000000000000455,7235.087881217294,0.21875,1,0
301.9,309.6,1446,43.2,225,0,7.7000000000000455,6541.549887010811,0.19115044247787613,1,0
301.8,309.5,1525,39.6,227,0,7.699999999999989,6324.026011676254,0.1736842105263158,1,0
301.7,309.5,1298,65.5,229,1,7.800000000000011,8903.168860518354,0.2847826086956522,1,0
301.8,309.6,1443,42.7,231,0,7.800000000000011,6452.42290342847,0.18405172413793106,1,0
301.8,309.7,1442,45.3,233,1,7.899999999999977,6840.566675779487,0.19358974358974357,1,0
301.9,309.7,1719,31.9,0,0,7.800000000000011,5742.422963717175,31.9,1,0
302.0,309.8,1532,39.4,2,0,7.800000000000011,6320.968194826759,13.133333333333333,1,0
302.0,309.8,1701,27.2,4,0,7.800000000000011,4845.089854072322,5.4399999999999995,1,0
302.1,310.0,1355,45.1,6,1,7.899999999999977,6399.476595239969,6.442857142857143,0,1
302.2,310.1,1421,45.4,9,0,7.900000000000034,6755.827449936659,4.54,0,1
302.2,310.1,1368,51.6,12,1,7.900000000000034,7392.041850190639,3.9692307692307693,0,1
302.2,310.1,1458,45.1,15,0,7.900000000000034,6885.931273697323,2.81875,1,0
302.2,310.1,1572,34.6,17,0,7.900000000000034,5695.833144664439,1.9222222222222223,0,1
302.2,310.0,1483,48.7,20,0,7.800000000000011,7563.080626227579,2.3190476190476192,1,0
302.3,310.1,1513,40.4,22,0,7.800000000000011,6401.015975640227,1.7565217391304346,1,0
302.3,310.1,1383,42.9,24,0,7.800000000000011,6213.096375077998,1.716,0,0
302.4,310.2,1539,37.7,29,0,7.800000000000011,6075.871607969197,1.2566666666666668,1,0
302.3,310.1,1563,37.8,31,0,7.800000000000011,6186.989740126666,1.18125,0,1
302.3,310.1,1653,29.7,34,0,7.800000000000011,5141.122129820089,0.8485714285714285,1,0
302.3,310.1,1353,50.9,36,1,7.800000000000011,7211.808679654193,1.3756756756756756,1,0
302.2,310.0,1468,43.6,38,0,7.800000000000011,6702.566982482801,1.117948717948718,0,0
302.3,310.2,1506,33.8,43,0,7.899999999999977,5330.528750905018,0.7681818181818181,0,0
302.3,310.1,1388,49.9,48,0,7.800000000000011,7253.015903293779,1.0183673469387755,1,0
302.4,310.2,1485,45.9,50,0,7.800000000000011,7137.85558858869,0.9,0,1
302.4,310.2,1331,45.5,53,1,7.800000000000011,6341.880729924154,0.8425925925925926,1,0
302.5,310.3,1326,58.5,55,1,7.800000000000011,8123.216124387128,1.0446428571428572,1,0
302.3,310.2,1394,55.4,57,0,7.899999999999977,8087.255360479036,0.9551724137931035,1,0
302.4,310.1,2009,18.9,59,0,7.7000000000000455,3976.219573868993,0.315,1,0
302.4,310.1,1358,54.6,61,1,7.7000000000000455,7764.634738906389,0.8806451612903226,0,1
302.5,310.2,1586,32.2,64,0,7.699999999999989,5347.954118156929,0.4953846153846154,1,0
302.5,310.3,1688,31.6,66,0,7.800000000000011,5585.835513886748,0.47164179104477616,1,0
302.6,310.5,1450,43.2,68,0,7.899999999999977,6559.6454606954885,0.6260869565217392,1,0
302.7,310.5,1398,47.3,70,0,7.800000000000011,6924.63569518955,0.6661971830985915,0,1
302.7,310.5,1520,39.3,73,0,7.800000000000011,6255.539291827997,0.5310810810810811,1,0
302.6,310.4,1514,42.7,75,0,7.7999999999999545,6769.901785024741,0.5618421052631579,1,0
302.6,310.4,1532,36.1,77,0,7.7999999999999545,5791.547000843808,0.46282051282051284,0,1
302.6,310.4,1365,66.8,80,1,7.7999999999999545,9548.556711320816,0.8246913580246913,1,0
302.6,310.3,1642,33.2,82,0,7.699999999999989,5708.73461849518,0.4,1,0
302.6,310.2,2676,10.8,84,1,7.599999999999966,3026.484698762263,0.12705882352941178,0,1
302.6,310.2,1873,21.3,87,0,7.599999999999966,4177.784158523315,0.24204545454545456,0,0
302.6,310.2,1325,62.4,92,1,7.599999999999966,8658.22935329347,0.6709677419354838,1,0
302.6,310.2,2157,17.2,94,0,7.599999999999966,3885.1448028414247,0.18105263157894735,0,1
302.6,310.2,1563,39.0,97,0,7.599999999999966,6383.402112829101,0.3979591836734694,0,1
302.6,310.2,1631,31.0,100,0,7.599999999999966,5294.735538605117,0.3069306930693069,0,1
302.5,310.2,1547,36.9,103,0,7.699999999999989,5977.853917177194,0.35480769230769227,1,0
302.6,310.3,1479,40.4,105,0,7.699999999999989,6257.172920007863,0.3811320754716981,1,0
302.4,310.1,1379,48.9,107,1,7.7000000000000455,7061.577718959529,0.4527777777777778,0,1
302.4,310.1,1906,21.2,110,0,7.7000000000000455,4231.432089071117,0.19099099099099098,1,0
302.3,310.1,1731,33.4,112,0,7.800000000000011,6054.414530145177,0.29557522123893804,0,1
302.3,310.1,1688,30.4,115,0,7.800000000000011,5373.715177916365,0.26206896551724135,0,0
302.3,310.2,1443,54.6,120,0,7.899999999999977,8250.639122416731,0.45123966942148763,0,0
302.4,310.2,1445,46.4,125,0,7.800000000000011,7021.250141262947,0.3682539682539682,1,0
302.4,310.2,1435,44.9,127,0,7.800000000000011,6747.250901992359,0.35078125,0,0
302.4,310.1,1556,32.9,132,0,7.7000000000000455,5360.855591987671,0.24736842105263157,1,0
302.3,310.1,1321,52.7,134,1,7.800000000000011,7290.243776238819,0.39037037037037037,1,0
302.4,310.1,1577,35.8,136,0,7.7000000000000455,5912.121326888584,0.26131386861313866,0,1
302.4,310.2,1578,31.2,139,0,7.800000000000011,5155.7305356592815,0.22285714285714286,1,0
302.4,310.1,1418,52.3,141,0,7.7000000000000455,7766.163647331136,0.36830985915492953,1,0
302.4,310.2,1392,55.8,143,0,7.800000000000011,8133.960371262405,0.38749999999999996,0,1
302.5,310.3,1446,44.0,146,0,7.800000000000011,6662.689699733233,0.29931972789115646,1,0
302.5,310.2,1329,50.6,148,1,7.699999999999989,7042.131260433809,0.3395973154362416,1,0
302.5,310.2,1563,34.8,150,0,7.699999999999989,5695.958808370582,0.2304635761589404,1,0
302.5,310.3,1405,57.4,152,0,7.800000000000011,8445.334091135202,0.37516339869281046,1,0
302.4,310.2,2224,16.0,154,0,7.800000000000011,3726.3477661779734,0.1032258064516129,1,0
302.5,310.2,1716,29.9,156,0,7.699999999999989,5373.003083581551,0.19044585987261145,1,0
302.5,310.3,1584,35.5,158,0,7.800000000000011,5888.601269888708,0.22327044025157233,1,0
302.5,310.3,1488,41.8,160,0,7.800000000000011,6513.401216834646,0.25962732919254655,0,1
302.4,310.3,1374,51.2,163,1,7.900000000000034,7366.909108961922,0.3121951219512195,1,0
302.4,310.3,1378,54.3,165,1,7.900000000000034,7835.697564730589,0.32710843373493975,0,1
302.5,310.3,1551,37.3,168,0,7.800000000000011,6058.278689109094,0.2207100591715976,1,0
302.5,310.3,1549,40.9,170,0,7.800000000000011,6634.425837826437,0.2391812865497076,1,0
302.5,310.3,1447,39.2,172,0,7.800000000000011,5939.955837799389,0.22658959537572257,0,1
302.4,310.2,1400,53.7,175,0,7.800000000000011,7872.831189896021,0.30511363636363636,1,0
302.4,310.1,1401,48.8,177,0,7.7000000000000455,7159.563993824994,0.2741573033707865,1,0
302.4,310.1,1597,28.9,179,0,7.7000000000000455,4833.1622739641925,0.16055555555555553,0,0
302.3,310.1,1487,46.0,184,0,7.800000000000011,7163.040689694968,0.24864864864864866,1,0
302.5,310.3,1710,27.3,186,0,7.800000000000011,4888.6323282510775,0.14598930481283423,0,1
302.6,310.4,1478,47.7,189,0,7.7999999999999545,7382.805567789086,0.25105263157894736,1,0
302.6,310.4,1743,26.3,191,0,7.7999999999999545,4800.447822464812,0.13697916666666668,1,0
302.6,310.5,1596,32.8,193,0,7.899999999999977,5481.953516808046,0.1690721649484536,1,0
302.7,310.5,1642,30.8,195,0,7.800000000000011,5296.055007519625,0.15714285714285714,1,0
302.7,310.5,1263,67.8,197,1,7.800000000000011,8967.299238553633,0.3424242424242424,1,0
302.8,310.6,2016,19.9,199,0,7.800000000000011,4201.189023792558,0.09949999999999999,1,0
302.8,310.6,1671,30.5,201,0,7.800000000000011,5337.09467955102,0.15099009900990099,1,0
302.8,310.6,1404,43.2,203,0,7.800000000000011,6351.5463633217005,0.21176470588235297,1,0
302.8,310.6,1470,41.1,205,0,7.800000000000011,6326.853445064484,0.19951456310679613,1,0
302.8,310.6,1617,37.9,207,0,7.800000000000011,6417.676888679765,0.18221153846153845,1,0
302.7,310.5,1725,29.0,209,0,7.800000000000011,5238.60574986098,0.1380952380952381,1,0
302.7,310.5,1446,40.9,211,1,7.800000000000011,6193.2729254338465,0.19292452830188678,1,0
302.7,310.6,1564,34.3,0,0,7.900000000000034,5617.712207345173,34.3,1,0
302.8,310.6,1670,29.1,2,0,7.800000000000011,5089.065939550106,9.700000000000001,1,0
302.7,310.6,1501,48.7,4,0,7.900000000000034,7654.8779635654755,9.74,1,0
302.7,310.5,1551,35.9,6,0,7.800000000000011,5830.890212842264,5.128571428571428,1,0
302.7,310.5,1563,35.0,8,0,7.800000000000011,5728.694203820988,3.888888888888889,1,0
302.7,310.5,1351,41.8,10,1,7.800000000000011,5913.713067166402,3.8,1,0
302.6,310.4,1415,52.1,12,0,7.7999999999999545,7720.097427053998,4.007692307692308,1,0
302.6,310.3,1647,34.2,14,0,7.699999999999989,5898.591534527125,2.2800000000000002,1,0
302.5,310.2,1477,41.6,16,0,7.699999999999989,6434.316857768278,2.447058823529412,1,0
302.6,310.2,1923,21.5,18,0,7.599999999999966,4329.585915544773,1.131578947368421,1,0
302.7,310.4,1305,55.2,20,1,7.699999999999989,7543.592279799811,2.6285714285714286,0,0
302.6,310.4,1544,35.1,25,0,7.7999999999999545,5675.22429685689,1.35,0,1
302.7,310.5,1568,36.9,28,0,7.800000000000011,6059.001255419418,1.2724137931034483,0,0
302.7,310.4,1489,42.7,33,0,7.699999999999989,6658.113446434504,1.2558823529411764,1,0
302.6,310.4,1451,43.1,35,0,7.7999999999999545,6548.974517648795,1.1972222222222222,0,1
302.7,310.4,1542,35.7,38,0,7.699999999999989,5764.759687484199,0.9153846153846155,1,0
302.6,310.5,1965,20.2,40,0,7.899999999999977,4156.641239964655,0.4926829268292683,0,1
302.5,310.5,1436,36.5,43,0,8.0,5488.781244841847,0.8295454545454546,1,0
302.5,310.4,1509,37.6,45,0,7.899999999999977,5941.631353881304,0.8173913043478261,0,1
302.5,310.4,1487,40.2,48,0,7.899999999999977,6259.874689689951,0.8204081632653062,1,0
302.5,310.4,1967,20.3,50,0,7.899999999999977,4181.470293903526,0.39803921568627454,1,0
302.6,310.4,1409,53.3,52,0,7.7999999999999545,7864.422193559913,1.0056603773584905,0,0
302.6,310.5,1420,56.4,57,0,7.899999999999977,8386.79574802331,0.9724137931034482,0,1
302.7,310.5,1511,37.7,60,0,7.800000000000011,5965.329434464883,0.618032786885246,1,0
302.6,310.4,1649,30.1,62,0,7.7999999999999545,5197.754573388801,0.4777777777777778,0,0
302.6,310.4,1359,57.2,67,1,7.7999999999999545,8140.369220275728,0.8411764705882353,1,0
302.5,310.4,1605,36.0,69,0,7.899999999999977,6050.707450813941,0.5142857142857142,0,1
302.5,310.3,1523,36.0,72,0,7.800000000000011,5741.574733700706,0.4931506849315068,1,0
302.6,310.4,1614,36.0,74,0,7.7999999999999545,6084.636651472712,0.48,0,0
302.6,310.3,1721,27.4,79,0,7.699999999999989,4938.101940569604,0.34249999999999997,0,0
302.6,310.4,1638,36.2,84,0,7.7999999999999545,6209.420711673299,0.4258823529411765,1,0
302.5,310.2,1307,54.0,86,1,7.699999999999989,7390.910876835347,0.6206896551724138,1,0
302.4,310.2,1642,28.3,88,0,7.800000000000011,4866.1804127534215,0.31797752808988766,1,0
302.5,310.2,1751,30.5,90,0,7.699999999999989,5592.61088204299,0.33516483516483514,0,1
302.4,310.1,1645,31.6,93,0,7.7000000000000455,5443.542310630154,0.3361702127659575,1,0
302.4,310.1,1426,46.8,95,0,7.7000000000000455,6988.661353469709,0.4875,1,0
302.4,310.1,1520,36.6,97,0,7.7000000000000455,5825.769416816914,0.3734693877551021,0,1
302.4,310.1,1709,31.8,100,0,7.7000000000000455,5691.120755684054,0.31485148514851485,1,0
302.4,310.0,1426,46.6,102,0,7.600000000000023,6958.795279309583,0.4524271844660194,1,0
302.4,310.1,1429,43.7,104,0,7.7000000000000455,6539.46596388393,0.4161904761904762,1,0
302.4,310.2,1346,62.4,106,1,7.800000000000011,8795.454120402272,0.5831775700934579,1,0
302.5,310.2,1454,43.0,108,0,7.699999999999989,6547.288529591368,0.3944954128440367,1,0
302.5,310.3,1411,49.5,110,0,7.800000000000011,7314.098936455077,0.44594594594594594,0,1
302.4,310.3,1900,24.4,113,0,7.900000000000034,4854.807847347427,0.21403508771929824,1,0
302.4,310.3,1479,36.2,115,0,7.900000000000034,5606.674745155561,0.3120689655172414,1,0
302.5,310.4,1415,48.2,117,0,7.899999999999977,7142.201458426156,0.40847457627118644,1,0
302.5,310.3,1539,39.0,119,0,7.800000000000011,6285.384422037099,0.325,1,0
302.4,310.3,1520,31.6,121,0,7.900000000000034,5029.899277907499,0.25901639344262295,1,0
302.4,310.3,1480,45.8,123,0,7.900000000000034,7098.323881031018,0.3693548387096774,1,0
302.4,310.4,1666,29.7,125,0,8.0,5181.55442727179,0.2357142857142857,1,0
302.4,310.4,1456,47.6,127,0,8.0,7257.665460421093,0.371875,1,0
302.4,310.4,1865,23.9,129,0,8.0,4667.726004826154,0.18384615384615383,1,0
302.5,310.5,1918,21.6,131,0,8.0,4338.413790901361,0.16363636363636364,0,1
302.5,310.4,1488,48.4,134,0,7.899999999999977,7541.832987913801,0.3585185185185185,1,0
302.5,310.5,1527,38.8,136,0,8.0,6204.394163427553,0.2832116788321168,0,1
302.4,310.4,1463,42.2,139,0,8.0,6465.251073430628,0.30142857142857143,0,1
302.4,310.4,1521,38.5,142,0,8.0,6132.231780174596,0.2692307692307692,1,0
302.4,310.5,1372,45.7,144,1,8.100000000000023,6565.970533904717,0.31517241379310346,0,1
302.5,310.5,1507,39.5,147,0,8.0,6233.6005031304285,0.2668918918918919,1,0
302.4,310.4,1586,34.3,149,0,8.0,5696.733734558467,0.22866666666666666,0,1
302.5,310.4,1487,42.0,152,0,7.899999999999977,6540.167586243232,0.27450980392156865,1,0
302.5,310.5,1520,41.2,154,0,8.0,6557.969944613575,0.2658064516129032,1,0
302.5,310.4,1422,41.9,156,0,7.899999999999977,6239.391505588544,0.26687898089171974,0,0
302.4,310.3,1375,52.5,161,1,7.900000000000034,7559.457322700438,0.32407407407407407,0,1
302.4,310.2,1633,28.0,164,0,7.800000000000011,4788.206083091323,0.1696969696969697,1,0
302.4,310.2,1503,36.2,166,0,7.800000000000011,5697.6552684035205,0.21676646706586827,1,0
302.4,310.2,1351,45.1,168,1,7.800000000000011,6380.585151416381,0.2668639053254438,1,0
302.3,310.2,1548,35.3,170,0,7.899999999999977,5722.348186660736,0.2064327485380117,1,0
302.4,310.3,1923,23.3,172,0,7.900000000000034,4692.062875915964,0.1346820809248555,1,0
302.5,310.3,1592,32.6,174,0,7.800000000000011,5434.871514906246,0.1862857142857143,1,0
302.5,310.4,1580,35.6,176,0,7.899999999999977,5890.276785970623,0.20112994350282487,0,1
302.5,310.4,1427,46.8,179,0,7.899999999999977,6993.56223800931,0.26,1,0
302.5,310.4,1581,32.7,181,0,7.899999999999977,5413.875204004756,0.1796703296703297,0,1
302.6,310.5,1542,39.9,184,0,7.899999999999977,6442.966709541163,0.21567567567567567,0,1
302.5,310.4,1349,55.1,187,1,7.899999999999977,7783.808926068798,0.29308510638297874,1,0
302.5,310.5,1463,43.0,189,0,8.0,6587.815074822678,0.22631578947368422,1,0
302.5,310.4,1429,43.2,191,0,7.899999999999977,6464.643698850933,0.225,0,1
302.5,310.4,1451,53.6,194,0,7.899999999999977,8144.432346774371,0.27487179487179486,0,1
302.6,310.5,1511,37.2,197,0,7.899999999999977,5886.2136594719805,0.1878787878787879,1,0
302.6,310.6,1549,37.5,199,0,8.0,6082.908775513237,0.1875,1,0
302.5,310.5,1507,40.2,201,0,8.0,6344.069372806158,0.19900990099009902,0,1
302.6,310.5,1524,33.7,204,0,7.899999999999977,5378.280959239582,0.16439024390243903,0,1
302.7,310.5,1880,22.7,207,0,7.800000000000011,4469.0202694866,0.10913461538461539,0,1
302.6,310.5,1461,45.4,0,0,7.899999999999977,6945.99852523396,45.4,1,0
302.6,310.5,1748,28.2,2,0,7.899999999999977,5162.013720966461,9.4,1,0
302.7,310.6,1690,26.7,4,0,7.900000000000034,4725.2695102644075,5.34,1,0
302.7,310.6,1349,51.2,6,1,7.900000000000034,7232.867822408756,7.314285714285715,0,1
302.7,310.6,1686,26.3,9,0,7.900000000000034,4643.46243756493,2.63,1,0
302.7,310.7,1369,47.5,11,1,8.0,6809.663876043675,3.9583333333333335,1,0
302.7,310.7,1433,43.7,13,0,8.0,6557.770977078846,3.1214285714285714,1,0
302.7,310.7,1597,41.9,15,0,8.0,7007.2491100034495,2.61875,1,0
302.9,310.8,1610,32.2,17,0,7.900000000000034,5428.881544913402,1.788888888888889,1,0
302.7,310.7,1398,57.7,19,0,8.0,8447.177158825309,2.8850000000000002,1,0
302.7,310.7,1977,20.0,21,0,8.0,4140.619117431348,0.9090909090909091,1,0
302.8,310.8,1516,39.5,23,0,8.0,6270.828376075466,1.6458333333333333,1,0
302.7,310.8,1275,55.0,25,1,8.100000000000023,7343.472827766142,2.1153846153846154,0,0
302.8,310.8,1402,50.5,30,0,8.0,7414.263382227032,1.6290322580645162,1,0
302.8,310.8,1451,44.7,32,0,8.0,6792.091901134597,1.3545454545454547,0,1
302.7,310.8,1555,36.1,35,0,8.100000000000023,5878.495813519661,1.0027777777777778,0,1
302.8,310.9,1636,35.0,38,0,8.099999999999966,5996.253178151718,0.8974358974358975,1,0
302.8,310.9,1312,52.2,40,1,8.099999999999966,7171.879037027066,1.273170731707317,1,0
302.8,310.9,1708,29.8,42,0,8.099999999999966,5330.067983982492,0.6930232558139535,1,0
302.9,311.0,1556,36.5,44,0,8.100000000000023,5947.453772265957,0.8111111111111111,0,1
302.8,311.0,1436,43.5,47,0,8.199999999999989,6541.424223304667,0.90625,0,0
302.9,311.0,1402,40.7,52,0,8.100000000000023,5975.455834784954,0.7679245283018868,0,1
302.9,311.0,1437,49.9,55,0,8.100000000000023,7509.0661765368595,0.8910714285714285,0,1
302.9,311.1,1926,21.8,58,0,8.200000000000045,4396.847414258131,0.3694915254237288,0,1
303.0,311.2,1800,23.7,61,0,8.199999999999989,4467.344753404685,0.38225806451612904,1,0
303.0,311.2,1641,32.6,63,0,8.199999999999989,5602.150851734391,0.509375,1,0
303.0,311.2,1374,48.2,65,1,8.199999999999989,6935.254278358685,0.7303030303030303,1,0
303.0,311.2,1494,37.0,67,0,8.199999999999989,5788.698623504553,0.5441176470588235,1,0
303.0,311.2,1601,32.9,69,0,8.199999999999989,5515.893189442327,0.47,1,0
302.9,311.2,1634,36.9,71,0,8.300000000000011,6314.035747037838,0.5125,1,0
302.9,311.2,1467,37.7,73,0,8.300000000000011,5791.620304672392,0.5094594594594595,0,1
302.8,311.1,1550,32.3,76,0,8.300000000000011,5242.794540065766,0.41948051948051945,1,0
302.8,311.1,1563,32.2,78,0,8.300000000000011,5270.398667515309,0.4075949367088608,1,0
302.7,310.9,1395,48.3,80,0,8.199999999999989,7055.860020329995,0.5962962962962962,1,0
302.8,311.0,1507,33.4,82,0,8.199999999999989,5270.943210241931,0.40240963855421685,0,1
302.8,311.0,1564,38.5,85,0,8.199999999999989,6305.595334775194,0.4476744186046512,1,0
302.8,311.1,1721,30.0,87,0,8.300000000000011,5406.680956828034,0.3409090909090909,1,0
302.8,311.1,1456,36.1,89,0,8.300000000000011,5504.237880697509,0.40111111111111114,1,0
302.9,311.2,2102,17.8,91,0,8.300000000000011,3918.1524696551423,0.19347826086956524,0,0
302.9,311.1,1555,33.9,96,0,8.200000000000045,5520.249531255305,0.3494845360824742,1,0
303.0,311.2,1409,41.9,98,0,8.199999999999989,6182.350654974865,0.42323232323232324,1,0
303.0,311.2,1387,41.4,100,0,8.199999999999989,6013.196834530078,0.4099009900990099,0,1
303.0,311.2,1460,43.9,103,0,8.199999999999989,6711.907984639473,0.4221153846153846,0,1
303.0,311.2,1361,47.6,106,1,8.199999999999989,6784.122727769992,0.44485981308411215,1,0
303.0,311.1,1490,43.0,108,0,8.100000000000023,6709.394710516602,0.3944954128440367,0,1
303.1,311.2,1399,49.2,111,0,8.099999999999966,7207.944520690279,0.43928571428571433,1,0
303.1,311.1,1420,55.8,113,0,8.0,8297.57451666136,0.4894736842105263,1,0
303.0,311.0,1359,44.2,115,1,8.0,6290.285306576699,0.38103448275862073,1,0
303.0,311.1,1372,54.3,117,1,8.100000000000023,7801.579868512606,0.4601694915254237,0,1
303.0,311.0,1409,41.7,120,0,8.0,6152.840627982146,0.34462809917355375,0,1
302.9,311.0,1452,58.3,123,0,8.100000000000023,8864.69482248739,0.47016129032258064,0,0
302.9,311.0,1820,24.6,128,0,8.100000000000023,4688.512876217407,0.19069767441860466,1,0
302.9,311.0,1469,48.7,130,0,8.100000000000023,7491.682697186997,0.3717557251908397,0,0
302.9,311.1,1556,45.3,135,0,8.200000000000045,7381.360435168434,0.33308823529411763,1,0
303.0,311.1,1980,20.2,137,0,8.100000000000023,4188.371325765912,0.1463768115942029,1,0
303.0,311.2,1519,38.0,139,0,8.199999999999989,6044.633705017001,0.2714285714285714,0,1
303.0,311.2,1456,44.0,142,0,8.199999999999989,6708.766391985884,0.3076923076923077,1,0
303.1,311.2,1394,45.3,144,0,8.099999999999966,6612.864040247298,0.31241379310344825,1,0
303.0,311.3,1365,56.2,146,1,8.300000000000011,8033.36657449446,0.38231292517006804,1,0
303.0,311.3,2194,16.5,148,0,8.300000000000011,3790.959855086803,0.11073825503355705,1,0
303.1,311.3,1403,55.6,150,0,8.199999999999989,8168.852993668275,0.36821192052980134,1,0
303.0,311.2,1503,37.0,152,0,8.199999999999989,5823.570301959399,0.24183006535947713,0,0
303.0,311.3,1793,29.3,157,0,8.300000000000011,5501.441863235815,0.18544303797468356,1,0
303.1,311.4,1829,24.5,159,0,8.299999999999955,4692.544586789514,0.153125,1,0
303.1,311.4,1831,23.3,161,0,8.299999999999955,4467.585608841461,0.14382716049382716,0,1
303.0,311.3,1335,53.6,164,1,8.300000000000011,7493.326797342375,0.32484848484848483,0,1
303.1,311.3,2056,19.7,167,0,8.199999999999989,4241.485185562603,0.11726190476190476,0,0
303.1,311.3,1336,52.6,172,1,8.199999999999989,7359.034183376924,0.3040462427745665,1,0
303.0,311.2,1341,51.0,174,1,8.199999999999989,7161.888772388652,0.2914285714285714,1,0
303.0,311.1,1526,37.3,176,0,8.100000000000023,5960.6275174600105,0.21073446327683615,0,1
303.0,311.1,1525,40.7,179,0,8.100000000000023,6499.693400889483,0.22611111111111112,1,0
303.0,311.1,1428,39.8,181,0,8.100000000000023,5951.684450372791,0.21868131868131865,0,1
303.0,311.2,1511,45.7,184,0,8.199999999999989,7231.1818343513305,0.24702702702702703,1,0
303.0,311.2,1664,29.8,186,0,8.199999999999989,5192.759441069594,0.15935828877005348,1,0
303.0,311.2,1592,38.9,188,0,8.199999999999989,6485.168770854386,0.20582010582010582,0,1
303.0,311.1,1597,36.7,191,0,8.100000000000023,6137.614375587747,0.19114583333333335,0,1
303.0,311.2,1735,26.1,194,0,8.199999999999989,4742.077030961114,0.13384615384615386,1,0
302.9,311.2,1751,23.8,196,0,8.300000000000011,4364.070130905678,0.12081218274111676,1,0
303.0,311.2,1383,44.6,198,0,8.199999999999989,6459.30299133983,0.2241206030150754,1,0
302.9,311.2,1330,53.7,200,1,8.300000000000011,7479.189630401221,0.26716417910447765,0,1
303.0,311.2,1382,50.5,203,0,8.199999999999989,7308.496429556175,0.24754901960784315,1,0
303.0,311.2,1755,30.4,205,0,8.199999999999989,5587.008375144087,0.14757281553398058,1,0
303.0,311.2,1614,35.7,207,0,8.199999999999989,6033.931346043773,0.17163461538461539,0,1
303.0,311.3,1466,43.0,210,0,8.300000000000011,6601.3239232331125,0.2037914691943128,1,0
303.1,311.3,1847,24.7,212,0,8.199999999999989,4777.4094763384865,0.115962441314554,0,1
303.1,311.3,1474,34.8,215,0,8.199999999999989,5371.620782813972,0.1611111111111111,1,0
303.1,311.3,1657,31.8,217,0,8.199999999999989,5517.956168618184,0.14587155963302753,1,0
303.1,311.2,1435,40.1,219,0,8.099999999999966,6025.941228728143,0.18227272727272728,1,0
303.1,311.3,1494,42.7,221,0,8.199999999999989,6680.471114152552,0.19234234234234235,0,0
303.2,311.4,1238,54.6,226,1,8.199999999999989,7078.5109033623785,0.24052863436123348,1,0
303.2,311.4,1324,54.2,228,1,8.199999999999989,7514.77340319088,0.2366812227074236,1,0
303.2,311.4,1514,41.2,230,0,8.199999999999989,6532.083221147994,0.17835497835497838,1,0
303.3,311.4,1732,25.6,232,0,8.099999999999966,4643.190166201619,0.10987124463519314,1,0
303.3,311.4,1497,46.0,234,1,8.099999999999966,7211.211777050011,0.19574468085106383,1,0
303.3,311.4,1958,21.5,0,0,8.099999999999966,4408.387531272318,21.5,1,0
303.3,311.4,1630,32.5,2,0,8.099999999999966,5547.5290274639765,10.833333333333334,1,0
303.3,311.4,1395,59.1,4,0,8.099999999999966,8633.567850962789,11.82,0,1
303.3,311.4,1658,30.5,7,0,8.099999999999966,5295.5732966460755,3.8125,1,0
303.2,311.4,1349,51.1,9,1,8.199999999999989,7218.741127443114,5.11,1,0
303.1,311.2,1452,52.9,11,0,8.099999999999966,8043.608166545163,4.408333333333333,1,0
303.1,311.1,1594,35.5,13,0,8.0,5925.776782956188,2.5357142857142856,0,1
303.1,311.0,1510,47.6,16,0,7.899999999999977,7526.837118980665,2.8000000000000003,0,1
303.1,311.1,1854,22.6,19,0,8.0,4387.799627415792,1.1300000000000001,1,0
303.1,311.2,1626,32.3,21,0,8.099999999999966,5499.860594933507,1.468181818181818,1,0
303.1,311.2,1628,35.2,23,0,8.099999999999966,6001.028398985176,1.4666666666666668,1,0
303.1,311.2,1679,34.8,25,0,8.099999999999966,6118.691515837623,1.3384615384615384,1,0
303.1,311.2,1489,44.5,27,0,8.099999999999966,6938.783334106216,1.5892857142857142,0,1
303.2,311.2,1439,43.9,30,0,8.0,6615.366842394658,1.4161290322580644,1,0
303.3,311.3,1350,48.1,32,1,8.0,6799.9772986951075,1.4575757575757575,1,0
303.3,311.2,1607,31.7,34,0,7.899999999999977,5334.623293330196,0.9057142857142857,0,0
303.3,311.3,1389,53.9,39,0,8.0,7840.064378519079,1.3475,1,0
303.3,311.3,1566,46.1,41,0,8.0,7559.99139345155,1.0976190476190477,0,1
303.4,311.4,1307,54.0,44,1,8.0,7390.910876835347,1.2,0,1
303.3,311.5,1569,36.6,47,0,8.199999999999989,6013.573825648511,0.7625000000000001,0,1
303.3,311.4,1651,30.6,50,0,8.099999999999966,5290.504860498284,0.6,0,0
303.3,311.4,1692,27.9,55,0,8.099999999999966,4943.484535982754,0.49821428571428567,0,0
303.3,311.5,1373,47.3,60,1,8.199999999999989,6800.804584760553,0.7754098360655737,0,1
303.2,311.4,1610,35.5,63,0,8.199999999999989,5985.257603864154,0.5546875,1,0
303.3,311.4,1511,43.4,65,0,8.099999999999966,6867.249269383977,0.6575757575757576,1,0
303.3,311.5,1412,55.6,67,0,8.199999999999989,8221.254759130154,0.8176470588235294,1,0
303.4,311.5,1501,36.2,69,0,8.100000000000023,5690.073558132858,0.5171428571428572,1,0
303.4,311.5,1414,44.8,71,0,8.100000000000023,6633.70327151611,0.6222222222222222,1,0
303.5,311.5,1629,33.5,73,0,8.0,5714.714116512512,0.4527027027027027,0,0
303.4,311.5,1879,21.3,78,0,8.100000000000023,4191.167343227607,0.26962025316455696,1,0
303.5,311.6,1466,47.0,80,0,8.100000000000023,7215.400567254797,0.5802469135802469,0,0
303.6,311.7,1476,40.1,85,0,8.099999999999966,6198.110978120375,0.4662790697674419,0,0
303.6,311.8,1695,30.7,90,0,8.199999999999989,5449.249537284175,0.33736263736263733,1,0
303.6,311.7,1491,39.8,92,0,8.099999999999966,6214.258764359825,0.4279569892473118,1,0
303.6,311.8,1659,34.7,94,0,8.199999999999989,6028.43355889999,0.36526315789473685,0,1
303.6,311.8,1567,31.7,97,0,8.199999999999989,5201.838643838468,0.32346938775510203,1,0
303.6,311.8,1736,32.9,99,0,8.199999999999989,5981.005981806295,0.32899999999999996,1,0
303.6,311.8,1421,44.8,101,1,8.199999999999989,6666.543386721636,0.4392156862745098,0,1
303.6,311.8,1627,30.8,104,0,8.199999999999989,5247.674480654343,0.29333333333333333,0,1
303.5,311.6,1562,34.2,107,0,8.100000000000023,5594.171206394274,0.3166666666666667,0,1
303.5,311.6,2183,17.0,110,0,8.100000000000023,3886.2548322456937,0.15315315315315314,1,0
303.5,311.6,1577,38.1,112,0,8.100000000000023,6291.950350683102,0.33716814159292036,1,0
303.4,311.5,1560,36.4,114,0,8.100000000000023,5946.40657471476,0.31652173913043474,0,1
303.4,311.5,1483,43.0,117,0,8.100000000000023,6677.874064225583,0.3644067796610169,0,1
303.5,311.5,1535,33.3,120,0,8.0,5352.802642818968,0.2752066115702479,1,0
303.4,311.4,1606,29.6,122,0,8.0,4978.125830976339,0.24065040650406505,0,1
303.4,311.5,1817,24.7,125,0,8.100000000000023,4699.812137794818,0.19603174603174603,0,1
303.4,311.5,1424,50.8,128,0,8.100000000000023,7575.343309552092,0.39379844961240307,1,0
303.3,311.6,1514,34.7,130,0,8.300000000000011,5501.536111015422,0.2648854961832061,1,0
303.4,311.6,1449,41.7,132,0,8.200000000000045,6327.513179521739,0.31353383458646616,1,0
303.5,311.6,1573,34.0,134,0,8.100000000000023,5600.621943309644,0.2518518518518518,0,1
303.4,311.6,1564,41.9,137,0,8.200000000000045,6862.453104599496,0.3036231884057971,1,0
303.5,311.6,1428,46.2,139,0,8.100000000000023,6908.739236362386,0.33,1,0
303.5,311.7,1620,31.0,141,0,8.199999999999989,5259.026102109314,0.21830985915492956,1,0
303.5,311.7,1584,32.7,143,0,8.199999999999989,5424.148211981994,0.22708333333333336,0,0
303.6,311.8,1222,66.8,148,1,8.199999999999989,8548.231722515779,0.4483221476510067,1,0
303.6,311.8,1432,42.5,150,0,8.199999999999989,6373.244296582493,0.2814569536423841,0,1
303.7,311.9,1561,33.3,153,0,8.199999999999989,5443.46900680157,0.21623376623376622,1,0
303.6,311.8,1614,33.2,155,0,8.199999999999989,5611.387134135946,0.21282051282051284,1,0
303.5,311.7,1959,22.3,157,0,8.199999999999989,4574.755806230921,0.14113924050632912,1,0
303.5,311.8,1944,23.5,159,0,8.300000000000011,4784.017292886538,0.146875,1,0
303.4,311.7,1793,25.8,161,0,8.300000000000011,4844.27303998239,0.15925925925925927,1,0
303.4,311.6,1446,50.0,163,0,8.200000000000045,7571.238295151402,0.3048780487804878,0,1
303.4,311.7,1673,32.2,166,0,8.300000000000011,5641.316040149143,0.19281437125748505,1,0
303.4,311.7,1515,44.2,168,0,8.300000000000011,7012.348962077778,0.26153846153846155,0,1
303.4,311.8,1564,35.9,171,0,8.400000000000034,5879.76292255661,0.20872093023255814,1,0
303.5,311.8,1451,45.2,173,0,8.300000000000011,6868.06608347391,0.2597701149425288,1,0
303.4,311.8,1693,28.3,175,0,8.400000000000034,5017.3224353176265,0.16079545454545455,0,0
303.4,311.7,1476,42.3,180,0,8.300000000000011,6538.156966944933,0.23370165745856353,1,0
303.4,311.6,1712,30.1,182,0,8.200000000000045,5396.334645022212,0.1644808743169399,1,0
303.4,311.6,1425,45.4,184,0,8.200000000000045,6774.844557466387,0.2454054054054054,0,1
303.3,311.6,1337,56.8,187,1,8.300000000000011,7952.585755395153,0.3021276595744681,1,0
303.4,311.7,1690,34.9,189,0,8.300000000000011,6176.475876712653,0.18368421052631578,0,1
303.4,311.7,1353,44.1,192,1,8.300000000000011,6248.345044651275,0.22849740932642487,0,1
303.5,311.8,1927,21.9,195,0,8.300000000000011,4419.309801731298,0.11173469387755101,1,0
303.4,311.8,1391,42.7,197,0,8.400000000000034,6219.903159160777,0.21565656565656566,0,1
303.4,311.8,1366,50.9,200,1,8.400000000000034,7281.1017416168725,0.2532338308457711,1,0
303.4,311.9,1771,31.6,202,0,8.5,5860.494487614592,0.15566502463054188,1,0
303.4,311.8,1515,42.6,204,0,8.400000000000034,6758.508275667722,0.2078048780487805,0,1
303.4,311.8,2133,18.3,207,0,8.400000000000034,4087.6204493652876,0.08798076923076924,0,1
303.4,311.8,1341,47.0,210,1,8.400000000000034,6600.172005926797,0.22274881516587677,0,1
303.4,311.7,1406,47.1,213,0,8.300000000000011,6934.814455387181,0.22009345794392524,1,0
303.4,311.8,1306,61.0,215,1,8.400000000000034,8342.604011362815,0.2824074074074074,1,0
303.3,311.7,1508,35.5,217,0,8.399999999999977,5606.067370575865,0.1628440366972477,1,0
303.3,311.6,1301,45.1,219,1,8.300000000000011,6144.44210362155,0.20500000000000002,1,0
303.3,311.7,1539,38.5,221,0,8.399999999999977,6204.802570472521,0.17342342342342343,1,0
303.3,311.6,1484,44.6,223,0,8.300000000000011,6931.0236002518495,0.19910714285714287,1,0
303.2,311.5,1507,39.2,225,0,8.300000000000011,6186.256701840831,0.17345132743362834,1,0
303.2,311.5,1544,42.5,227,0,8.300000000000011,6871.710330952074,0.18640350877192982,1,0
303.2,311.5,1513,37.9,0,0,8.300000000000011,6004.913501900114,37.9,1,0
303.2,311.5,1336,58.2,2,1,8.300000000000011,8142.505503280171,19.400000000000002,0,1
303.2,311.4,2102,19.0,5,0,8.199999999999989,4182.297579968972,3.1666666666666665,0,1
303.2,311.4,1351,53.8,8,1,8.199999999999989,7611.429737166326,5.977777777777778,1,0
303.3,311.5,1601,35.2,10,0,8.199999999999989,5901.50274371945,3.2,1,0
303.2,311.3,1393,52.9,12,0,8.100000000000023,7716.767338841193,4.069230769230769,1,0
303.3,311.3,1592,33.7,14,0,8.0,5618.256750071795,2.246666666666667,1,0
303.3,311.3,1409,51.8,16,0,8.0,7643.096991114511,3.0470588235294116,1,0
303.3,311.3,1393,47.4,18,0,8.0,6914.45693499192,2.494736842105263,1,0
303.2,311.2,1475,43.1,20,0,8.0,6657.296632344572,2.0523809523809526,0,0
303.2,311.2,1427,45.6,25,0,8.0,6814.240129342405,1.7538461538461538,1,0
303.3,311.2,1763,27.3,27,0,7.899999999999977,5040.151341933713,0.975,1,0
303.2,311.2,1363,46.7,29,1,8.0,6665.632324852096,1.5566666666666669,1,0
303.2,311.2,1404,50.9,31,0,8.0,7483.650691969318,1.590625,1,0
303.2,311.2,1688,31.9,33,0,8.0,5638.865597879343,0.9382352941176471,0,1
303.3,311.4,1510,37.3,36,0,8.099999999999966,5898.130767604596,1.008108108108108,1,0
303.3,311.3,1502,39.5,38,0,8.0,6212.918351494293,1.0128205128205128,0,0
303.2,311.4,1607,36.6,43,0,8.199999999999989,6159.218061068933,0.8318181818181819,0,0
303.3,311.5,1384,54.8,48,0,8.199999999999989,7942.281331491379,1.1183673469387754,0,1
303.4,311.7,1295,51.3,51,1,8.300000000000011,6956.899851741916,0.9865384615384615,1,0
303.4,311.7,1991,19.0,53,0,8.300000000000011,3961.4436164216095,0.35185185185185186,0,0
303.4,311.6,1497,42.8,58,0,8.200000000000045,6709.562262124792,0.7254237288135593,1,0
303.5,311.6,1465,48.7,60,0,8.100000000000023,7471.283288889686,0.798360655737705,1,0
303.5,311.6,1361,46.5,62,1,8.100000000000023,6627.346782380349,0.7380952380952381,1,0
303.6,311.7,1546,38.5,64,0,8.099999999999966,6233.024544477268,0.5923076923076923,1,0
303.7,311.9,1332,52.7,66,1,8.199999999999989,7350.949818281685,0.7865671641791045,0,0
303.7,312.0,2663,11.4,71,1,8.300000000000011,3179.103269873655,0.15833333333333333,0,1
303.7,312.1,1443,45.9,74,0,8.400000000000034,6935.97684466901,0.612,1,0
303.7,312.0,1402,48.6,76,0,8.300000000000011,7135.310898539282,0.6311688311688312,0,1
303.7,312.0,1892,22.5,79,0,8.300000000000011,4457.919975443917,0.28125,1,0
303.6,312.0,1645,35.7,81,0,8.399999999999977,6149.8246990347,0.43536585365853664,0,1
303.6,311.9,1473,50.1,84,0,8.299999999999955,7728.035184492069,0.5894117647058824,1,0
303.6,312.0,1309,52.9,86,1,8.399999999999977,7251.434634991472,0.6080459770114942,1,0
303.6,311.9,1544,37.1,88,0,8.299999999999955,5998.5989006663995,0.41685393258426967,0,0
303.5,311.9,1344,49.3,93,1,8.399999999999977,6938.64719842456,0.524468085106383,1,0
303.6,311.9,1617,36.0,95,0,8.299999999999955,6095.946385025634,0.375,0,1
303.6,312.0,1435,37.9,98,0,8.399999999999977,5695.340961815376,0.3828282828282828,0,1
303.6,312.0,1391,50.3,101,0,8.399999999999977,7326.958522383771,0.49313725490196075,1,0
303.6,312.0,1827,23.3,103,0,8.399999999999977,4457.825727664309,0.22403846153846155,1,0
303.5,312.0,1761,25.8,105,0,8.5,4757.8164101555985,0.24339622641509434,1,0
303.5,312.1,1522,36.4,107,0,8.600000000000023,5801.558209433247,0.337037037037037,1,0
303.5,312.2,1818,23.6,109,0,8.699999999999989,4492.98014945798,0.21454545454545457,0,1
303.6,312.2,1371,54.6,112,1,8.599999999999966,7838.964821090324,0.4831858407079646,0,0
303.7,312.3,1511,38.9,117,0,8.600000000000023,6155.20729444785,0.3296610169491525,1,0
303.7,312.4,1404,46.6,119,0,8.699999999999989,6851.436586360908,0.38833333333333336,1,0
303.7,312.3,1384,45.9,121,0,8.600000000000023,6652.385275829458,0.3762295081967213,1,0
303.8,312.5,1368,52.6,123,0,8.699999999999989,7535.298475194334,0.4241935483870968,1,0
303.7,312.5,1641,36.0,125,0,8.800000000000011,6186.42425344902,0.2857142857142857,1,0
303.9,312.6,1642,32.3,127,0,8.700000000000045,5553.979764379346,0.25234375,1,0
303.9,312.7,1401,50.0,129,0,8.800000000000011,7335.618846132166,0.38461538461538464,0,0
303.8,312.6,1577,41.3,134,0,8.800000000000011,6820.408122918952,0.3059259259259259,1,0
303.7,312.6,1396,44.1,136,0,8.900000000000034,6446.925116284687,0.3218978102189781,1,0
303.7,312.6,1514,35.5,138,0,8.900000000000034,5628.372678416354,0.25539568345323743,0,0
303.8,312.8,1646,35.8,143,0,9.0,6170.800065985167,0.2486111111111111,1,0
303.8,312.8,1443,40.7,145,0,9.0,6150.2016901531315,0.2787671232876712,1,0
303.7,312.7,1469,48.5,147,0,9.0,7460.91603313284,0.3277027027027027,0,1
303.7,312.7,1564,40.2,150,0,9.0,6584.024219687346,0.2662251655629139,0,0
303.6,312.6,1498,40.2,155,0,9.0,6306.181765403864,0.2576923076923077,0,0
303.6,312.6,1699,27.9,160,0,9.0,4963.936304157624,0.1732919254658385,1,0
303.6,312.5,1431,49.0,162,0,8.899999999999977,7342.844509235424,0.3006134969325153,1,0
303.5,312.4,1390,47.3,164,0,8.899999999999977,6885.00973985227,0.2866666666666666,1,0
303.5,312.5,1380,46.1,166,0,9.0,6662.061381202517,0.2760479041916168,1,0
303.5,312.5,1457,46.4,168,0,9.0,7079.558100913575,0.27455621301775146,1,0
303.5,312.5,1418,42.2,170,0,9.0,6266.3882584583935,0.24678362573099416,1,0
303.5,312.5,1353,51.0,172,0,9.0,7225.977262521883,0.2947976878612717,0,1
303.5,312.4,1574,32.7,175,0,8.899999999999977,5389.904852057864,0.18579545454545457,1,0
303.5,312.4,1318,54.2,177,0,8.899999999999977,7480.718538825967,0.3044943820224719,0,1
303.6,312.5,1710,31.4,180,0,8.899999999999977,5622.822531395012,0.1734806629834254,1,0
303.7,312.6,1621,38.8,182,0,8.900000000000034,6586.328054299977,0.21202185792349726,1,0
303.6,312.6,1606,33.6,184,0,9.0,5650.845537865033,0.18162162162162163,1,0
303.6,312.5,1375,54.0,186,0,8.899999999999977,7775.441817634736,0.2887700534759358,0,0
303.5,312.4,1503,36.5,191,0,8.899999999999977,5744.873405986975,0.19010416666666666,1,0
303.5,312.3,1404,48.6,193,0,8.800000000000011,7145.489658736913,0.25051546391752577,1,0
303.4,312.2,1656,32.7,195,0,8.800000000000011,5670.700403435721,0.16683673469387755,1,0
303.4,312.1,1499,39.4,197,0,8.700000000000045,6184.811569220177,0.198989898989899,0,1
303.4,312.0,1748,28.4,200,0,8.600000000000023,5198.623747356294,0.14129353233830846,0,1
303.4,311.9,1531,37.9,203,0,8.5,6076.353318842746,0.1857843137254902,1,0
303.3,311.8,1536,40.6,205,0,8.5,6530.491480870175,0.19708737864077672,0,1
303.4,311.8,1401,53.0,208,1,8.400000000000034,7775.755976900096,0.2535885167464115,1,0
303.4,311.9,1534,33.2,210,0,8.5,5333.251464538129,0.15734597156398106,0,0
303.4,312.0,1521,35.9,215,1,8.600000000000023,5718.107036578389,0.1662037037037037,1,0
303.5,312.1,1674,30.8,0,0,8.600000000000023,5399.266798165562,30.8,1,0
303.6,312.1,1967,20.9,2,0,8.5,4305.060548895748,6.966666666666666,0,1
303.6,312.2,1696,30.7,5,0,8.599999999999966,5452.464433766349,5.116666666666666,1,0
303.6,312.1,1627,32.5,7,0,8.5,5537.31885133981,4.0625,0,1
303.5,311.9,1405,45.6,10,0,8.399999999999977,6709.185271006363,4.1454545454545455,1,0
303.5,311.9,1565,38.9,12,0,8.399999999999977,6375.181612052206,2.9923076923076923,1,0
303.5,311.9,1493,38.7,14,0,8.399999999999977,6050.613203034335,2.58,1,0
303.4,311.8,1499,45.0,16,0,8.400000000000034,7063.87108159665,2.6470588235294117,1,0
303.3,311.8,1692,30.6,18,0,8.5,5421.886265271408,1.6105263157894738,1,0
303.4,311.8,2268,15.8,20,0,8.400000000000034,3752.569592859936,0.7523809523809524,1,0
303.4,311.8,1438,58.9,22,0,8.400000000000034,8869.574763075967,2.5608695652173914,1,0
303.5,311.9,1515,39.2,24,0,8.399999999999977,6219.096817046355,1.568,1,0
303.4,311.9,1491,38.2,26,0,8.5,5964.439316546366,1.414814814814815,1,0
303.5,312.0,1756,29.7,28,0,8.5,5461.470332706639,1.0241379310344827,1,0
303.5,312.0,1366,54.5,30,1,8.5,7796.0716093933115,1.7580645161290323,1,0
303.5,312.0,1436,45.1,32,0,8.5,6782.028332667597,1.3666666666666667,1,0
303.4,311.9,1377,41.6,34,1,8.5,5998.682676470495,1.1885714285714286,1,0
303.4,311.9,1510,42.2,36,0,8.5,6672.95223573496,1.1405405405405407,0,1
303.4,311.9,1419,50.9,39,0,8.5,7563.604225003178,1.2725,0,1
303.3,311.8,1315,62.0,42,1,8.5,8537.801634905862,1.441860465116279,1,0
303.3,311.8,1806,27.7,44,0,8.5,5238.731413567123,0.6155555555555555,0,0
303.3,311.8,1649,29.4,49,0,8.5,5076.876560054177,0.588,0,0
303.4,311.9,1402,50.0,54,0,8.5,7340.85483388815,0.9090909090909091,0,0
303.4,311.9,1298,63.9,59,1,8.5,8685.686873085844,1.065,1,0
303.3,311.8,1441,44.9,61,0,8.5,6775.462404021595,0.7241935483870967,0,1
303.3,311.8,1489,49.4,64,0,8.5,7702.829139434765,0.76,0,1
303.3,311.8,1842,24.5,67,0,8.5,4725.897828795126,0.3602941176470588,1,0
303.4,311.8,1316,50.9,69,1,8.400000000000034,7014.589964837338,0.7271428571428571,0,1
303.3,311.8,1583,33.3,72,0,8.5,5520.186699402233,0.4561643835616438,0,1
303.3,311.8,1548,33.5,75,0,8.5,5430.5570609953165,0.4407894736842105,0,1
303.4,311.9,1434,44.6,78,0,8.5,6697.4985463350085,0.5645569620253165,1,0
303.5,312.0,1397,52.9,80,0,8.5,7738.926039024512,0.6530864197530865,0,0
303.5,312.0,1475,42.9,85,0,8.5,6626.404304584271,0.49883720930232556,0,1
303.5,312.0,1441,56.8,88,0,8.5,8571.186292838009,0.6382022471910112,1,0
303.7,312.1,1363,51.8,90,1,8.400000000000034,7393.570758615386,0.5692307692307692,1,0
303.7,312.2,1619,34.9,92,0,8.5,5916.990795501648,0.37526881720430105,1,0
303.7,312.2,1487,34.0,94,0,8.5,5294.421379339759,0.35789473684210527,1,0
303.7,312.2,1568,33.8,96,0,8.5,5549.979469733776,0.34845360824742266,1,0
303.7,312.3,1375,46.2,98,0,8.600000000000023,6652.322443976386,0.4666666666666667,1,0
303.6,312.3,1698,31.3,100,0,8.699999999999989,5565.582713246606,0.3099009900990099,0,1
303.7,312.3,1606,37.4,103,0,8.600000000000023,6289.929259409292,0.3596153846153846,1,0
303.7,312.3,1349,51.0,105,0,8.600000000000023,7204.614432477472,0.4811320754716981,1,0
303.7,312.4,1535,38.6,107,0,8.699999999999989,6204.750210594961,0.3574074074074074,1,0
303.6,312.4,1504,49.5,109,0,8.799999999999955,7796.176329148431,0.45,0,1
303.5,312.3,1946,21.1,112,0,8.800000000000011,4299.855977066302,0.18672566371681418,1,0
303.5,312.1,1326,55.7,114,0,8.600000000000023,7734.412617578855,0.48434782608695653,1,0
303.6,312.3,1915,22.3,116,0,8.699999999999989,4472.004782507511,0.19059829059829062,0,1
303.6,312.3,1451,43.4,119,0,8.699999999999989,6594.559027052382,0.36166666666666664,1,0
303.5,312.3,1624,34.8,121,0,8.800000000000011,5918.2579045385955,0.2852459016393442,0,1
303.6,312.4,1781,28.7,124,0,8.799999999999955,5352.718867014873,0.2296,1,0
303.6,312.5,1345,54.1,126,0,8.899999999999977,7619.880621404483,0.4259842519685039,1,0
303.6,312.4,1418,46.0,128,0,8.799999999999955,6830.660186945168,0.35658914728682173,1,0
303.7,312.4,1718,26.5,130,0,8.699999999999989,4767.57629133275,0.20229007633587787,1,0
303.7,312.4,1631,28.5,132,0,8.699999999999989,4867.740737104705,0.21428571428571427,0,1
303.7,312.4,1513,40.1,135,0,8.699999999999989,6353.483678791414,0.2948529411764706,1,0
303.7,312.4,1316,59.3,137,0,8.699999999999989,8172.204025832105,0.42971014492753623,1,0
303.7,312.4,1474,38.8,139,0,8.699999999999989,5989.048458999486,0.27714285714285714,0,1
303.8,312.5,1619,30.9,142,0,8.699999999999989,5238.825661346731,0.21608391608391608,1,0
303.7,312.4,1702,31.2,144,0,8.699999999999989,5560.870324266221,0.21517241379310345,1,0
303.7,312.4,1540,37.4,146,0,8.699999999999989,6031.439015871924,0.254421768707483,0,1
303.7,312.4,1546,33.7,149,0,8.699999999999989,5455.920185685298,0.22466666666666668,0,1
303.7,312.4,1348,51.0,152,0,8.699999999999989,7199.27372496637,0.3333333333333333,1,0
303.7,312.5,1520,35.6,154,0,8.800000000000011,5666.59538903503,0.2296774193548387,0,0
303.8,312.6,1527,41.9,159,0,8.800000000000011,6700.106068237486,0.26187499999999997,0,1
303.8,312.6,1406,47.1,162,0,8.800000000000011,6934.814455387181,0.2889570552147239,0,1
303.7,312.5,1462,46.2,165,0,8.800000000000011,7073.233027704348,0.27831325301204823,1,0
303.8,312.6,1684,29.3,167,0,8.800000000000011,5166.998381310157,0.1744047619047619,0,1
303.8,312.5,1655,28.0,170,0,8.699999999999989,4852.713452245034,0.16374269005847952,0,0
303.8,312.5,1748,25.1,175,0,8.699999999999989,4594.558311924049,0.14261363636363636,0,0
303.8,312.5,1372,45.7,180,0,8.699999999999989,6565.970533904717,0.25248618784530386,1,0
303.7,312.5,1481,33.3,182,0,8.800000000000011,5164.495579162796,0.18196721311475408,1,0
303.7,312.4,1512,39.2,184,0,8.699999999999989,6206.781773844284,0.21189189189189192,1,0
303.7,312.5,1632,36.6,186,0,8.800000000000011,6255.036637003422,0.19572192513368986,1,0
303.7,312.4,1525,43.9,188,0,8.699999999999989,7010.725805873422,0.23227513227513227,1,0
303.7,312.3,1756,26.4,190,0,8.600000000000023,4854.640295739235,0.1382198952879581,0,1
303.7,312.3,1922,23.1,193,0,8.600000000000023,4649.3686317536785,0.11907216494845362,1,0
303.8,312.5,1448,44.3,195,0,8.699999999999989,6717.395299807743,0.2260204081632653,0,1
303.8,312.5,1447,46.6,198,0,8.699999999999989,7061.274031669682,0.23417085427135678,0,0
303.8,312.4,1597,33.4,203,0,8.599999999999966,5585.730794131628,0.16372549019607843,0,1
303.7,312.4,1642,32.3,206,0,8.699999999999989,5553.979764379346,0.15603864734299516,0,1
303.8,312.5,1525,38.0,209,0,8.699999999999989,6068.509809184284,0.18095238095238095,0,0
303.6,312.4,1460,53.7,214,0,8.799999999999955,8210.238240891566,0.24976744186046512,0,0
303.6,312.3,2168,17.7,219,0,8.699999999999989,4018.4739950597755,0.08045454545454545,1,0
303.6,312.4,1388,41.9,221,0,8.799999999999955,6090.207742445077,0.18873873873873873,1,0
303.6,312.3,1630,32.4,223,0,8.699999999999989,5530.459707379471,0.14464285714285713,0,1
303.6,312.3,1616,29.3,226,0,8.699999999999989,4958.354741209746,0.1290748898678414,1,0
303.6,312.4,2232,16.8,0,0,8.799999999999955,3926.739489574954,16.8,1,0
303.6,312.4,1480,50.7,2,0,8.799999999999955,7857.751545158791,16.900000000000002,0,0
303.6,312.4,1363,53.1,7,0,8.799999999999955,7579.123692711912,6.6375,1,0
303.6,312.4,1436,45.6,9,0,8.799999999999955,6857.217116843513,4.5600000000000005,0,0
303.6,312.5,1607,33.7,14,0,8.899999999999977,5671.192586284783,2.246666666666667,0,1
303.6,312.5,1459,48.2,17,0,8.899999999999977,7364.29111508393,2.677777777777778,0,1
303.5,312.4,1481,43.7,20,0,8.899999999999977,6777.431135417845,2.080952380952381,1,0
303.5,312.4,1606,31.7,22,0,8.899999999999977,5331.303677092903,1.3782608695652174,0,1
303.5,312.3,1681,29.8,25,0,8.800000000000011,5245.810469013212,1.146153846153846,1,0
303.5,312.2,1511,37.1,27,0,8.699999999999989,5870.390504473399,1.325,1,0
303.5,312.3,1593,35.2,29,0,8.800000000000011,5872.013660677754,1.1733333333333333,0,1
303.5,312.3,1532,41.7,32,0,8.800000000000011,6689.958723966393,1.2636363636363637,0,1
303.5,312.3,1386,49.0,35,0,8.800000000000011,7111.937449196574,1.3611111111111112,0,0
303.4,312.3,1769,27.9,40,0,8.900000000000034,5168.453985906319,0.6804878048780487,0,0
303.4,312.2,1561,38.2,45,0,8.800000000000011,6244.459941736337,0.8304347826086957,0,1
303.3,312.2,1457,40.7,48,0,8.899999999999977,6209.871006620313,0.8306122448979593,1,0
303.3,312.2,1506,40.0,50,0,8.899999999999977,6308.318048408305,0.7843137254901961,1,0
303.4,312.2,1337,69.4,52,1,8.800000000000011,9716.715694091967,1.309433962264151,1,0
303.4,312.3,1287,54.8,54,0,8.900000000000034,7385.633001177316,0.9963636363636363,1,0
303.4,312.2,1615,35.7,56,0,8.800000000000011,6037.669841301545,0.6263157894736843,0,1
303.4,312.2,1972,23.5,59,0,8.800000000000011,4852.922891755273,0.39166666666666666,0,1
303.4,312.3,1522,42.1,62,0,8.900000000000034,6710.043972998344,0.6682539682539683,0,0
303.4,312.3,1680,30.6,67,0,8.900000000000034,5383.43317119147,0.45,1,0
303.4,312.3,1502,36.0,69,0,8.900000000000034,5662.406598830243,0.5142857142857142,1,0
303.5,312.3,1543,33.3,71,0,8.800000000000011,5380.699985582845,0.46249999999999997,0,1
303.5,312.3,1584,35.2,74,0,8.800000000000011,5838.8384422558465,0.4693333333333334,1,0
303.5,312.4,1340,44.5,76,0,8.899999999999977,6244.438997785312,0.577922077922078,1,0
303.4,312.3,1663,33.9,78,0,8.900000000000034,5903.649498699403,0.42911392405063287,1,0
303.3,312.1,1693,30.0,80,0,8.800000000000011,5318.71636252752,0.37037037037037035,0,1
303.3,312.1,1418,44.7,83,0,8.800000000000011,6637.619790357588,0.5321428571428571,1,0
303.4,312.2,1554,36.8,85,0,8.800000000000011,5988.629579979006,0.42790697674418604,0,0
303.4,312.2,1580,35.8,90,0,8.800000000000011,5923.368228588435,0.3934065934065934,1,0
303.4,312.3,1479,42.8,92,0,8.900000000000034,6628.886162780607,0.46021505376344085,1,0
303.5,312.4,1284,70.6,94,1,8.899999999999977,9492.887689499204,0.743157894736842,1,0
303.4,312.3,1540,38.7,96,0,8.900000000000034,6241.087965621484,0.3989690721649485,1,0
303.5,312.4,1606,30.1,98,0,8.899999999999977,5062.215794337426,0.30404040404040406,0,1
303.6,312.5,1286,62.4,101,0,8.899999999999977,8403.383357234265,0.6117647058823529,1,0
303.6,312.6,1502,39.5,103,0,9.0,6212.918351494293,0.3798076923076923,1,0
303.6,312.7,1699,31.5,105,0,9.099999999999966,5604.444214371511,0.2971698113207547,0,1
303.5,312.6,1602,34.2,108,0,9.100000000000023,5737.4278313979685,0.3137614678899083,1,0
303.6,312.6,1436,42.0,110,0,9.0,6315.85787077692,0.3783783783783784,0,0
303.6,312.7,1765,27.5,115,0,9.099999999999966,5082.835114120487,0.23706896551724138,0,1
303.6,312.7,1418,44.1,118,0,9.099999999999966,6548.524222701781,0.37058823529411766,1,0
303.7,312.7,1669,31.7,120,0,9.0,5540.439500042376,0.26198347107438014,0,1
303.7,312.7,1395,53.9,123,0,9.0,7873.930747324777,0.4346774193548387,1,0
303.8,312.7,1500,41.7,125,0,8.899999999999977,6550.220682734719,0.330952380952381,0,1
303.8,312.7,1555,33.4,128,0,8.899999999999977,5438.829921649769,0.2589147286821705,0,1
303.8,312.7,1919,20.2,131,0,8.899999999999977,4059.3356435074675,0.15303030303030302,0,1
303.8,312.7,1596,36.6,134,0,8.899999999999977,6117.057887657758,0.27111111111111114,1,0
303.8,312.7,1374,53.6,136,0,8.899999999999977,7712.232973444512,0.39124087591240875,0,1
303.7,312.5,1670,26.1,139,0,8.800000000000011,4564.41996640061,0.18642857142857144,1,0
303.7,312.6,1702,29.1,141,0,8.900000000000034,5186.580975517533,0.20492957746478874,1,0
303.8,312.5,1366,45.1,143,0,8.699999999999989,6451.4280657548325,0.31319444444444444,0,1
303.8,312.5,2344,15.2,146,0,8.699999999999989,3731.0392112073337,0.10340136054421768,0,1
303.8,312.6,1768,23.9,149,0,8.800000000000011,4424.954196532247,0.15933333333333333,0,1
303.8,312.5,1523,47.0,152,0,8.699999999999989,7495.944791220366,0.30718954248366015,1,0
303.8,312.6,1735,25.9,154,0,8.800000000000011,4705.739275934591,0.16709677419354838,1,0
303.9,312.7,1339,62.3,156,0,8.800000000000011,8735.690556155483,0.3968152866242038,1,0
303.9,312.7,1800,24.3,158,0,8.800000000000011,4580.442088933918,0.15283018867924528,1,0
304.0,312.7,1456,51.2,160,0,8.699999999999989,7806.564528856302,0.31801242236024846,0,1
303.9,312.7,1789,24.4,163,0,8.800000000000011,4571.18486258134,0.14878048780487804,1,0
303.9,312.7,1602,33.9,165,0,8.800000000000011,5687.099517087459,0.20421686746987952,1,0
303.8,312.7,1364,49.3,167,0,8.899999999999977,7041.900876972544,0.2934523809523809,0,1
303.8,312.6,1793,28.1,170,0,8.800000000000011,5276.126838120355,0.16432748538011696,1,0
303.9,312.6,1426,53.4,172,0,8.700000000000045,7974.241800753899,0.3086705202312139,1,0
303.9,312.7,1485,43.3,174,0,8.800000000000011,6733.532614071683,0.24742857142857141,0,1
303.9,312.7,1528,38.4,177,0,8.800000000000011,6144.452575597061,0.2157303370786517,1,0
303.8,312.6,1565,36.0,179,0,8.800000000000011,5899.911003441631,0.2,1,0
303.8,312.7,1838,27.8,181,0,8.899999999999977,5350.802495496183,0.15274725274725276,1,0
303.8,312.6,1811,24.9,183,0,8.800000000000011,4722.222165390425,0.13532608695652174,0,0
303.8,312.7,1461,38.2,188,0,8.899999999999977,5844.430477179236,0.20211640211640214,1,0
303.8,312.7,1414,41.7,190,0,8.899999999999977,6174.674696924594,0.21832460732984293,1,0
303.7,312.7,1426,45.5,192,0,9.0,6794.531871428884,0.23575129533678757,1,0
303.7,312.7,1359,56.8,194,1,9.0,8083.443561392681,0.29128205128205126,1,0
303.7,312.7,1540,44.8,196,0,9.0,7224.825345215567,0.22741116751269033,1,0
303.6,312.7,1429,47.7,198,0,9.099999999999966,7138.044084147906,0.23969849246231156,1,0
303.7,312.7,1612,36.3,200,0,9.0,6127.739302679963,0.1805970149253731,0,1
303.7,312.8,1685,31.8,203,0,9.100000000000023,5611.19863857673,0.15588235294117647,0,1
303.7,312.8,1558,37.7,206,0,9.100000000000023,6150.882368561409,0.1821256038647343,0,1
303.7,313.0,1811,24.3,209,0,9.300000000000011,4608.4336794774035,0.11571428571428571,1,0
303.8,313.1,1869,25.8,211,0,9.300000000000011,5049.607535821018,0.12169811320754717,1,0
303.8,313.1,1256,58.7,213,1,9.300000000000011,7720.69432965818,0.27429906542056076,1,0
303.8,313.0,1789,23.5,215,0,9.199999999999989,4402.575584863176,0.1087962962962963,0,1
303.7,312.9,1502,40.5,0,0,9.199999999999989,6370.207423684023,40.5,1,0
303.7,313.0,1303,54.4,2,0,9.300000000000011,7422.871346097867,18.133333333333333,0,1
303.8,313.1,2497,13.0,5,1,9.300000000000011,3399.307970939276,2.1666666666666665,1,0
303.9,313.2,1499,37.4,7,0,9.300000000000011,5870.861743371437,4.675,1,0
303.9,313.2,1393,46.5,9,0,9.300000000000011,6783.169777998402,4.65,1,0
303.9,313.0,1475,41.0,11,0,9.100000000000023,6332.927190861425,3.4166666666666665,0,1
303.8,312.9,1573,34.6,14,0,9.099999999999966,5699.4564481915795,2.3066666666666666,1,0
303.8,312.9,1819,23.7,16,0,9.099999999999966,4514.500059135068,1.3941176470588235,1,0
303.5,312.6,1642,29.4,18,0,9.100000000000023,5055.325234450551,1.5473684210526315,0,1
303.6,312.6,1540,39.8,21,0,9.0,6418.483230794186,1.8090909090909089,1,0
303.6,312.8,1400,43.2,23,0,9.199999999999989,6333.450789637022,1.8,0,1
303.6,312.8,2659,11.4,26,1,9.199999999999989,3174.328049040199,0.4222222222222222,0,1
303.6,312.8,1825,25.2,29,0,9.199999999999989,4816.061537953153,0.84,0,1
303.7,312.9,1532,41.3,32,0,9.199999999999989,6625.786458029064,1.2515151515151515,0,1
303.7,312.8,1832,23.6,35,0,9.100000000000023,4527.579556549514,0.6555555555555556,1,0
303.6,312.7,2174,17.6,37,0,9.099999999999966,4006.82915829047,0.46315789473684216,0,1
303.7,312.8,1627,31.7,40,0,9.100000000000023,5401.0156180760605,0.7731707317073171,1,0
303.7,312.8,1437,51.3,42,0,9.100000000000023,7719.741379886591,1.1930232558139535,1,0
303.7,312.8,1364,46.3,44,0,9.100000000000023,6613.387639022896,1.0288888888888887,1,0
303.7,312.9,1444,52.7,46,0,9.199999999999989,7969.047700899964,1.1212765957446809,0,1
303.7,312.8,1366,47.3,49,0,9.100000000000023,6766.131873840433,0.946,0,1
303.8,312.9,1442,48.3,52,0,9.099999999999966,7293.584336427135,0.911320754716981,1,0
303.7,312.8,1488,42.8,54,0,9.100000000000023,6669.224212452699,0.7781818181818181,0,0
303.7,312.8,1523,40.7,59,0,9.100000000000023,6491.169212822743,0.6783333333333333,1,0
303.7,312.8,1543,38.3,61,0,9.100000000000023,6188.61289633102,0.6177419354838709,1,0
303.7,312.8,1634,33.8,63,0,9.100000000000023,5783.588299454713,0.528125,0,1
303.8,312.9,1815,27.8,66,0,9.099999999999966,5283.844684072674,0.41492537313432837,0,1
303.8,312.9,1594,35.2,69,0,9.099999999999966,5875.6997960579665,0.5028571428571429,0,1
303.8,313.0,1452,38.6,72,0,9.199999999999989,5869.249059142596,0.5287671232876713,1,0
303.9,313.0,1759,28.4,74,0,9.100000000000023,5231.338198855676,0.37866666666666665,1,0
303.9,313.0,1408,47.5,76,0,9.100000000000023,7003.657222402844,0.6168831168831169,1,0
303.9,313.0,1483,45.0,78,0,9.100000000000023,6988.472857910494,0.569620253164557,1,0
303.9,313.0,1620,36.6,80,0,9.100000000000023,6209.043720554867,0.4518518518518519,0,1
304.0,313.1,1466,39.5,83,0,9.100000000000023,6064.006859714138,0.47023809523809523,0,1
304.1,313.1,1556,36.3,86,0,9.0,5914.864984472719,0.4172413793103448,1,0
304.0,313.0,1350,61.1,88,0,9.0,8637.809001045136,0.6865168539325843,1,0
304.0,313.1,1404,47.1,90,0,9.100000000000023,6924.94985445491,0.5175824175824176,1,0
304.0,313.0,1575,34.5,92,0,9.0,5690.209693814513,0.3709677419354839,0,1
303.9,313.1,1639,29.0,95,0,9.200000000000045,4977.434680592549,0.3020833333333333,1,0
303.9,313.1,1473,42.8,97,0,9.200000000000045,6601.994129665878,0.436734693877551,0,1
303.9,313.2,1481,40.0,100,0,9.300000000000011,6203.598293288645,0.39603960396039606,1,0
304.0,313.3,1294,54.6,102,0,9.300000000000011,7398.70202661625,0.5300970873786408,1,0
303.9,313.2,1630,29.3,104,0,9.300000000000011,5001.310784759831,0.27904761904761904,0,1
303.9,313.2,1624,39.8,107,0,9.300000000000011,6768.582316110233,0.36851851851851847,0,1
303.9,313.1,1437,48.3,110,0,9.200000000000045,7268.294515565738,0.43513513513513513,0,1
303.8,313.0,1514,45.0,113,0,9.199999999999989,7134.556916302419,0.39473684210526316,0,1
304.0,313.1,1694,31.4,116,0,9.100000000000023,5570.211326422895,0.26837606837606837,0,1
304.0,313.1,1564,50.9,119,0,9.100000000000023,8336.488377663827,0.42416666666666664,1,0
303.9,313.1,1514,41.1,121,0,9.200000000000045,6516.228650222877,0.3368852459016394,0,1
304.0,313.2,1500,40.6,124,0,9.199999999999989,6377.43308678728,0.32480000000000003,0,1
304.0,313.2,1615,37.8,127,0,9.199999999999989,6392.82689078987,0.2953125,1,0
304.1,313.2,1586,41.1,129,0,9.099999999999966,6826.115349572975,0.3161538461538462,0,1
304.1,313.3,1732,28.5,132,0,9.199999999999989,5169.176552216646,0.21428571428571427,1,0
304.1,313.3,1689,32.5,134,0,9.199999999999989,5748.329157905923,0.24074074074074073,0,0
304.1,313.2,1586,34.6,139,0,9.099999999999966,5746.559394044402,0.24714285714285716,0,0
304.0,313.2,1314,47.1,144,0,9.199999999999989,6481.042812502672,0.32482758620689656,1,0
304.1,313.2,1569,35.8,146,0,9.099999999999966,5882.129589022313,0.24353741496598638,1,0
304.1,313.2,1468,39.4,148,0,9.099999999999966,6056.906860317026,0.2644295302013423,1,0
304.1,313.2,1412,47.5,150,0,9.099999999999966,7023.553975875581,0.31456953642384106,1,0
304.1,313.2,1510,46.9,152,0,9.099999999999966,7416.148337819184,0.30653594771241827,0,1
304.1,313.2,1410,42.4,155,0,9.099999999999966,6260.56584007374,0.2717948717948718,0,1
304.1,313.3,1680,29.3,158,0,9.199999999999989,5154.725226010132,0.18427672955974844,0,1
304.0,313.2,1271,68.6,161,1,9.199999999999989,9130.578280736207,0.42345679012345677,0,0
304.0,313.1,1472,45.5,166,0,9.100000000000023,7013.710318894332,0.27245508982035926,0,0
304.0,313.0,1701,30.4,171,0,9.0,5415.100425139654,0.17674418604651163,0,0
303.9,313.0,1480,39.9,176,0,9.100000000000023,6183.910979326149,0.22542372881355932,1,0
303.9,313.0,1433,48.4,178,0,9.100000000000023,7263.068999785266,0.27039106145251396,1,0
303.8,312.9,1514,34.3,180,0,9.099999999999966,5438.117827314955,0.18950276243093922,1,0
303.8,312.9,1619,35.7,182,0,9.099999999999966,6052.623822332632,0.19508196721311477,1,0
303.8,312.9,1378,45.6,184,0,9.099999999999966,6580.254308503037,0.2464864864864865,0,0
303.9,312.9,1430,53.5,189,0,9.0,8011.584865429572,0.28157894736842104,0,1
303.8,312.9,1367,49.9,192,0,9.099999999999966,7143.280071903888,0.25854922279792747,1,0
303.9,312.9,1526,42.5,194,0,9.0,6791.599718285535,0.21794871794871795,1,0
303.9,312.8,1419,47.9,196,0,8.900000000000034,7117.812227458787,0.2431472081218274,1,0
304.0,312.8,1542,42.7,198,0,8.800000000000011,6895.104724245807,0.21457286432160805,1,0
304.0,312.9,1363,62.5,200,1,8.899999999999977,8920.814139256017,0.31094527363184077,1,0
304.0,312.9,1313,53.9,202,0,8.899999999999977,7411.090373646905,0.2655172413793103,1,0
304.0,312.9,1495,46.6,0,0,8.899999999999977,7295.511179921337,46.6,0,0
304.0,313.0,1407,42.1,5,0,9.0,6203.0432785865105,7.016666666666667,1,0
304.1,313.0,1566,37.2,7,0,8.899999999999977,6100.470278446804,4.65,1,0
304.1,313.1,1550,30.9,9,0,9.0,5015.552671456105,3.09,1,0
304.2,313.2,1396,50.5,11,0,9.0,7382.533296425775,4.208333333333333,0,1
304.3,313.3,1540,39.0,14,0,9.0,6289.468492486766,2.6,0,1
304.2,313.2,1380,48.7,17,0,9.0,7037.795862571856,2.7055555555555557,0,1
304.2,313.1,1608,31.1,20,0,8.900000000000034,5236.909289828042,1.480952380952381,0,1
304.2,313.0,1442,40.9,23,0,8.800000000000011,6176.1407734962695,1.7041666666666666,0,0
304.1,313.0,1408,45.3,28,0,8.899999999999977,6679.277308944186,1.5620689655172413,1,0
304.0,313.0,1454,46.8,30,0,9.0,7125.886120578512,1.5096774193548386,0,1
304.1,313.1,1666,34.6,33,0,9.0,6036.423676215621,1.0176470588235293,1,0
304.1,313.2,1366,46.6,35,0,9.099999999999966,6665.998843995016,1.2944444444444445,1,0
304.2,313.2,1464,44.9,37,0,9.0,6883.606495133667,1.181578947368421,1,0
304.3,313.3,1775,24.9,39,0,9.0,4628.351376901162,0.6224999999999999,1,0
304.3,313.4,1482,43.8,41,0,9.099999999999966,6797.526856425307,1.0428571428571427,0,1
304.2,313.4,1411,54.8,44,0,9.199999999999989,8097.224681166428,1.2177777777777776,0,1
304.2,313.3,1410,51.6,47,0,9.100000000000023,7618.990503485967,1.075,1,0
304.1,313.3,1494,39.0,49,0,9.199999999999989,6101.601251802096,0.78,0,1
304.1,313.2,1590,43.4,52,0,9.099999999999966,7226.291421787241,0.8188679245283018,0,0
304.1,313.1,1327,54.1,57,0,9.0,7517.904523868959,0.9327586206896552,1,0
304.1,313.1,1969,20.8,59,0,9.0,4288.818514876691,0.3466666666666667,1,0
304.0,313.0,1377,56.0,61,0,9.0,8075.149756787205,0.9032258064516129,0,1
304.0,313.0,1541,45.9,64,0,9.0,7407.027247148262,0.7061538461538461,1,0
304.0,313.0,1685,28.2,66,0,9.0,4975.9686040208735,0.4208955223880597,0,1
304.0,313.1,1465,41.0,69,0,9.100000000000023,6289.992091262364,0.5857142857142857,1,0
303.9,313.1,1483,47.2,71,0,9.200000000000045,7330.131530963897,0.6555555555555556,0,1
303.9,313.2,1570,40.7,74,0,9.300000000000011,6691.487632391141,0.5426666666666667,0,1
303.9,313.2,1345,48.2,77,0,9.300000000000011,6788.877004652423,0.617948717948718,1,0
303.9,313.2,1608,40.6,79,0,9.300000000000011,6836.608269035965,0.5075000000000001,0,1
304.0,313.3,1415,52.8,82,0,9.300000000000011,7823.82234450002,0.636144578313253,0,1
304.1,313.5,1470,45.8,85,0,9.399999999999977,7050.3622331862125,0.5325581395348837,0,1
304.1,313.5,1428,39.9,88,0,9.399999999999977,5966.638431403878,0.44831460674157303,0,1
304.2,313.5,1627,32.2,91,0,9.300000000000011,5486.205138865905,0.35000000000000003,0,0
304.2,313.4,1457,49.4,96,0,9.199999999999989,7537.288150541607,0.5092783505154639,1,0
304.2,313.4,1475,40.2,98,0,9.199999999999989,6209.357879820227,0.40606060606060607,1,0
304.2,313.5,1438,50.1,100,0,9.300000000000011,7544.409093889744,0.49603960396039604,1,0
304.2,313.5,1437,47.2,102,0,9.300000000000011,7102.763998648093,0.45825242718446607,0,1
304.1,313.4,1518,42.4,105,0,9.299999999999955,6740.0985427176865,0.39999999999999997,0,1
304.1,313.5,1587,33.6,108,0,9.399999999999977,5583.992446196642,0.30825688073394497,0,1
304.1,313.4,1399,43.7,111,0,9.299999999999955,6402.178364922057,0.39017857142857143,1,0
304.1,313.5,1469,44.6,113,0,9.399999999999977,6860.966084076797,0.3912280701754386,1,0
304.1,313.4,1374,56.6,115,0,9.299999999999955,8143.88780404775,0.48793103448275865,1,0
304.0,313.3,1519,36.7,117,0,9.300000000000011,5837.84360458221,0.3110169491525424,1,0
303.9,313.2,1540,44.4,119,0,9.300000000000011,7160.317976061856,0.37,1,0
303.9,313.3,1394,51.6,121,0,9.400000000000034,7532.533873659176,0.42295081967213116,1,0
304.0,313.4,1389,45.8,123,0,9.399999999999977,6661.872885643299,0.3693548387096774,0,1
304.0,313.5,1732,26.2,126,0,9.5,4752.014935721969,0.20629921259842518,0,1
304.1,313.6,1556,37.4,129,0,9.5,6094.103317335529,0.2876923076923077,1,0
304.1,313.6,1441,43.7,131,0,9.5,6594.38100346868,0.33106060606060606,0,1
304.1,313.6,1382,46.7,134,0,9.5,6758.55016356977,0.34592592592592597,1,0
304.2,313.8,1481,44.9,136,0,9.600000000000023,6963.539084216504,0.32773722627737223,0,1
304.2,313.7,2113,18.4,139,0,9.5,4071.4203032482756,0.13142857142857142,0,1
304.2,313.8,1401,53.9,142,0,9.600000000000023,7907.797116130475,0.3769230769230769,1,0
304.1,313.6,1611,31.4,144,0,9.5,5297.2907006300375,0.21655172413793103,1,0
304.2,313.6,1512,33.4,146,0,9.400000000000034,5288.431409346915,0.22721088435374148,0,1
304.2,313.6,1411,46.0,149,0,9.400000000000034,6796.940425796637,0.30666666666666664,1,0
304.2,313.6,1424,43.7,151,0,9.400000000000034,6516.584697390285,0.28750000000000003,0,1
304.2,313.6,1469,40.0,154,0,9.400000000000034,6153.332810831208,0.25806451612903225,1,0
304.2,313.5,1684,29.8,156,0,9.300000000000011,5255.17241512091,0.18980891719745224,0,0
304.2,313.5,1532,41.3,161,0,9.300000000000011,6625.786458029064,0.25493827160493826,0,1
304.2,313.5,1557,37.3,164,0,9.300000000000011,6081.714970304873,0.22606060606060605,0,1
304.3,313.5,1416,48.1,167,0,9.199999999999989,7132.42063329798,0.2863095238095238,0,1
304.3,313.5,1802,25.4,170,0,9.199999999999989,4793.106967630923,0.1485380116959064,1,0
304.3,313.5,2245,15.1,172,0,9.199999999999989,3549.947338678906,0.08728323699421965,0,1
304.2,313.4,1434,42.5,175,0,9.199999999999989,6382.145475767665,0.24147727272727273,1,0
304.1,313.3,1725,28.3,177,0,9.199999999999989,5112.1566455539905,0.15898876404494383,0,1
304.2,313.3,1668,35.7,180,0,9.100000000000023,6235.810089963453,0.1972375690607735,1,0
304.1,313.3,1452,43.9,182,0,9.199999999999989,6675.130406641449,0.23989071038251367,1,0
304.1,313.3,1415,50.0,184,0,9.199999999999989,7408.922674715929,0.2702702702702703,1,0
304.1,313.2,1824,25.8,186,0,9.099999999999966,4928.027900127093,0.13796791443850268,1,0
304.1,313.3,1438,45.5,188,0,9.199999999999989,6851.708857724219,0.24074074074074073,1,0
304.1,313.3,1883,24.5,190,0,9.199999999999989,4831.088822812824,0.12827225130890052,1,0
304.2,313.4,1735,28.9,192,0,9.199999999999989,5250.80560133242,0.14974093264248703,1,0
304.3,313.5,1464,36.7,194,0,9.199999999999989,5626.466778873176,0.18820512820512822,1,0
304.3,313.6,1489,40.3,196,0,9.300000000000011,6283.886929538887,0.20456852791878172,0,1
304.4,313.6,1510,38.9,199,0,9.200000000000045,6151.133695973695,0.1945,0,1
304.3,313.6,1585,32.1,202,0,9.300000000000011,5327.98406085561,0.158128078817734,0,1
304.4,313.7,1509,35.0,205,1,9.300000000000011,5530.77386664483,0.16990291262135923,1,0
304.4,313.6,1568,39.1,0,0,9.200000000000045,6420.242522680197,39.1,1,0
304.3,313.5,1525,42.0,2,0,9.199999999999989,6707.300315414209,14.0,0,1
304.4,313.7,1607,33.5,5,0,9.300000000000011,5637.535656989324,5.583333333333333,1,0
304.5,313.7,1670,32.9,7,0,9.199999999999989,5753.617505539466,4.1125,1,0
304.4,313.6,1585,38.9,9,0,9.200000000000045,6456.653581535302,3.8899999999999997,1,0
304.4,313.6,1569,38.4,11,0,9.200000000000045,6309.323358057453,3.1999999999999997,1,0
304.4,313.6,1507,43.1,13,0,9.200000000000045,6801.726118605607,3.0785714285714287,1,0
304.3,313.5,1452,41.5,15,0,9.199999999999989,6310.203004000458,2.59375,1,0
304.3,313.5,1590,29.8,17,0,9.199999999999989,4961.831437079719,1.6555555555555557,1,0
304.3,313.6,1409,56.0,19,0,9.300000000000011,8262.807557961634,2.8,1,0
304.3,313.5,2643,12.7,21,0,9.199999999999989,3515.033772322012,0.5772727272727273,1,0
304.2,313.4,1644,31.7,23,0,9.199999999999989,5457.449094110045,1.3208333333333333,1,0
304.2,313.4,1568,37.6,25,0,9.199999999999989,6173.941658638757,1.4461538461538461,1,0
304.2,313.3,1625,37.3,27,0,9.100000000000023,6347.326157190378,1.332142857142857,0,0
304.2,313.4,1482,41.4,32,0,9.199999999999989,6425.059631415702,1.2545454545454544,1,0
304.1,313.3,1397,49.6,34,0,9.199999999999989,7256.157495947369,1.4171428571428573,0,0
304.1,313.3,1459,50.3,39,0,9.199999999999989,7685.141972795055,1.2574999999999998,1,0
304.2,313.4,1490,44.0,41,0,9.199999999999989,6865.427145644895,1.0476190476190477,1,0
304.1,313.2,1434,50.1,43,0,9.099999999999966,7523.4232549637645,1.1386363636363637,1,0
304.1,313.2,2028,18.9,45,0,9.099999999999966,4013.8244379324624,0.41086956521739126,0,1
304.2,313.3,1464,45.9,48,0,9.100000000000023,7036.916216628849,0.936734693877551,1,0
304.2,313.4,1713,23.5,50,0,9.199999999999989,4215.546102219464,0.46078431372549017,0,1
304.3,313.4,1624,32.1,53,0,9.099999999999966,5459.0827222899115,0.5944444444444444,0,1
304.2,313.4,1421,43.4,56,0,9.199999999999989,6458.213905886585,0.7614035087719297,1,0
304.2,313.5,1546,41.4,58,0,9.300000000000011,6702.525094580751,0.7016949152542372,0,0
304.2,313.4,1639,32.7,63,0,9.199999999999989,5612.486691564703,0.5109375,1,0
304.1,313.4,1696,29.6,65,0,9.299999999999955,5257.099258615112,0.4484848484848485,0,0
304.1,313.3,1470,39.9,70,0,9.199999999999989,6142.127797033404,0.5619718309859155,1,0
304.1,313.3,1480,38.4,72,0,9.199999999999989,5951.433122960504,0.5260273972602739,0,1
304.2,313.4,1329,54.5,75,0,9.199999999999989,7584.904223194518,0.7171052631578947,0,1
304.2,313.4,1740,28.2,78,0,9.199999999999989,5138.388944211466,0.3569620253164557,1,0
304.2,313.5,1739,28.1,80,0,9.300000000000011,5117.225081701782,0.3469135802469136,0,1
304.2,313.5,1390,47.8,83,0,9.300000000000011,6957.789969660434,0.569047619047619,0,1
304.2,313.4,1740,23.7,86,0,9.199999999999989,4318.433261624529,0.27241379310344827,1,0
304.0,313.3,1844,27.1,88,0,9.300000000000011,5233.097490741686,0.3044943820224719,0,1
304.0,313.1,1388,53.2,91,0,9.100000000000023,7732.67426964387,0.5782608695652174,0,0
304.0,313.2,1517,43.1,96,0,9.199999999999989,6846.860333062179,0.4443298969072165,0,0
304.0,313.1,1450,42.8,101,0,9.100000000000023,6498.908002726085,0.41960784313725485,0,1
304.0,313.2,1584,38.7,104,0,9.199999999999989,6419.40476463924,0.3685714285714286,1,0
304.0,313.1,1720,28.7,106,0,9.100000000000023,5169.385991726885,0.26822429906542056,1,0
303.9,313.1,1586,31.9,108,0,9.200000000000045,5298.128458670994,0.2926605504587156,1,0
303.9,313.0,1901,22.5,110,0,9.100000000000023,4479.125725855647,0.20270270270270271,0,1
304.0,313.0,1397,42.4,113,0,9.0,6202.844311051783,0.3719298245614035,1,0
304.0,313.0,2012,21.1,115,0,9.0,4445.68870804594,0.18189655172413793,1,0
304.0,313.0,2354,15.0,117,0,9.0,3697.6545532751866,0.1271186440677966,1,0
304.0,313.1,1648,35.7,119,0,9.100000000000023,6161.040184808015,0.29750000000000004,1,0
304.0,313.2,1632,30.6,121,0,9.199999999999989,5229.620794871714,0.25081967213114753,1,0
304.1,313.2,1427,46.9,123,0,9.099999999999966,7008.505747064886,0.3782258064516129,0,1
304.1,313.2,1452,48.0,126,0,9.099999999999966,7298.548052819808,0.3779527559055118,1,0
304.0,313.2,1416,46.0,128,0,9.199999999999989,6821.02596947416,0.35658914728682173,1,0
303.9,313.1,1310,62.9,130,0,9.200000000000045,8628.803102104846,0.4801526717557252,1,0
304.0,313.1,1408,39.8,132,0,9.100000000000023,5868.327525297541,0.2992481203007519,0,0
303.9,313.1,1668,34.4,137,0,9.200000000000045,6008.735772961982,0.24927536231884057,0,1
303.9,313.0,1551,36.8,140,0,9.100000000000023,5977.068519013797,0.26099290780141843,1,0
303.9,313.0,1517,36.0,142,0,9.100000000000023,5718.9552665948595,0.2517482517482518,0,0
303.8,312.9,1570,35.8,147,0,9.099999999999966,5885.878556255598,0.24189189189189186,0,0
303.8,312.8,1428,53.3,152,0,9.0,7970.471889569591,0.3483660130718954,1,0
303.8,312.8,1503,40.0,154,0,9.0,6295.751677793945,0.25806451612903225,1,0
303.8,312.8,1416,58.7,156,0,9.0,8704.222269742026,0.37388535031847137,1,0
303.7,312.7,1396,47.3,158,0,9.0,6914.72920635523,0.29748427672955974,0,1
303.7,312.7,1335,51.1,161,0,9.0,7143.824614630511,0.3154320987654321,1,0
303.7,312.6,1671,30.5,163,0,8.900000000000034,5337.09467955102,0.18597560975609756,0,1
303.7,312.7,1989,22.4,166,0,9.0,4665.642081699273,0.1341317365269461,1,0
303.7,312.7,1468,43.3,168,0,9.0,6656.448402328102,0.25621301775147926,1,0
303.7,312.6,1711,27.6,170,0,8.900000000000034,4945.243827868765,0.16140350877192983,0,0
303.8,312.7,1488,41.3,175,0,8.899999999999977,6435.489719025619,0.2346590909090909,0,1
303.8,312.7,1664,29.3,178,0,8.899999999999977,5105.632604810036,0.16368715083798882,1,0
303.8,312.7,1507,38.5,180,0,8.899999999999977,6075.7878321651015,0.212707182320442,0,1
303.7,312.6,1466,42.5,183,0,8.900000000000034,6524.564342730401,0.23097826086956522,1,0
303.7,312.5,1433,53.6,185,0,8.800000000000011,8043.398727034923,0.2881720430107527,1,0
303.7,312.5,1397,45.7,187,0,8.800000000000011,6685.612854128926,0.24308510638297873,1,0
303.7,312.6,1429,43.3,189,0,8.900000000000034,6479.608151857532,0.22789473684210526,0,1
303.7,312.7,1572,37.2,192,0,9.0,6123.843727789512,0.1927461139896373,1,0
303.7,312.7,1532,42.7,194,0,9.0,6850.389388809712,0.218974358974359,0,1
303.7,312.7,1316,51.8,197,0,9.0,7138.620042801063,0.2616161616161616,0,1
303.8,312.8,1420,47.9,200,0,9.0,7122.8283037290175,0.23830845771144277,0,1
303.8,312.9,1589,37.2,203,0,9.099999999999966,6190.068500927186,0.1823529411764706,1,0
303.8,313.0,1365,59.9,205,1,9.199999999999989,8562.2536977263,0.29077669902912623,1,0
303.8,313.0,1633,32.9,207,0,9.199999999999989,5626.142147632305,0.15817307692307692,1,0
303.9,313.0,1626,31.4,209,0,9.100000000000023,5346.613705291396,0.1495238095238095,1,0
303.9,313.1,1665,29.6,0,0,9.200000000000045,5161.0084113173125,29.6,1,0
303.9,313.2,1350,47.2,2,0,9.300000000000011,6672.742796224721,15.733333333333334,0,1
303.9,313.2,1590,31.9,5,0,9.300000000000011,5311.490699424262,5.316666666666666,1,0
304.0,313.2,1437,53.9,7,0,9.199999999999989,8110.995328964665,6.7375,0,1
303.9,313.0,1403,48.3,10,0,9.100000000000023,7096.323733708232,4.390909090909091,1,0
303.9,313.1,1440,41.1,12,0,9.200000000000045,6197.733987001944,3.161538461538462,1,0
303.9,313.1,1343,61.4,14,0,9.200000000000045,8635.211951118168,4.093333333333333,0,1
303.9,313.1,1790,26.7,17,0,9.200000000000045,5004.871256433899,1.4833333333333334,0,0
303.8,313.1,2117,18.6,22,0,9.300000000000011,4123.4660215427475,0.8086956521739131,0,1
303.8,313.1,1458,42.2,25,0,9.300000000000011,6443.155205100378,1.623076923076923,1,0
303.6,312.9,1381,57.8,27,0,9.299999999999955,8358.919349210457,2.064285714285714,1,0
303.6,312.9,1450,45.3,29,0,9.299999999999955,6878.5171150348515,1.51,1,0
303.7,312.9,1461,50.1,31,0,9.199999999999989,7665.077667714128,1.565625,1,0
303.7,312.9,1511,41.0,33,0,9.199999999999989,6487.493549418043,1.2058823529411764,0,1
303.8,313.1,1394,45.4,36,0,9.300000000000011,6627.461974110979,1.227027027027027,1,0
303.8,313.0,1499,42.3,38,0,9.199999999999989,6640.0388167008505,1.0846153846153845,1,0
303.7,313.0,1457,44.1,40,0,9.300000000000011,6728.631729532083,1.075609756097561,1,0
303.7,313.0,1753,29.0,42,0,9.300000000000011,5323.6381910181435,0.6744186046511628,1,0
303.7,313.0,1694,28.0,44,0,9.300000000000011,4967.067424835703,0.6222222222222222,1,0
303.7,313.1,1683,28.4,46,0,9.400000000000034,5005.311079405402,0.6042553191489362,1,0
303.7,313.1,1496,47.4,48,0,9.400000000000034,7425.719723437122,0.9673469387755101,1,0
303.7,313.1,1721,34.8,50,0,9.400000000000034,6271.749909920519,0.6823529411764705,1,0
303.6,313.0,1593,31.6,52,0,9.399999999999977,5271.466809017529,0.5962264150943396,1,0
303.6,313.0,1575,38.3,54,0,9.399999999999977,6316.9574282056765,0.6963636363636363,1,0
303.5,313.0,1465,41.0,56,0,9.5,6289.992091262364,0.7192982456140351,1,0
303.6,313.1,1405,38.3,58,0,9.5,5635.127102621572,0.6491525423728813,1,0
303.5,313.0,1902,21.6,60,0,9.5,4302.222643532006,0.35409836065573774,0,1
303.4,312.9,1422,39.9,63,0,9.5,5941.568522028231,0.6234375,0,1
303.5,312.9,1332,52.9,66,0,9.399999999999977,7378.847161045562,0.7895522388059701,1,0
303.4,312.9,1307,54.3,68,0,9.5,7431.9714928177655,0.7869565217391304,0,1
303.5,313.0,1322,59.5,71,0,9.5,8237.151217957318,0.8263888888888888,1,0
303.5,313.0,1547,40.3,73,0,9.5,6528.65888515558,0.5445945945945946,1,0
303.5,313.1,1897,23.6,75,0,9.600000000000023,4688.2196609030725,0.3105263157894737,1,0
303.5,313.0,1403,51.9,77,0,9.5,7625.24227286661,0.6653846153846154,0,1
303.5,313.0,1393,51.6,80,0,9.5,7527.130334295001,0.6370370370370371,1,0
303.5,313.0,1482,38.5,82,0,9.5,5974.995067862428,0.463855421686747,1,0
303.5,312.9,1572,44.7,84,0,9.399999999999977,7358.4896406503,0.5258823529411765,0,1
303.5,312.9,1544,36.9,87,0,9.399999999999977,5966.261440285448,0.4193181818181818,1,0
303.5,313.0,1492,46.1,89,0,9.5,7202.7504208363425,0.5122222222222222,0,1
303.4,312.8,1513,35.8,92,0,9.400000000000034,5672.187423958419,0.38494623655913973,1,0
303.4,312.8,1449,43.9,94,0,9.400000000000034,6661.33881489219,0.46210526315789474,1,0
303.5,312.8,1877,22.3,96,0,9.300000000000011,4383.265262019111,0.22989690721649486,1,0
303.4,312.8,1376,53.4,98,0,9.400000000000034,7694.640054584408,0.5393939393939394,1,0
303.5,312.9,1883,23.3,100,0,9.399999999999977,4594.464064144441,0.2306930693069307,0,1
303.4,312.8,1518,38.7,103,0,9.400000000000034,6151.929566112606,0.3721153846153846,0,1
303.5,312.9,1438,42.8,106,0,9.399999999999977,6445.123936496628,0.39999999999999997,0,1
303.4,312.9,1389,54.1,109,0,9.5,7869.15552649132,0.4918181818181818,1,0
303.5,312.9,1504,44.8,111,0,9.399999999999977,7055.93332415858,0.39999999999999997,1,0
303.5,312.9,1275,64.4,113,0,9.399999999999977,8598.539092875264,0.5649122807017545,1,0
303.6,313.0,1534,39.7,115,0,9.399999999999977,6377.412142836257,0.3422413793103449,1,0
303.6,313.0,1396,38.2,117,0,9.399999999999977,5584.411325217121,0.32372881355932204,0,1
303.6,313.1,1395,44.1,120,0,9.5,6442.306975083909,0.36446280991735536,1,0
303.6,313.0,1617,30.9,122,0,9.399999999999977,5232.353980480336,0.25121951219512195,1,0
303.7,313.1,1423,41.2,124,0,9.400000000000034,6139.467915253365,0.3296,1,0
303.5,313.0,1606,34.0,126,0,9.5,5718.117508553903,0.2677165354330709,1,0
303.5,312.9,1501,44.0,128,0,9.399999999999977,6916.1115071228105,0.34108527131782945,1,0
303.5,312.9,1618,30.4,130,0,9.399999999999977,5150.8715390217285,0.23206106870229007,0,1
303.6,313.0,1522,35.8,133,0,9.399999999999977,5705.928129057973,0.2671641791044776,1,0
303.6,312.9,1480,41.4,135,0,9.299999999999955,6416.388835691793,0.3044117647058823,1,0
303.7,313.0,1469,39.9,137,0,9.300000000000011,6137.94947880413,0.2891304347826087,0,1
303.8,313.2,1381,52.4,140,0,9.399999999999977,7577.982247381106,0.37163120567375885,0,0
303.8,313.2,1525,41.9,145,0,9.399999999999977,6691.330552758461,0.28698630136986303,1,0
303.8,313.2,1732,29.6,147,0,9.399999999999977,5368.688629670622,0.2,0,1
303.8,313.1,1523,39.8,150,0,9.300000000000011,6347.629844480225,0.2635761589403973,1,0
303.8,313.1,1422,42.4,152,0,9.300000000000011,6313.847251478622,0.27712418300653596,1,0
303.8,313.2,1506,46.9,154,0,9.399999999999977,7396.502911758737,0.3025806451612903,0,0
303.8,313.2,1531,39.4,159,0,9.399999999999977,6316.842236475045,0.24625,1,0
303.9,313.3,1507,34.3,161,0,9.400000000000034,5412.974614110726,0.21172839506172839,0,1
303.9,313.3,1526,40.7,164,0,9.400000000000034,6503.955494922854,0.24666666666666667,1,0
303.8,313.3,1406,52.1,166,0,9.5,7670.994333878389,0.31197604790419164,1,0
303.9,313.3,1567,35.0,168,0,9.400000000000034,5743.3549695377405,0.20710059171597633,0,1
303.9,313.4,1464,49.1,171,0,9.5,7527.507325413431,0.2854651162790698,0,1
303.9,313.4,1442,48.5,174,0,9.5,7323.785513803646,0.27714285714285714,1,0
303.8,313.2,1336,47.8,176,0,9.399999999999977,6687.48733774557,0.27005649717514124,1,0
303.8,313.2,1379,50.2,178,0,9.399999999999977,7249.308823962544,0.2804469273743017,0,0
303.7,313.1,1406,48.6,183,0,9.400000000000034,7155.668418934542,0.2641304347826087,1,0
303.7,313.1,2130,18.1,185,0,9.400000000000034,4037.260719128243,0.09731182795698926,0,1
303.7,313.1,1355,49.1,188,0,9.400000000000034,6967.057667988525,0.2597883597883598,1,0
303.8,313.2,1710,26.5,190,0,9.399999999999977,4745.375703247383,0.1387434554973822,0,1
303.8,313.1,1309,55.8,193,0,9.300000000000011,7648.9612974012125,0.2876288659793814,1,0
303.9,313.1,1491,37.2,195,0,9.200000000000045,5808.302161662953,0.18979591836734697,1,0
303.9,313.2,1481,44.1,197,0,9.300000000000011,6839.467118350732,0.22272727272727275,1,0
303.9,313.1,1425,49.3,199,0,9.200000000000045,7356.824596543896,0.2465,1,0
303.9,313.2,1680,29.1,201,0,9.300000000000011,5119.539388289927,0.14405940594059408,0,0
304.0,313.2,1612,31.7,206,0,9.199999999999989,5351.221374516662,0.15314009661835748,0,0
304.0,313.3,1530,34.8,211,0,9.300000000000011,5575.698641591164,0.1641509433962264,1,0
304.0,313.2,1481,42.6,213,0,9.199999999999989,6606.8321823524075,0.19906542056074766,1,0
303.9,313.2,1422,48.0,215,1,9.300000000000011,7147.751605447496,0.2222222222222222,0,1
303.8,313.0,1427,43.0,0,0,9.199999999999989,6425.708893897444,43.0,1,0
303.7,312.9,1460,49.8,2,0,9.199999999999989,7613.963955240223,16.599999999999998,0,0
303.6,312.9,1873,23.5,7,0,9.299999999999955,4609.292381469385,2.9375,1,0
303.7,312.9,1566,32.6,9,0,9.199999999999989,5346.111050466822,3.2600000000000002,0,1
303.6,312.8,1701,30.8,12,0,9.199999999999989,5486.351746523072,2.3692307692307693,1,0
303.6,312.8,1710,27.2,14,0,9.199999999999989,4870.725250125615,1.8133333333333332,1,0
303.6,312.8,1689,33.1,16,0,9.199999999999989,5854.452157744187,1.947058823529412,0,1
303.6,312.7,1637,32.9,19,0,9.099999999999966,5639.923267406051,1.645,1,0
303.5,312.6,1496,39.0,21,0,9.100000000000023,6109.76939270143,1.7727272727272727,1,0
303.5,312.7,1402,47.0,23,0,9.199999999999989,6900.403543854861,1.9583333333333333,0,1
303.4,312.7,1363,45.5,26,0,9.300000000000011,6494.35269337838,1.6851851851851851,1,0
303.4,312.7,1576,49.9,28,0,9.300000000000011,8235.412870022332,1.7206896551724138,0,1
303.4,312.7,1357,55.3,31,0,9.300000000000011,7858.39033566502,1.728125,0,1
303.4,312.7,1399,48.4,34,0,9.300000000000011,7090.742170760355,1.3828571428571428,0,1
303.4,312.8,1526,30.8,37,0,9.400000000000034,4921.912266428106,0.8105263157894737,0,1
303.5,312.7,1694,27.3,40,0,9.199999999999989,4842.89073921481,0.6658536585365854,1,0
303.5,312.7,1420,49.1,42,0,9.199999999999989,7301.270766452918,1.1418604651162791,0,1
303.5,312.7,2116,16.7,45,0,9.199999999999989,3700.502930614441,0.3630434782608695,0,1
303.7,312.9,1406,41.9,48,0,9.199999999999989,6169.187381756324,0.8551020408163265,0,1
303.7,313.0,1456,45.5,51,0,9.300000000000011,6937.474337167221,0.875,1,0
303.6,312.9,1588,31.9,53,0,9.299999999999955,5304.809579047629,0.5907407407407407,1,0
303.7,312.8,1448,44.5,55,0,9.100000000000023,6747.722140890397,0.7946428571428571,1,0
303.6,312.7,1403,46.2,57,0,9.099999999999966,6787.787919199179,0.7965517241379311,0,0
303.5,312.6,1405,51.6,62,0,9.100000000000023,7591.972806665095,0.819047619047619,0,1
303.4,312.6,2706,9.8,65,1,9.200000000000045,2777.0422420672335,0.1484848484848485,0,1
303.3,312.4,1505,38.9,68,0,9.099999999999966,6130.765703602921,0.5637681159420289,0,1
303.2,312.4,1663,33.7,71,0,9.199999999999989,5868.819708146605,0.4680555555555556,1,0
303.3,312.6,1482,44.4,73,0,9.300000000000011,6890.6436626777095,0.6,0,1
303.3,312.5,1674,32.7,76,0,9.199999999999989,5732.338451299152,0.4246753246753247,0,1
303.4,312.7,1594,32.8,79,0,9.300000000000011,5475.083900872195,0.41,0,1
303.5,312.7,1393,49.3,82,0,9.199999999999989,7191.618710867123,0.5939759036144578,1,0
303.5,312.8,1404,55.8,84,0,9.300000000000011,8204.080719290529,0.6564705882352941,0,0
303.5,312.8,1375,45.7,89,0,9.300000000000011,6580.32761233162,0.5077777777777778,0,1
303.5,312.8,1607,38.4,92,0,9.300000000000011,6462.1304247280605,0.4129032258064516,1,0
303.4,312.8,1360,50.8,94,0,9.400000000000034,7234.878441707055,0.5347368421052632,1,0
303.5,312.8,1524,39.4,96,0,9.300000000000011,6287.960528013042,0.4061855670103093,1,0
303.4,312.7,1534,35.5,98,0,9.300000000000011,5702.723704551312,0.35858585858585856,1,0
303.3,312.7,1262,63.8,100,0,9.399999999999977,8431.573915312478,0.6316831683168317,1,0
303.3,312.6,1623,34.6,102,0,9.300000000000011,5880.621624548589,0.3359223300970874,1,0
303.3,312.7,1642,33.6,104,0,9.399999999999977,5777.514553657773,0.32,0,1
303.4,312.8,1622,35.1,107,0,9.400000000000034,5961.926042423494,0.325,0,1
303.5,312.9,1530,34.5,110,0,9.399999999999977,5527.632273991241,0.3108108108108108,0,1
303.4,312.8,1590,36.3,113,0,9.400000000000034,6044.110106241402,0.31842105263157894,0,1
303.4,312.7,1589,34.0,116,0,9.300000000000011,5657.58949009474,0.2905982905982906,1,0
303.4,312.6,1462,37.5,118,0,9.200000000000045,5741.260574435348,0.31512605042016806,1,0
303.3,312.5,1328,49.8,120,0,9.199999999999989,6925.578172985628,0.41157024793388425,0,0
303.3,312.6,1692,29.0,125,0,9.300000000000011,5138.388944211465,0.23015873015873015,0,0
303.3,312.5,1968,20.6,130,0,9.199999999999989,4245.422648355103,0.15725190839694658,1,0
303.3,312.6,1827,24.2,132,0,9.300000000000011,4630.0164210075645,0.18195488721804512,0,0
303.3,312.6,1397,47.1,137,0,9.300000000000011,6890.423751191957,0.341304347826087,0,1
303.3,312.6,1463,44.0,140,0,9.300000000000011,6741.02007656274,0.3120567375886525,1,0
303.3,312.7,1643,30.7,142,0,9.399999999999977,5282.07492021115,0.21468531468531468,1,0
303.2,312.6,1281,57.0,144,0,9.400000000000034,7646.3223595721975,0.3931034482758621,1,0
303.2,312.5,1518,39.9,146,0,9.300000000000011,6342.687072038578,0.2714285714285714,1,0
303.2,312.6,1601,35.3,148,0,9.400000000000034,5918.268376514107,0.23691275167785233,1,0
303.1,312.6,1548,36.4,150,0,9.5,5900.664985678493,0.2410596026490066,1,0
303.1,312.6,1404,40.6,152,0,9.5,5969.277369232895,0.265359477124183,0,0
303.1,312.5,1766,26.7,157,0,9.399999999999977,4937.7668373532215,0.16898734177215188,0,1
303.1,312.5,1667,30.0,160,0,9.399999999999977,5237.034953534185,0.18633540372670807,0,1
303.0,312.5,1507,37.9,163,0,9.5,5981.100229585904,0.23109756097560974,0,0
303.0,312.4,1627,37.1,168,0,9.399999999999977,6321.062442606368,0.21952662721893493,0,0
302.9,312.3,1435,47.7,173,0,9.400000000000034,7168.0148780631525,0.27413793103448275,1,0
302.9,312.3,1509,46.8,175,0,9.400000000000034,7395.4347702565165,0.2659090909090909,0,0
302.9,312.3,1809,25.0,180,0,9.400000000000034,4735.950925286614,0.13812154696132597,0,1
302.9,312.3,1515,40.8,183,0,9.400000000000034,6472.937503456409,0.2217391304347826,1,0
302.9,312.3,1530,34.9,185,0,9.400000000000034,5591.720764124472,0.18763440860215053,1,0
302.8,312.3,1336,57.5,187,0,9.5,8044.571588292265,0.3058510638297872,0,0
302.9,312.4,2030,19.1,192,0,9.5,4060.2990652545686,0.0989637305699482,1,0
302.9,312.4,1550,36.9,194,0,9.5,5989.44639406894,0.18923076923076923,1,0
302.9,312.4,1446,41.7,196,0,9.5,6314.412738156269,0.2116751269035533,1,0
302.8,312.3,1494,37.5,198,0,9.5,5866.924280578939,0.1884422110552764,1,0
302.8,312.4,1651,27.0,200,0,9.599999999999966,4668.092523969073,0.13432835820895522,1,0
302.9,312.4,1698,33.8,202,0,9.5,6010.11807372956,0.16650246305418717,1,0
302.8,312.3,1504,40.3,204,0,9.5,6347.190021508723,0.19658536585365852,1,0
302.9,312.4,1421,46.0,206,0,9.5,6845.111513151681,0.2222222222222222,0,1
302.9,312.3,1754,26.9,209,0,9.400000000000034,4940.95031790886,0.1280952380952381,0,0
302.9,312.2,1469,42.0,214,0,9.300000000000011,6460.999451372769,0.19534883720930232,1,0
302.8,312.2,1433,50.0,216,0,9.399999999999977,7503.170454323622,0.2304147465437788,1,0
302.8,312.3,1432,49.0,218,0,9.5,7347.975777236286,0.2237442922374429,0,1
302.8,312.3,1366,49.1,221,0,9.5,7023.616807728654,0.2211711711711712,1,0
302.8,312.3,1483,47.2,223,0,9.5,7330.131530963897,0.21071428571428572,0,0
302.7,312.2,1572,34.4,228,0,9.5,5662.909253654817,0.1502183406113537,1,0
302.8,312.2,1481,40.2,230,0,9.399999999999977,6234.616284755089,0.17402597402597403,1,0
302.8,312.3,1473,42.6,232,0,9.5,6571.143689807627,0.18283261802575107,1,0
302.8,312.3,1262,70.5,234,1,9.5,9317.02133275125,0.3,0,1
302.8,312.4,1529,36.8,237,0,9.599999999999966,5892.28740526892,0.15462184873949578,1,0
302.8,312.4,1523,39.7,239,0,9.599999999999966,6331.681025775501,0.16541666666666668,1,0
302.8,312.3,1416,42.7,241,0,9.5,6331.691497751013,0.17644628099173554,0,1
302.9,312.4,1923,23.9,244,0,9.5,4812.888529373026,0.09755102040816326,1,0
302.8,312.4,1411,53.8,246,1,9.599999999999966,7949.465106692588,0.21781376518218623,0,0
302.7,312.4,1477,46.3,251,1,9.699999999999989,7161.270925833444,0.18373015873015872,1,0
302.6,312.3,1454,54.8,253,1,9.699999999999989,8343.986312130395,0.21574803149606298,0,1
302.7,312.3,1421,48.5,0,0,9.600000000000023,7217.128443214272,48.5,1,0
302.7,312.3,1858,25.4,2,0,9.600000000000023,4942.060347313127,8.466666666666667,1,0
302.8,312.5,1422,46.1,4,0,9.699999999999989,6864.8197710652,9.22,0,0
302.7,312.4,1444,48.7,9,0,9.699999999999989,7364.186395328809,4.87,1,0
302.7,312.4,1360,47.8,11,0,9.699999999999989,6807.621840818842,3.983333333333333,1,0
302.7,312.4,1954,24.8,13,0,9.699999999999989,5074.635557294617,1.7714285714285716,1,0
302.6,312.4,1628,33.0,15,0,9.799999999999955,5625.964124048603,2.0625,1,0
302.7,312.4,1433,44.2,17,0,9.699999999999989,6632.802681622082,2.4555555555555557,1,0
302.7,312.5,1417,51.5,19,0,9.800000000000011,7641.976489734731,2.575,0,1
302.8,312.6,1462,39.4,22,0,9.800000000000011,6032.151110206738,1.7130434782608694,1,0
302.9,312.6,1328,59.9,24,0,9.700000000000045,8330.163304454602,2.396,1,0
302.7,312.5,1527,36.4,26,0,9.800000000000011,5820.617204865024,1.348148148148148,0,0
302.6,312.3,1534,34.3,31,0,9.699999999999989,5509.955579327042,1.071875,1,0
302.6,312.4,1410,50.3,33,0,9.799999999999955,7427.03919235163,1.4794117647058822,0,1
302.6,312.3,1660,30.3,36,0,9.699999999999989,5267.1942430086465,0.818918918918919,1,0
302.6,312.4,1386,45.8,38,0,9.799999999999955,6647.484391289858,1.1743589743589742,1,0
302.6,312.4,1398,41.6,40,0,9.799999999999955,6090.16585454303,1.0146341463414634,1,0
302.6,312.3,1321,53.4,42,0,9.699999999999989,7387.078133797968,1.241860465116279,1,0
302.6,312.3,1512,34.2,44,0,9.699999999999989,5415.100425139655,0.76,1,0
302.6,312.3,1566,36.6,46,0,9.699999999999989,6002.075596536371,0.7787234042553192,0,1
302.7,312.4,1422,44.5,49,0,9.699999999999989,6626.5613842169505,0.89,0,1
302.6,312.3,1647,31.8,52,0,9.699999999999989,5484.655286490133,0.6,1,0
302.6,312.2,1377,45.5,54,0,9.599999999999966,6561.059177389604,0.8272727272727273,1,0
302.5,312.2,1775,27.9,56,0,9.699999999999989,5185.98407291335,0.4894736842105263,1,0
302.6,312.3,1554,42.0,58,0,9.699999999999989,6834.8489771499535,0.711864406779661,1,0
302.7,312.4,1423,51.9,60,0,9.699999999999989,7733.941378680817,0.8508196721311475,1,0
302.7,312.4,1453,47.3,62,0,9.699999999999989,7197.064138133344,0.7507936507936508,1,0
302.8,312.4,1590,34.4,64,0,9.599999999999966,5727.75172602491,0.5292307692307692,1,0
302.8,312.5,1694,28.4,66,0,9.699999999999989,5038.025530904783,0.42388059701492536,1,0
302.8,312.5,1462,43.4,68,0,9.699999999999989,6644.552238146509,0.6289855072463768,1,0
302.8,312.4,1392,46.2,70,0,9.599999999999966,6734.569339647368,0.6507042253521127,1,0
302.9,312.5,1550,45.5,72,0,9.600000000000023,7385.360729814006,0.6232876712328768,1,0
302.9,312.5,1629,30.4,74,0,9.600000000000023,5185.889825133742,0.4053333333333333,1,0
303.0,312.5,1524,42.1,76,0,9.5,6718.861376379418,0.5467532467532468,0,1
302.9,312.5,1679,30.9,79,0,9.600000000000023,5432.976087338579,0.38625,0,1
302.9,312.6,1394,46.4,82,0,9.700000000000045,6773.441312747786,0.5590361445783132,0,1
302.9,312.5,1683,32.1,85,0,9.600000000000023,5657.411466511036,0.3732558139534884,1,0
303.0,312.5,1626,30.5,87,0,9.5,5193.366815649287,0.3465909090909091,1,0
303.0,312.5,1698,30.0,89,0,9.5,5334.424325795469,0.3333333333333333,0,0
303.0,312.6,1392,42.9,94,0,9.600000000000023,6253.528672529698,0.451578947368421,0,1
303.1,312.7,1353,51.8,97,0,9.599999999999966,7339.325925463402,0.5285714285714286,1,0
303.0,312.7,1426,46.8,99,0,9.699999999999989,6988.661353469709,0.46799999999999997,0,1
303.0,312.7,2024,19.9,102,0,9.699999999999989,4217.860408807608,0.1932038834951456,1,0
303.0,312.8,1648,32.1,104,0,9.800000000000011,5539.758821634097,0.3057142857142857,0,1
303.1,312.9,1511,40.1,107,0,9.799999999999955,6345.085154430817,0.3712962962962963,1,0
303.1,312.8,1465,44.1,109,0,9.699999999999989,6765.576859138299,0.40090909090909094,1,0
303.0,312.7,1551,41.8,111,0,9.699999999999989,6789.170219966759,0.37321428571428567,1,0
303.1,312.8,2329,15.1,113,0,9.699999999999989,3682.773876072683,0.1324561403508772,1,0
303.1,312.8,1435,41.9,115,0,9.699999999999989,6296.432356202224,0.3612068965517241,0,0
303.0,312.7,1361,48.8,120,0,9.699999999999989,6955.1510318314195,0.4033057851239669,1,0
303.0,312.7,1553,35.8,122,0,9.699999999999989,5822.146113289771,0.29105691056910565,0,1
303.0,312.6,1451,42.1,125,0,9.600000000000023,6397.026152970168,0.33412698412698416,1,0
303.0,312.5,1461,40.2,127,0,9.5,6150.421601638882,0.3140625,1,0
303.1,312.6,1895,23.5,129,0,9.5,4663.432494866249,0.18076923076923077,0,1
303.1,312.6,1567,32.9,132,0,9.5,5398.753671365475,0.24736842105263157,0,1
303.0,312.5,1602,33.7,135,0,9.5,5653.547307547121,0.24779411764705883,0,1
303.1,312.6,1514,42.1,138,0,9.5,6674.774359474041,0.30287769784172663,1,0
303.1,312.5,1453,49.1,140,0,9.399999999999977,7470.948185673303,0.34822695035460993,1,0
303.0,312.4,1526,36.1,142,0,9.399999999999977,5768.864701884891,0.25244755244755246,0,1
302.9,312.3,1339,52.1,145,0,9.400000000000034,7305.449084682194,0.35684931506849316,0,1
302.9,312.3,1889,22.8,148,0,9.400000000000034,4510.196077199651,0.15302013422818792,1,0
302.9,312.4,1561,34.8,150,0,9.5,5688.6703134142535,0.2304635761589404,1,0
302.9,312.4,1659,33.1,152,0,9.5,5750.465440910365,0.21633986928104576,0,1
302.9,312.4,1424,49.5,155,0,9.5,7381.486098874579,0.3173076923076923,1,0
302.9,312.3,1426,44.7,157,0,9.400000000000034,6675.067574788377,0.2829113924050633,0,1
302.9,312.4,1383,51.4,160,0,9.5,7444.129456387159,0.31925465838509315,1,0
302.8,312.3,1764,29.9,162,0,9.5,5523.296876129287,0.18343558282208589,1,0
302.7,312.2,1439,42.5,164,0,9.5,6404.398423730592,0.25757575757575757,0,1
302.7,312.2,1585,35.5,167,0,9.5,5892.318821195456,0.2113095238095238,0,1
302.7,312.3,1346,61.2,170,0,9.600000000000023,8626.310771932998,0.35789473684210527,1,0
302.8,312.3,1386,57.8,172,0,9.5,8389.18335844004,0.33410404624277457,1,0
302.7,312.2,1369,51.8,174,0,9.5,7426.117658506577,0.296,1,0
302.7,312.1,1378,46.9,176,0,9.400000000000034,6767.849277824395,0.26497175141242935,0,1
302.7,312.2,1336,46.8,179,0,9.5,6547.581744905704,0.26,1,0
302.6,312.1,1445,42.0,181,0,9.5,6355.441938212151,0.23076923076923078,0,1
302.7,312.1,1763,26.5,184,0,9.400000000000034,4892.454599312945,0.14324324324324325,1,0
302.7,312.2,1611,34.1,186,0,9.5,5752.790219474022,0.1823529411764706,1,0
302.7,312.1,1564,32.1,188,0,9.400000000000034,5257.392473929448,0.16984126984126985,0,1
302.7,312.1,1478,36.0,191,0,9.400000000000034,5571.928730406857,0.1875,0,0
302.6,312.0,1781,28.5,196,0,9.399999999999977,5315.41769024125,0.1446700507614213,1,0
302.6,312.1,1782,26.8,198,0,9.5,5001.164177102663,0.13467336683417086,1,0
302.6,312.1,2000,21.9,200,0,9.5,4586.725274241097,0.108955223880597,0,1
302.5,312.0,1826,25.3,203,0,9.5,4837.822303067019,0.12401960784313726,0,1
302.6,312.1,1344,51.0,206,0,9.5,7177.910894921959,0.2463768115942029,1,0
302.6,312.2,1520,43.0,208,0,9.599999999999966,6844.483194620963,0.20574162679425836,1,0
302.6,312.1,1611,39.9,210,0,9.5,6731.270667361098,0.1890995260663507,0,1
302.7,312.2,1450,52.1,213,1,9.5,7911.0539005146975,0.24345794392523365,1,0
302.6,312.1,1499,35.0,215,0,9.5,5494.12195235295,0.16203703703703703,1,0
302.6,312.1,1288,68.5,0,1,9.5,9239.214554697342,68.5,1,0
302.7,312.2,1350,58.6,2,0,9.5,8284.379827516284,19.533333333333335,0,1
302.9,312.4,1334,50.9,5,0,9.5,7110.53420447797,8.483333333333333,0,1
302.8,312.4,1376,57.1,8,0,9.599999999999966,8227.78927184962,6.344444444444445,1,0
302.8,312.4,1368,49.5,10,0,9.599999999999966,7091.2029376828805,4.5,1,0
302.9,312.5,1357,55.0,12,0,9.600000000000023,7815.7589233558065,4.230769230769231,0,0
302.9,312.5,1924,24.0,17,0,9.600000000000023,4835.539412405409,1.3333333333333333,0,1
302.9,312.5,1551,40.0,20,0,9.600000000000023,6496.813607623693,1.9047619047619047,0,1
302.9,312.5,1903,21.2,23,0,9.600000000000023,4224.771912645506,0.8833333333333333,0,1
302.9,312.3,1417,48.7,26,0,9.400000000000034,7226.49038932197,1.8037037037037038,0,0
302.7,312.1,1601,35.2,31,0,9.400000000000034,5901.50274371945,1.1,1,0
302.7,312.1,1543,37.5,33,0,9.400000000000034,6059.346830611313,1.1029411764705883,1,0
302.6,312.1,1439,52.3,35,0,9.5,7881.177354379057,1.4527777777777777,1,0
302.6,312.0,1657,29.3,37,0,9.399999999999977,5084.154583034994,0.7710526315789474,0,0
302.8,312.2,1458,51.0,42,0,9.399999999999977,7786.75155118766,1.186046511627907,1,0
302.8,312.2,1746,27.4,44,0,9.399999999999977,5009.834972826571,0.6088888888888888,1,0
302.9,312.2,1677,30.5,46,0,9.300000000000011,5356.258394737918,0.648936170212766,1,0
302.8,312.1,1520,39.9,48,0,9.300000000000011,6351.043708497126,0.8142857142857143,1,0
302.9,312.2,1367,55.1,50,0,9.300000000000011,7887.6699791964775,1.080392156862745,1,0
302.8,312.2,1509,36.5,52,0,9.399999999999977,5767.807032358181,0.6886792452830188,1,0
302.8,312.1,1418,51.4,54,0,9.300000000000011,7632.5202958474265,0.9345454545454546,1,0
302.8,312.1,1958,20.3,56,0,9.300000000000011,4162.337994643165,0.356140350877193,1,0
302.8,312.2,1682,30.9,58,0,9.399999999999977,5442.683608638173,0.523728813559322,1,0
302.8,312.2,1452,50.3,60,0,9.399999999999977,7648.270147017423,0.8245901639344262,0,1
302.7,312.0,1828,24.0,63,0,9.300000000000011,4594.2650966097135,0.375,1,0
302.7,312.0,1484,41.5,65,0,9.300000000000011,6449.270838799366,0.6287878787878788,0,0
302.6,312.0,1674,32.2,70,0,9.399999999999977,5644.688016263997,0.45352112676056344,1,0
302.6,311.9,1448,49.5,72,0,9.299999999999955,7505.893167956734,0.678082191780822,1,0
302.5,311.8,2023,19.1,74,0,9.300000000000011,4046.29803399507,0.2546666666666667,0,1
302.5,311.9,1452,47.4,77,0,9.399999999999977,7207.31620215956,0.6076923076923076,1,0
302.6,312.0,1496,45.0,79,0,9.399999999999977,7049.733914655496,0.5625,0,1
302.6,311.9,1397,46.9,82,0,9.299999999999955,6861.165051611523,0.5650602409638554,1,0
302.6,311.9,1453,39.1,84,0,9.299999999999955,5949.370143784647,0.46,1,0
302.5,311.9,1524,34.8,86,0,9.399999999999977,5553.833156722179,0.39999999999999997,0,1
302.6,311.9,1633,30.9,89,0,9.299999999999955,5284.127427411497,0.3433333333333333,1,0
302.6,312.0,1363,45.7,91,0,9.399999999999977,6522.899298624,0.4967391304347826,0,1
302.5,311.9,1520,44.9,94,0,9.399999999999977,7146.91384740654,0.4726315789473684,1,0
302.5,311.9,1532,38.8,96,0,9.399999999999977,6224.709795920768,0.39999999999999997,0,1
302.4,311.8,1384,50.9,99,0,9.400000000000034,7377.045981257504,0.509,1,0
302.4,311.8,1539,39.9,101,0,9.400000000000034,6430.43175485334,0.3911764705882353,0,1
302.3,311.8,1355,50.1,104,0,9.5,7108.952936175665,0.47714285714285715,0,1
302.3,311.7,1504,37.3,107,0,9.399999999999977,5874.694486408817,0.3453703703703703,0,1
302.4,311.8,1476,46.6,110,0,9.400000000000034,7202.792308738391,0.4198198198198198,1,0
302.4,311.7,1721,26.9,112,0,9.300000000000011,4847.990591289137,0.23805309734513272,1,0
302.3,311.7,1494,37.1,114,0,9.399999999999977,5804.3437549194305,0.3226086956521739,0,1
302.3,311.7,1465,43.5,117,0,9.399999999999977,6673.528194388118,0.3686440677966102,1,0
302.3,311.8,1363,54.0,119,1,9.5,7707.5834163171985,0.45,0,1
302.4,311.8,1648,30.0,122,0,9.400000000000034,5177.344693115979,0.24390243902439024,1,0
302.3,311.8,1879,23.0,124,0,9.5,4525.673657006336,0.184,0,1
302.3,311.7,1482,39.0,127,0,9.399999999999977,6052.592406406096,0.3046875,0,0
302.4,311.8,1493,38.4,132,0,9.400000000000034,6003.709224716239,0.28872180451127816,1,0
302.4,311.8,1433,42.2,134,0,9.400000000000034,6332.675863449137,0.3125925925925926,1,0
302.3,311.7,1400,41.6,136,0,9.399999999999977,6098.878538168984,0.30364963503649633,1,0
302.4,311.8,1255,59.0,138,0,9.400000000000034,7753.974267835207,0.4244604316546763,1,0
302.2,311.7,1471,45.6,140,0,9.5,7024.349846014491,0.32340425531914896,1,0
302.2,311.6,1357,44.2,142,0,9.400000000000034,6281.028080224121,0.30909090909090914,0,0
302.3,311.7,1453,41.2,147,0,9.399999999999977,6268.901532581265,0.2783783783783784,1,0
302.3,311.7,1540,28.9,149,0,9.399999999999977,4660.657421355578,0.19266666666666665,0,1
302.3,311.8,1605,35.2,152,0,9.5,5916.247285240299,0.2300653594771242,1,0
302.3,311.9,1374,52.4,154,0,9.599999999999966,7539.571041203217,0.33806451612903227,0,0
302.3,311.9,1508,42.3,159,0,9.599999999999966,6679.905627474905,0.26437499999999997,0,1
302.4,311.9,1366,47.3,162,0,9.5,6766.131873840433,0.2901840490797546,0,0
302.5,312.0,1579,35.7,167,0,9.5,5903.084012021757,0.21250000000000002,0,0
302.5,311.9,1306,59.7,172,0,9.399999999999977,8164.8108111206575,0.34508670520231216,1,0
302.5,312.0,1521,40.2,174,0,9.5,6403.0056509875,0.22971428571428573,0,1
302.5,312.0,1411,44.2,177,0,9.5,6530.973191743726,0.24831460674157305,1,0
302.5,312.0,1357,42.0,179,0,9.5,5968.397723289889,0.23333333333333334,0,0
302.5,312.0,1436,43.5,184,0,9.5,6541.424223304667,0.23513513513513515,0,1
302.5,311.9,1553,40.1,187,0,9.399999999999977,6521.454166003348,0.21329787234042555,1,0
302.5,312.0,1451,43.2,189,0,9.5,6564.169354116658,0.22736842105263158,0,1
302.4,311.9,1541,37.9,192,0,9.5,6116.042106033096,0.19637305699481863,1,0
302.3,311.7,1341,46.3,194,0,9.399999999999977,6501.871571795972,0.2374358974358974,0,1
302.3,311.7,1648,32.1,197,0,9.399999999999977,5539.758821634097,0.16212121212121214,1,0
302.3,311.7,1640,31.5,199,0,9.399999999999977,5409.822549481624,0.1575,0,1
302.4,311.8,1416,46.1,202,0,9.400000000000034,6835.854286799104,0.2270935960591133,1,0
302.4,311.9,1671,29.9,204,0,9.5,5232.102653068049,0.14585365853658536,1,0
302.4,312.0,1457,45.5,206,0,9.600000000000023,6942.239086025164,0.21980676328502416,1,0
302.5,312.0,1445,54.8,0,0,9.5,8292.338528905377,54.8,0,1
302.5,312.1,1534,38.6,3,0,9.600000000000023,6200.708028047342,9.65,1,0
302.4,312.0,1508,36.9,5,0,9.600000000000023,5827.151717584491,6.1499999999999995,1,0
302.4,312.1,1492,47.7,7,0,9.700000000000045,7452.737420257995,5.9625,0,1
302.4,312.0,1562,37.9,10,0,9.600000000000023,6199.388559132834,3.4454545454545453,1,0
302.4,312.0,1545,36.4,12,0,9.600000000000023,5889.229588419426,2.8,1,0
302.5,312.2,1738,25.3,14,0,9.699999999999989,4604.674240268608,1.6866666666666668,1,0
302.4,312.0,1305,49.1,16,0,9.600000000000023,6709.970669169759,2.888235294117647,1,0
302.4,312.0,1477,39.7,18,0,9.600000000000023,6140.441808975977,2.0894736842105264,0,0
302.4,312.0,1457,43.4,23,0,9.600000000000023,6621.828051285542,1.8083333333333333,0,0
302.4,312.1,1455,40.4,28,0,9.700000000000045,6155.63664544384,1.393103448275862,1,0
302.5,312.2,1574,38.7,30,0,9.699999999999989,6378.878219407931,1.2483870967741937,1,0
302.6,312.2,1695,27.1,32,0,9.599999999999966,4810.249591544012,0.8212121212121213,1,0
302.6,312.2,1458,38.8,34,0,9.599999999999966,5924.0384350212,1.1085714285714285,0,1
302.5,312.1,1454,47.6,37,0,9.600000000000023,7247.696139733701,1.2526315789473685,0,1
302.5,312.0,2052,18.9,40,0,9.5,4061.325318854741,0.4609756097560975,1,0
302.5,312.0,1673,29.9,42,0,9.5,5238.364894424204,0.6953488372093023,1,0
302.4,311.9,1578,29.9,44,0,9.5,4940.908430006811,0.6644444444444444,1,0
302.5,312.0,1642,29.1,46,0,9.5,5003.740283078607,0.6191489361702128,0,1
302.4,311.8,1557,31.5,49,0,9.400000000000034,5136.032749721273,0.63,0,1
302.5,311.9,1481,42.9,52,0,9.399999999999977,6653.359169552072,0.8094339622641509,1,0
302.5,311.8,1566,37.6,54,0,9.300000000000011,6166.066733053759,0.6836363636363637,0,1
302.5,311.9,1298,57.5,57,0,9.399999999999977,7815.758923355807,0.9913793103448276,0,1
302.5,311.9,1340,59.4,60,0,9.399999999999977,8335.27362850444,0.9737704918032787,0,1
302.5,312.0,1574,33.8,63,0,9.5,5571.216636072043,0.528125,1,0
302.5,311.9,1437,46.7,65,0,9.399999999999977,7027.522854594617,0.7075757575757576,1,0
302.6,311.9,1354,48.0,67,0,9.299999999999955,6805.946324736928,0.7058823529411765,1,0
302.6,311.9,1598,35.5,69,0,9.299999999999955,5940.646988183178,0.5071428571428571,1,0
302.7,312.0,1944,21.4,71,0,9.300000000000011,4356.509364586038,0.2972222222222222,0,1
302.7,312.0,1538,36.7,74,0,9.300000000000011,5910.864689827148,0.4893333333333334,0,1
302.7,312.0,1501,37.0,77,0,9.300000000000011,5815.821040080546,0.47435897435897434,1,0
302.8,312.1,1441,52.1,79,0,9.300000000000011,7861.95080733909,0.65125,1,0
302.7,312.0,1652,31.0,81,0,9.300000000000011,5362.908099188016,0.3780487804878049,0,1
302.8,312.1,1487,36.6,84,0,9.300000000000011,5699.288896583388,0.43058823529411766,1,0
302.9,312.2,1605,33.9,86,0,9.300000000000011,5697.749516183128,0.3896551724137931,1,0
302.9,312.1,1334,54.7,88,0,9.200000000000045,7641.379587130549,0.6146067415730337,1,0
302.9,312.2,1340,57.8,90,0,9.300000000000011,8110.754473527888,0.6351648351648351,1,0
302.9,312.2,1513,37.8,92,0,9.300000000000011,5989.069402950509,0.4064516129032258,1,0
302.9,312.2,1510,41.4,94,0,9.300000000000011,6546.45077155041,0.4357894736842105,1,0
302.9,312.2,1729,23.6,96,0,9.300000000000011,4273.026775804646,0.24329896907216497,1,0
302.9,312.2,1745,25.5,98,0,9.300000000000011,4659.767303437061,0.25757575757575757,0,1
303.1,312.3,1623,31.6,101,0,9.199999999999989,5370.741136870966,0.30980392156862746,0,1
303.1,312.4,1378,50.1,104,0,9.299999999999955,7229.621510000047,0.47714285714285715,0,1
303.1,312.4,1407,41.2,107,0,9.299999999999955,6070.436652678485,0.38148148148148153,1,0
303.0,312.3,1674,29.5,109,0,9.300000000000011,5171.375667074159,0.2681818181818182,0,1
303.0,312.3,1486,42.4,112,0,9.300000000000011,6598.014778971331,0.3752212389380531,1,0
303.0,312.3,1483,38.8,114,0,9.300000000000011,6025.61659748727,0.33739130434782605,0,1
303.0,312.2,1624,28.8,117,0,9.199999999999989,4897.868610652631,0.2440677966101695,0,0
303.0,312.2,1257,71.3,122,1,9.199999999999989,9385.413804819898,0.5796747967479674,0,1
303.0,312.3,1480,41.4,125,0,9.300000000000011,6416.388835691793,0.32857142857142857,1,0
303.1,312.4,1404,61.5,127,1,9.299999999999955,9042.131975562143,0.48046875,1,0
303.0,312.4,1645,29.6,129,0,9.399999999999977,5099.014316286473,0.2276923076923077,0,1
303.0,312.3,1932,21.9,132,0,9.300000000000011,4430.7766149169,0.16466165413533834,1,0
303.0,312.3,1533,38.5,134,0,9.300000000000011,6180.612307039879,0.2851851851851852,1,0
302.9,312.2,1292,54.4,136,0,9.300000000000011,7360.207044634262,0.3970802919708029,0,1
302.9,312.2,1571,40.6,139,0,9.300000000000011,6679.298252895211,0.29000000000000004,1,0
302.9,312.3,1578,36.3,141,0,9.400000000000034,5998.494180911279,0.2556338028169014,1,0
302.8,312.2,1469,36.9,143,0,9.399999999999977,5676.449517991789,0.25625,0,1
302.7,312.1,1728,24.4,146,0,9.400000000000034,4415.319979061239,0.16598639455782313,1,0
302.7,312.1,1603,32.5,148,0,9.400000000000034,5455.637442346475,0.2181208053691275,0,0
302.7,312.1,1597,39.8,153,0,9.400000000000034,6656.050467258646,0.2584415584415584,1,0
302.7,312.1,1688,32.0,155,0,9.400000000000034,5656.542292543542,0.20512820512820512,1,0
302.7,312.2,1405,51.4,157,0,9.5,7562.5465554764705,0.32531645569620254,1,0
302.8,312.2,1615,32.9,159,0,9.399999999999977,5564.127108650442,0.205625,0,1
302.8,312.2,1515,36.8,162,0,9.399999999999977,5838.3357874312715,0.22576687116564415,1,0
302.7,312.2,1376,52.8,164,0,9.5,7608.183424757616,0.32,1,0
302.7,312.2,1447,47.5,166,0,9.5,7197.650568762015,0.2844311377245509,1,0
302.6,312.2,1353,56.5,168,0,9.599999999999966,8005.24932024483,0.3343195266272189,0,1
302.6,312.1,1502,47.3,171,0,9.5,7439.773114574179,0.27499999999999997,1,0
302.6,312.0,1447,45.5,173,0,9.399999999999977,6894.591597445719,0.2614942528735632,1,0
302.5,312.0,1487,46.1,175,0,9.5,7178.612517281262,0.2619318181818182,0,1
302.6,312.1,1519,38.1,178,0,9.5,6060.540635819678,0.21284916201117318,1,0
302.6,312.1,1668,28.7,180,0,9.5,5013.102229186305,0.15856353591160222,1,0
302.6,312.1,1420,51.6,182,0,9.5,7673.02589712771,0.2819672131147541,1,0
302.6,312.1,1473,37.3,184,0,9.5,5753.607033563954,0.20162162162162162,1,0
302.5,312.0,1495,38.8,186,0,9.5,6074.374115470984,0.20748663101604276,1,0
302.5,312.0,1574,42.0,188,0,9.5,6922.813571450468,0.2222222222222222,1,0
302.5,312.0,1383,51.3,190,0,9.5,7429.64671425411,0.268586387434555,1,0
302.5,312.0,1591,29.4,192,0,9.5,4898.308433624133,0.15233160621761657,0,1
302.4,311.8,1644,37.2,195,0,9.400000000000034,6404.32511990201,0.18979591836734697,0,1
302.5,311.8,2370,14.7,198,0,9.300000000000011,3648.3315486138267,0.07386934673366834,0,0
302.5,311.9,1401,44.9,203,0,9.399999999999977,6587.3857238266855,0.22009803921568627,1,0
302.5,311.9,1414,51.6,205,0,9.399999999999977,7640.604660942663,0.2504854368932039,0,1
302.5,312.0,1456,46.3,208,0,9.5,7059.4519079306,0.22153110047846888,1,0
302.5,312.0,1447,45.7,210,0,9.5,6924.897494577349,0.2165876777251185,0,1
302.4,311.8,1727,26.5,213,0,9.400000000000034,4792.551952928789,0.12383177570093458,1,0
302.4,311.7,1495,36.8,215,0,9.300000000000011,5761.262047663201,0.17037037037037037,1,0
302.3,311.6,1544,34.3,0,0,9.300000000000011,5545.874455333085,34.3,1,0
302.3,311.5,1387,47.3,2,0,9.199999999999989,6870.15000660079,15.766666666666666,1,0
302.3,311.5,1316,47.2,4,0,9.199999999999989,6504.688533208691,9.440000000000001,0,1
302.3,311.5,1794,26.1,7,0,9.199999999999989,4903.334981869877,3.2625,1,0
302.2,311.4,1372,55.1,9,0,9.199999999999989,7916.520271731944,5.51,0,1
302.3,311.5,1674,30.0,12,0,9.199999999999989,5259.026102109314,2.3076923076923075,0,1
302.2,311.4,1477,41.7,15,0,9.199999999999989,6449.783965599452,2.60625,1,0
302.2,311.4,1397,53.0,17,0,9.199999999999989,7753.555388814729,2.9444444444444446,1,0
302.2,311.5,1616,34.0,19,0,9.300000000000011,5753.722225294586,1.7,1,0
302.3,311.5,1530,42.3,21,0,9.199999999999989,6777.35783158926,1.9227272727272726,0,1
302.2,311.4,1539,35.1,24,0,9.199999999999989,5656.84597983339,1.4040000000000001,0,1
302.3,311.4,1845,21.9,27,0,9.099999999999966,4231.254065487413,0.7821428571428571,1,0
302.2,311.4,1430,43.1,29,0,9.199999999999989,6454.192667289992,1.4366666666666668,1,0
302.2,311.4,2080,19.2,31,0,9.199999999999989,4182.088140458732,0.6,1,0
302.2,311.4,1432,45.3,33,0,9.199999999999989,6793.1286267102805,1.3323529411764705,0,1
302.2,311.5,1479,39.5,36,0,9.300000000000011,6117.780453968084,1.0675675675675675,0,1
302.2,311.5,1424,45.2,39,0,9.300000000000011,6740.266094325879,1.1300000000000001,1,0
302.2,311.6,1534,37.2,41,0,9.400000000000034,5975.811881952362,0.8857142857142858,0,0
302.1,311.6,1701,26.2,46,0,9.5,4666.961550613781,0.5574468085106383,0,0
302.2,311.6,1462,50.0,51,0,9.400000000000034,7655.01409924713,0.9615384615384616,1,0
302.2,311.7,1393,42.5,53,0,9.5,6199.671302471658,0.7870370370370371,0,1
302.3,311.7,1453,42.5,56,0,9.399999999999977,6466.70667802679,0.7456140350877193,0,1
302.3,311.8,1565,37.8,59,0,9.5,6194.906553613711,0.63,1,0
302.3,311.8,1281,51.7,61,0,9.5,6935.348526138292,0.8338709677419355,1,0
302.2,311.7,1584,36.2,63,0,9.5,6004.714534365387,0.565625,0,1
302.2,311.7,1466,49.0,66,0,9.5,7522.438889265639,0.7313432835820896,0,1
302.2,311.6,1386,50.5,69,0,9.400000000000034,7329.649820090346,0.7214285714285714,0,1
302.2,311.6,1383,44.3,72,0,9.400000000000034,6415.854764940683,0.6068493150684932,1,0
302.3,311.6,1441,53.9,74,0,9.300000000000011,8133.572908168463,0.7186666666666667,0,0
302.2,311.6,1592,37.7,79,0,9.400000000000034,6285.112150673789,0.47125000000000006,0,1
302.2,311.6,1594,36.8,82,0,9.400000000000034,6142.777059515146,0.4433734939759036,0,0
302.2,311.5,1482,45.6,87,0,9.300000000000011,7076.877275182513,0.5181818181818182,1,0
302.2,311.6,1658,31.4,89,0,9.400000000000034,5451.836115235631,0.34888888888888886,1,0
302.3,311.7,2170,18.2,91,0,9.399999999999977,4135.802008695843,0.19782608695652174,1,0
302.3,311.7,1423,44.6,93,0,9.399999999999977,6646.123034473303,0.474468085106383,0,1
302.4,311.8,1543,31.1,96,0,9.400000000000034,5025.218304853649,0.32061855670103095,1,0
302.3,311.8,1435,44.8,98,0,9.5,6732.223617132688,0.4525252525252525,1,0
302.4,311.8,1320,56.4,100,0,9.400000000000034,7796.176329148429,0.5584158415841584,1,0
302.4,311.9,1313,55.7,102,0,9.5,7658.58504289671,0.5407766990291263,0,1
302.4,311.8,1453,42.1,105,0,9.400000000000034,6405.843556351244,0.39716981132075474,0,1
302.4,311.8,1508,45.7,108,0,9.400000000000034,7216.824755924425,0.4192660550458716,1,0
302.4,311.8,1451,42.0,110,0,9.400000000000034,6381.8313165023055,0.3783783783783784,1,0
302.5,311.9,1595,34.6,112,0,9.399999999999977,5779.169125788665,0.30619469026548674,0,0
302.5,311.9,1354,49.4,117,0,9.399999999999977,7004.453092541755,0.4186440677966102,1,0
302.5,311.9,1265,59.8,119,0,9.399999999999977,7921.735315536902,0.4983333333333333,1,0
302.4,311.9,1867,25.9,121,0,9.5,5063.755174737684,0.2122950819672131,1,0
302.5,311.9,1497,41.6,123,0,9.399999999999977,6521.443694027836,0.33548387096774196,1,0
302.5,311.9,1347,54.3,125,0,9.399999999999977,7659.4228009376675,0.4309523809523809,0,1
302.3,311.7,1544,43.2,128,0,9.399999999999977,6984.891442285403,0.33488372093023255,1,0
302.3,311.7,1456,45.4,130,0,9.399999999999977,6922.2271408217985,0.3465648854961832,0,0
302.5,311.8,1335,52.7,135,0,9.300000000000011,7367.5060115661045,0.3875,1,0
302.4,311.9,1452,43.1,137,0,9.5,6553.4879390944525,0.31231884057971016,1,0
302.4,311.9,1290,70.0,139,1,9.5,9456.193887305277,0.5,1,0
302.4,311.8,1448,43.4,141,0,9.400000000000034,6580.924514935803,0.3056338028169014,1,0
302.3,311.7,1611,38.6,143,0,9.399999999999977,6511.956084213995,0.26805555555555555,1,0
302.2,311.7,1556,38.6,145,0,9.5,6289.636044094958,0.26438356164383564,1,0
302.2,311.7,1413,46.5,147,0,9.5,6880.559150259685,0.3141891891891892,0,0
302.2,311.6,1545,35.9,152,0,9.400000000000034,5808.333577589489,0.234640522875817,1,0
302.2,311.7,1330,54.6,154,0,9.5,7604.539177279453,0.35225806451612907,1,0
302.2,311.9,1596,38.0,156,0,9.699999999999989,6351.043708497126,0.24203821656050956,1,0
302.2,311.8,1618,36.0,158,0,9.600000000000023,6099.716296209942,0.22641509433962265,1,0
302.2,311.9,1597,35.8,160,0,9.699999999999989,5987.10067155426,0.22236024844720495,0,0
302.3,312.0,1354,52.2,165,0,9.699999999999989,7401.46662815141,0.3144578313253012,1,0
302.3,312.0,1746,28.1,167,0,9.699999999999989,5137.82345753382,0.16726190476190478,1,0
302.4,312.0,1621,32.5,169,0,9.600000000000023,5516.898499091476,0.19117647058823528,1,0
302.3,312.0,1398,43.3,171,0,9.699999999999989,6339.042824560413,0.2517441860465116,1,0
302.3,311.9,1434,51.9,173,0,9.599999999999966,7793.72588687863,0.2982758620689655,1,0
302.3,311.8,1443,43.4,175,0,9.5,6558.200328074837,0.24659090909090908,0,1
302.2,311.7,1488,44.6,178,0,9.5,6949.705604565197,0.24916201117318437,1,0
302.3,311.8,1475,48.0,180,0,9.5,7414.158662471912,0.26519337016574585,0,1
302.3,311.8,1433,50.3,183,0,9.5,7548.189477049563,0.2733695652173913,1,0
302.3,311.8,1557,34.1,185,0,9.5,5559.95926239668,0.18333333333333335,0,1
302.4,311.9,1398,50.1,188,0,9.5,7334.550704629947,0.2650793650793651,0,1
302.3,311.8,1559,34.4,191,0,9.5,5616.078579165305,0.17916666666666667,0,1
302.4,311.9,1422,46.4,194,0,9.5,6909.493218599247,0.23794871794871794,0,1
302.3,311.8,1463,35.7,197,0,9.5,5469.418562120223,0.18030303030303033,0,1
302.3,311.7,1793,25.3,200,0,9.399999999999977,4750.391779517615,0.12587064676616916,1,0
302.2,311.6,1872,20.4,202,0,9.400000000000034,3999.121784313663,0.10049261083743842,1,0
302.2,311.7,1412,44.5,204,0,9.5,6579.961093188703,0.21707317073170732,1,0
302.3,311.8,1487,43.2,206,0,9.5,6727.029517278753,0.20869565217391306,1,0
302.3,311.8,1369,56.2,208,1,9.5,8056.90757544536,0.26889952153110047,1,0
302.4,311.8,1673,30.1,210,0,9.400000000000034,5273.404124487242,0.14265402843601896,1,0
302.4,311.9,1439,36.6,212,0,9.5,5515.317230789169,0.17183098591549295,0,1
302.3,311.8,1574,42.8,215,0,9.5,7054.676687097143,0.19814814814814813,1,0
302.3,311.7,1281,48.8,0,0,9.399999999999977,6546.325107844267,48.8,1,0
302.2,311.7,1653,31.4,2,0,9.5,5435.395113681844,10.466666666666667,0,1
302.3,311.7,1535,38.3,5,0,9.399999999999977,6156.526763362357,6.383333333333333,0,1
302.3,311.7,1483,40.5,8,0,9.399999999999977,6289.625572119445,4.5,0,1
302.3,311.7,1414,47.0,11,0,9.399999999999977,6959.465485742348,3.9166666666666665,1,0
302.2,311.6,1379,42.9,13,0,9.400000000000034,6195.126465099464,3.064285714285714,0,1
302.2,311.5,1482,42.6,16,0,9.300000000000011,6611.293243920505,2.5058823529411764,0,0
302.1,311.5,1987,20.1,21,0,9.399999999999977,4182.3708837975555,0.9136363636363637,1,0
302.1,311.5,1635,31.6,23,0,9.399999999999977,5410.450868012342,1.3166666666666667,0,1
302.1,311.5,1533,39.4,26,0,9.399999999999977,6325.094153178473,1.4592592592592593,1,0
302.2,311.7,1576,34.0,28,0,9.5,5611.303358331849,1.1724137931034482,0,1
302.2,311.8,1330,62.4,31,0,9.600000000000023,8690.901916890803,1.95,0,0
302.2,311.8,1981,21.8,36,0,9.600000000000023,4522.406400646603,0.5891891891891892,1,0
302.3,311.8,1475,42.8,38,0,9.5,6610.958140704121,1.0974358974358973,0,0
302.3,311.8,1804,25.0,43,0,9.5,4722.860955896656,0.5681818181818182,0,0
302.2,311.6,1416,54.1,48,0,9.400000000000034,8022.11967279461,1.1040816326530614,1,0
302.1,311.5,1727,27.7,50,0,9.399999999999977,5009.573173438773,0.5431372549019607,1,0
302.1,311.4,1391,49.2,52,0,9.299999999999955,7166.72682507518,0.9283018867924528,1,0
302.0,311.5,1366,52.3,54,0,9.5,7481.36780130771,0.9509090909090908,0,1
301.9,311.3,1366,55.6,57,0,9.400000000000034,7953.423513436112,0.9586206896551724,1,0
301.9,311.3,1501,40.8,59,0,9.400000000000034,6413.121579332061,0.6799999999999999,1,0
301.8,311.3,1551,35.8,61,0,9.5,5814.648178823205,0.5774193548387097,1,0
301.9,311.3,1522,35.6,63,0,9.400000000000034,5674.051435599549,0.55625,0,1
301.9,311.2,1369,49.8,66,0,9.300000000000011,7139.394968988948,0.7432835820895521,1,0
301.8,311.2,1334,52.3,68,0,9.399999999999977,7306.1088191394465,0.7579710144927536,1,0
301.8,311.2,1451,39.4,70,0,9.399999999999977,5986.765568337877,0.5549295774647887,0,0
301.7,311.2,1589,37.9,75,0,9.5,6306.548284546783,0.4986842105263158,1,0
301.7,311.3,1708,30.5,77,0,9.600000000000023,5455.270923203557,0.391025641025641,1,0
301.7,311.2,1413,42.6,79,0,9.5,6303.4799957217765,0.5325,0,1
301.6,311.2,1415,46.5,82,0,9.599999999999966,6890.298087485814,0.5602409638554217,0,1
301.7,311.3,1421,45.9,85,0,9.600000000000023,6830.230835949177,0.5337209302325582,1,0
301.7,311.3,1348,51.0,87,0,9.600000000000023,7199.27372496637,0.5795454545454546,1,0
301.6,311.2,1408,42.9,89,0,9.599999999999966,6325.408312443832,0.4766666666666666,1,0
301.6,311.2,1525,43.7,91,0,9.599999999999966,6978.786280561927,0.47500000000000003,1,0
301.6,311.3,1706,29.9,93,0,9.699999999999989,5341.691876800773,0.3180851063829787,1,0
301.6,311.2,1395,46.8,95,0,9.599999999999966,6836.733932742107,0.4875,0,0
301.5,311.1,1602,34.3,100,0,9.600000000000023,5754.203936168136,0.3396039603960396,1,0
301.6,311.1,1907,21.5,102,0,9.5,4293.56231978361,0.2087378640776699,1,0
301.6,311.1,1325,49.2,104,0,9.5,6826.680836250621,0.4685714285714286,1,0
301.6,311.1,1408,44.4,106,0,9.5,6546.576435256554,0.41495327102803736,1,0
301.7,311.1,1489,41.4,108,0,9.400000000000034,6455.407416449378,0.37981651376146786,0,1
301.6,311.1,1680,29.2,111,0,9.5,5137.132307150029,0.26071428571428573,1,0
301.7,311.2,1517,42.4,113,0,9.5,6735.6584251006125,0.3719298245614035,1,0
301.7,311.1,1618,36.7,115,0,9.400000000000034,6218.3218908584695,0.31637931034482764,0,1
301.7,311.1,1455,39.8,118,0,9.400000000000034,6064.216299224377,0.334453781512605,1,0
301.8,311.1,1543,36.4,120,0,9.300000000000011,5881.605990246714,0.3008264462809917,0,0
301.8,311.1,1399,41.8,125,0,9.300000000000011,6123.822783838488,0.33174603174603173,0,1
301.7,311.1,1469,37.2,128,0,9.400000000000034,5722.599514073024,0.28837209302325584,1,0
301.7,311.2,1521,36.7,130,0,9.5,5845.530034607992,0.2801526717557252,1,0
301.7,311.3,1584,38.8,132,0,9.600000000000023,6435.992373850193,0.29172932330827067,1,0
301.8,311.5,1443,43.3,134,0,9.699999999999989,6543.08926741107,0.3207407407407407,1,0
301.8,311.5,1416,49.0,136,0,9.699999999999989,7265.875489222474,0.35766423357664234,0,1
301.7,311.2,1563,34.5,139,0,9.5,5646.8557151949735,0.24642857142857144,0,1
301.8,311.3,1542,40.1,142,0,9.5,6475.262282020067,0.2804195804195804,0,1
301.8,311.3,1624,31.6,145,0,9.5,5374.050281132748,0.21643835616438356,0,1
301.8,311.3,1471,44.2,148,0,9.5,6808.689982321063,0.2966442953020134,1,0
301.9,311.5,1492,40.8,150,0,9.600000000000023,6374.66848525212,0.27019867549668874,0,1
301.9,311.4,1465,39.9,153,0,9.5,6121.236205887032,0.2590909090909091,0,1
301.7,311.1,1399,55.1,156,0,9.400000000000034,8072.311851423463,0.3509554140127389,1,0
301.6,311.0,1431,42.6,158,0,9.399999999999977,6383.779103947532,0.2679245283018868,1,0
301.5,310.9,1600,39.0,160,0,9.399999999999977,6534.51271946677,0.2422360248447205,1,0
301.5,310.8,1593,34.5,162,0,9.300000000000011,5755.240661743821,0.2116564417177914,1,0
301.5,310.9,1469,44.7,164,0,9.399999999999977,6876.349416103875,0.27090909090909093,1,0
301.5,310.8,1413,44.6,166,0,9.300000000000011,6599.418023689935,0.26706586826347306,1,0
301.4,310.8,1490,38.0,168,0,9.400000000000034,5929.2325348751365,0.22485207100591717,1,0
301.5,310.9,1671,31.1,170,0,9.399999999999977,5442.0867060339915,0.18187134502923977,1,0
301.5,310.9,1365,46.5,172,0,9.399999999999977,6646.824656832605,0.26878612716763006,1,0
301.4,310.9,1557,39.3,174,0,9.5,6407.8122877474925,0.22457142857142856,0,1
301.4,310.9,1440,45.4,177,0,9.5,6846.158710702877,0.2550561797752809,1,0
301.4,310.9,1489,38.9,179,0,9.5,6065.588128016445,0.21611111111111111,0,1
301.4,311.0,1733,25.7,182,0,9.600000000000023,4664.018925494918,0.14043715846994534,1,0
301.3,311.0,1580,36.6,184,0,9.699999999999989,6055.733999059686,0.19783783783783784,0,0
301.3,311.0,1856,21.9,189,0,9.699999999999989,4256.481054495739,0.11526315789473683,1,0
301.3,311.1,1454,40.3,191,0,9.800000000000011,6136.1797149426075,0.2098958333333333,1,0
301.4,311.1,1495,36.3,193,0,9.700000000000045,5682.984030711255,0.18711340206185564,1,0
301.2,311.0,1761,29.1,195,0,9.800000000000011,5366.3743230824775,0.14846938775510204,1,0
301.3,311.0,1402,47.5,197,0,9.699999999999989,6973.8120921937425,0.2398989898989899,0,1
301.2,311.0,1670,33.0,200,0,9.800000000000011,5771.105704644449,0.16417910447761194,1,0
301.3,311.0,1582,35.6,202,0,9.699999999999989,5897.732832535143,0.17536945812807883,1,0
301.3,311.0,1542,35.1,204,0,9.699999999999989,5667.87297004749,0.17121951219512196,1,0
301.3,311.0,1539,36.9,206,0,9.699999999999989,5946.940645465871,0.1782608695652174,1,0
301.3,311.0,1418,41.9,208,0,9.699999999999989,6221.84047463049,0.20047846889952153,1,0
301.3,311.1,1723,27.6,210,0,9.800000000000011,4979.927010764397,0.1308056872037915,1,0
301.3,311.1,1303,49.2,212,0,9.800000000000011,6713.332173309101,0.23098591549295777,1,0
301.3,311.0,1463,50.2,214,0,9.699999999999989,7690.891087351127,0.23348837209302326,0,1
301.2,311.0,1544,39.3,217,0,9.800000000000011,6354.310964856859,0.18027522935779816,1,0
301.2,311.0,1596,37.2,219,0,9.800000000000011,6217.337525160345,0.1690909090909091,1,0
301.3,311.1,1413,42.0,221,0,9.800000000000011,6214.698587331329,0.1891891891891892,1,0
301.3,311.1,1492,41.2,223,0,9.800000000000011,6437.1652351075345,0.18392857142857144,0,1
301.3,311.1,1624,40.9,0,0,9.800000000000011,6955.653686655993,40.9,1,0
301.3,311.1,1504,39.1,2,0,9.800000000000011,6158.191807468761,13.033333333333333,1,0
301.2,311.1,1574,34.3,4,0,9.900000000000034,5653.631083351215,6.859999999999999,0,1
301.3,311.2,1438,42.4,7,0,9.899999999999977,6384.8891333517995,5.3,0,1
301.3,311.3,1474,50.7,10,0,10.0,7825.895795651391,4.609090909090909,1,0
301.3,311.2,1675,32.1,12,0,9.899999999999977,5630.519433396307,2.4692307692307693,1,0
301.3,311.2,1457,44.5,14,0,9.899999999999977,6789.66240281582,2.966666666666667,1,0
301.3,311.3,1434,49.8,16,0,10.0,7478.372816311286,2.929411764705882,1,0
301.3,311.2,1668,30.1,18,0,9.899999999999977,5257.643801341735,1.5842105263157895,1,0
301.2,311.1,1550,39.7,20,0,9.900000000000034,6443.930131288264,1.8904761904761906,1,0
301.3,311.1,1834,25.4,22,0,9.800000000000011,4878.223184592182,1.1043478260869564,0,1
301.4,311.2,1476,36.5,25,0,9.800000000000011,5641.6720873165505,1.4038461538461537,0,1
301.4,311.2,1541,36.3,28,0,9.800000000000011,5857.845077810063,1.2517241379310344,0,1
301.3,311.1,1581,30.9,31,0,9.800000000000011,5115.863724885227,0.965625,0,1
301.3,311.1,1678,30.7,34,0,9.800000000000011,5394.596297087225,0.8771428571428571,0,1
301.4,311.2,1355,50.6,37,0,9.800000000000011,7179.900570269234,1.3315789473684212,1,0
301.5,311.2,1700,28.8,39,0,9.699999999999989,5127.079210658542,0.72,1,0
301.4,311.1,1462,37.1,41,0,9.700000000000045,5680.02046164137,0.8833333333333334,1,0
301.4,311.2,1727,26.5,43,0,9.800000000000011,4792.551952928789,0.6022727272727273,0,1
301.4,311.3,1674,33.3,46,0,9.900000000000034,5837.518973341337,0.7085106382978723,1,0
301.4,311.3,1397,42.3,48,0,9.900000000000034,6188.214961261566,0.8632653061224489,1,0
301.4,311.3,2323,15.9,50,0,9.900000000000034,3867.8974591732176,0.31176470588235294,1,0
301.4,311.2,1434,47.6,52,0,9.800000000000011,7148.002932859785,0.8981132075471698,0,1
301.3,311.1,1560,35.3,55,0,9.800000000000011,5766.707474929423,0.6303571428571428,1,0
301.2,311.0,1573,32.8,57,0,9.800000000000011,5402.952933545774,0.5655172413793103,1,0
301.2,310.9,1798,22.3,59,0,9.699999999999989,4198.780469424807,0.3716666666666667,0,0
301.2,311.0,1567,35.1,64,0,9.800000000000011,5759.764555164991,0.54,1,0
301.2,310.9,1416,53.3,66,0,9.699999999999989,7903.493134195059,0.7955223880597014,1,0
301.2,310.9,1424,45.2,68,0,9.699999999999989,6740.266094325879,0.655072463768116,0,1
301.2,310.9,1598,35.9,71,0,9.699999999999989,6007.583855655665,0.4986111111111111,0,0
301.3,310.9,1760,23.9,76,0,9.599999999999966,4404.931779353369,0.3103896103896104,1,0
301.3,311.0,1348,44.5,78,0,9.699999999999989,6281.719230607911,0.5632911392405063,1,0
301.3,311.0,1542,33.6,80,0,9.699999999999989,5425.656176455716,0.41481481481481486,1,0
301.3,310.9,1566,33.1,82,0,9.599999999999966,5428.1066187255165,0.3987951807228916,1,0
301.3,311.0,1554,47.7,84,0,9.699999999999989,7762.435624048876,0.5611764705882353,1,0
301.4,311.0,1470,40.6,86,0,9.600000000000023,6249.884425051534,0.4666666666666667,1,0
301.4,311.1,1758,25.4,88,0,9.700000000000045,4676.072169309191,0.2853932584269663,0,1
301.4,311.0,1486,36.5,91,0,9.600000000000023,5679.894797935226,0.3967391304347826,0,1
301.5,311.1,1402,40.0,94,0,9.600000000000023,5872.68386711052,0.42105263157894735,0,1
301.5,311.1,1459,45.1,97,0,9.600000000000023,6890.65413465322,0.4602040816326531,1,0
301.5,311.0,1494,45.3,99,0,9.5,7087.244530939358,0.45299999999999996,1,0
301.5,311.1,1731,27.9,101,0,9.600000000000023,5057.430101528456,0.27352941176470585,1,0
301.5,311.1,2076,18.7,103,0,9.600000000000023,4065.3465574513357,0.1798076923076923,1,0
301.5,311.1,2055,16.8,105,0,9.600000000000023,3615.3448257511336,0.15849056603773587,1,0
301.5,311.1,1469,49.5,107,0,9.600000000000023,7614.74935340362,0.4583333333333333,1,0
301.5,311.0,1504,42.6,109,0,9.5,6709.43659841865,0.38727272727272727,0,1
301.5,311.1,1396,43.5,112,0,9.600000000000023,6359.211849396459,0.38495575221238937,0,1
301.5,311.1,1660,33.8,115,0,9.600000000000023,5875.6160202538695,0.29137931034482756,0,1
301.5,311.0,1577,39.7,118,0,9.5,6556.179236801028,0.3336134453781513,0,1
301.5,311.1,1426,52.1,121,0,9.600000000000023,7780.112318713074,0.42704918032786887,1,0
301.5,311.1,1458,41.4,123,0,9.600000000000023,6321.010082728806,0.3338709677419355,1,0
301.4,311.0,1533,45.8,125,0,9.600000000000023,7352.520614608479,0.3634920634920635,1,0
301.4,311.0,1701,28.4,127,0,9.600000000000023,5058.843818222572,0.221875,1,0
301.5,311.1,1434,49.6,129,0,9.600000000000023,7448.339190542969,0.38153846153846155,1,0
301.4,311.1,1952,22.7,131,0,9.700000000000045,4640.174237254172,0.17196969696969697,1,0
301.4,311.1,1469,36.9,133,0,9.700000000000045,5676.449517991789,0.2753731343283582,1,0
301.4,311.1,1800,26.0,135,0,9.700000000000045,4900.884539600077,0.19117647058823528,1,0
301.3,311.1,1438,43.0,137,0,9.800000000000011,6475.241338069042,0.3115942028985507,0,1
301.3,311.1,1647,28.2,140,0,9.800000000000011,4863.750914434647,0.19999999999999998,1,0
301.4,311.1,1494,41.9,142,0,9.700000000000045,6555.310062833534,0.293006993006993,1,0
301.4,311.1,1445,41.4,144,0,9.700000000000045,6264.649910523406,0.28551724137931034,0,0
301.5,311.1,1507,38.6,149,0,9.600000000000023,6091.569099261634,0.25733333333333336,0,1
301.4,311.0,1234,55.8,152,0,9.600000000000023,7210.709122225436,0.36470588235294116,0,1
301.4,311.0,1634,32.6,155,0,9.600000000000023,5578.253803616085,0.20897435897435898,1,0
301.4,311.0,1334,53.3,157,0,9.600000000000023,7445.804972469072,0.3373417721518987,1,0
301.4,311.1,1472,44.5,159,0,9.700000000000045,6859.562839358193,0.278125,1,0
301.3,311.0,1410,52.7,161,0,9.699999999999989,7781.410843676559,0.3253086419753087,0,1
301.2,310.9,1597,37.9,164,0,9.699999999999989,6338.299314299063,0.22969696969696968,1,0
301.2,310.9,1460,46.7,166,0,9.699999999999989,7140.0023435686435,0.27964071856287426,0,1
301.1,310.8,1274,55.7,169,0,9.699999999999989,7431.102318850272,0.3276470588235294,1,0
301.0,310.7,1517,40.2,171,0,9.699999999999989,6386.16671436426,0.23372093023255816,0,1
301.0,310.7,1300,57.2,174,0,9.699999999999989,7786.960990697901,0.32685714285714285,1,0
300.9,310.6,1686,27.7,176,0,9.700000000000045,4890.642947549374,0.15649717514124292,0,0
300.9,310.7,1485,41.0,181,0,9.800000000000011,6375.862290460485,0.22527472527472528,0,1
301.0,310.7,1464,45.8,184,0,9.699999999999989,7021.58524447933,0.24756756756756756,1,0
300.9,310.6,1598,35.4,186,0,9.700000000000045,5923.9127713150565,0.1893048128342246,1,0
300.9,310.5,1894,21.9,188,0,9.600000000000023,4343.62883470632,0.11587301587301586,1,0
300.8,310.5,1330,59.0,190,0,9.699999999999989,8217.359184239702,0.3089005235602094,0,1
300.8,310.5,1582,31.1,193,0,9.699999999999989,5152.232895838285,0.16030927835051548,0,0
300.7,310.3,1533,35.6,198,0,9.600000000000023,5715.059691704408,0.17889447236180905,1,0
300.8,310.4,1419,46.4,200,0,9.599999999999966,6894.91622868659,0.2308457711442786,0,0
300.8,310.3,1526,36.3,205,0,9.5,5800.8251711474095,0.1762135922330097,0,1
300.7,310.2,1364,65.3,208,1,9.5,9327.304812703998,0.3124401913875598,0,0
300.8,310.3,1458,43.4,0,0,9.5,6626.372888657735,43.4,0,1
300.8,310.4,1288,64.0,3,0,9.599999999999966,8632.258854023794,16.0,0,1
300.7,310.3,1659,29.8,6,0,9.600000000000023,5177.156197556764,4.257142857142857,0,1
300.7,310.2,1479,52.3,9,0,9.5,8100.251082089387,5.2299999999999995,0,0
300.7,310.3,1592,36.0,14,0,9.600000000000023,6001.698605417941,2.4,1,0
300.6,310.2,1532,38.7,16,0,9.599999999999966,6208.666729436437,2.2764705882352945,0,1
300.6,310.2,1555,41.9,19,0,9.599999999999966,6822.963284943872,2.0949999999999998,1,0
300.6,310.2,1341,52.6,21,0,9.599999999999966,7386.575478973395,2.390909090909091,1,0
300.6,310.1,1541,42.0,23,0,9.5,6777.671990854619,1.75,1,0
300.6,310.3,1414,50.6,25,0,9.699999999999989,7492.530927203465,1.9461538461538461,1,0
300.5,310.2,1764,25.9,27,0,9.699999999999989,4784.394284004968,0.9249999999999999,1,0
300.5,310.3,1336,57.1,29,0,9.800000000000011,7988.609351156319,1.9033333333333333,1,0
300.5,310.3,1435,43.3,31,0,9.800000000000011,6506.8143442376195,1.353125,1,0
300.4,310.3,1537,35.0,33,0,9.900000000000034,5633.399226662098,1.0294117647058822,0,1
300.3,310.2,1369,48.8,36,0,9.899999999999977,6996.033624230134,1.3189189189189188,1,0
300.2,310.1,1619,31.3,38,0,9.900000000000034,5306.6421747622235,0.8025641025641026,0,1
300.2,310.1,1440,51.1,41,0,9.900000000000034,7705.698460725045,1.2166666666666668,1,0
300.2,310.1,1649,30.5,43,0,9.900000000000034,5266.827723865728,0.6931818181818182,1,0
300.2,310.1,1550,38.7,45,0,9.900000000000034,6281.614510852792,0.841304347826087,0,1
300.3,310.2,1471,45.2,48,0,9.899999999999977,6962.732742102083,0.9224489795918368,1,0
300.3,310.3,1483,51.6,50,0,10.0,8013.4488770707,1.011764705882353,1,0
300.3,310.4,1336,54.4,52,0,10.099999999999966,7610.864250488682,1.0264150943396226,1,0
300.5,310.5,1515,36.6,54,0,10.0,5806.605701630015,0.6654545454545455,1,0
300.5,310.5,1373,47.4,56,0,10.0,6815.182607138482,0.831578947368421,1,0
300.6,310.5,1454,51.2,58,0,9.899999999999977,7795.8412259320485,0.8677966101694916,0,0
300.5,310.5,1646,34.5,63,0,10.0,5946.72073398012,0.5390625,1,0
300.5,310.4,1548,37.3,65,0,9.899999999999977,6046.560548511203,0.5651515151515151,0,1
300.6,310.5,1462,41.3,68,0,9.899999999999977,6323.041645978129,0.5985507246376811,0,1
300.5,310.4,1702,33.1,71,0,9.899999999999977,5899.513068372177,0.45972222222222225,1,0
300.5,310.5,1409,60.9,73,0,10.0,8985.803219283278,0.822972972972973,1,0
300.6,310.6,1427,52.8,75,0,10.0,7890.172781343837,0.6947368421052631,0,1
300.6,310.7,1438,48.5,78,1,10.099999999999966,7303.469881310431,0.6139240506329114,1,0
300.7,310.7,1450,43.4,80,0,10.0,6590.01418968019,0.5358024691358024,1,0
300.7,310.7,1541,41.3,82,0,10.0,6664.710791007042,0.4975903614457831,1,0
300.7,310.6,1484,38.0,84,0,9.900000000000034,5905.356430707854,0.4470588235294118,0,1
300.8,310.8,1415,44.5,87,0,10.0,6593.941180497177,0.5056818181818182,0,1
300.7,310.8,1496,46.4,90,0,10.100000000000023,7269.0589697781115,0.5098901098901099,1,0
300.7,310.8,1465,45.2,92,0,10.100000000000023,6934.332744513631,0.48602150537634414,0,1
300.7,310.8,2113,18.5,95,0,10.100000000000023,4093.54758750506,0.19270833333333334,1,0
300.7,310.8,1506,44.0,97,0,10.100000000000023,6939.149853249135,0.4489795918367347,0,1
300.7,310.8,1689,28.9,100,0,10.100000000000023,5111.591158876344,0.2861386138613861,1,0
300.7,310.9,1650,29.4,102,0,10.199999999999989,5079.955320854696,0.2854368932038835,1,0
300.7,310.8,1563,33.8,104,0,10.100000000000023,5532.281831118554,0.32190476190476186,1,0
300.7,310.9,1486,38.9,106,0,10.199999999999989,6053.367332593981,0.36355140186915885,0,1
300.8,310.9,1732,25.7,109,0,10.099999999999966,4661.327627788343,0.23363636363636364,1,0
300.7,310.8,1653,31.6,111,0,10.100000000000023,5470.015464724404,0.28214285714285714,1,0
300.7,310.9,1535,37.1,113,0,10.199999999999989,5963.632974431944,0.3254385964912281,1,0
300.7,310.9,1637,37.2,115,0,10.199999999999989,6377.05609566885,0.3206896551724138,1,0
300.6,310.8,1533,38.5,117,0,10.199999999999989,6180.612307039879,0.326271186440678,1,0
300.6,310.8,1378,51.2,119,0,10.199999999999989,7388.355714810427,0.4266666666666667,1,0
300.5,310.7,1606,33.5,121,0,10.199999999999989,5634.0275451928155,0.27459016393442626,1,0
300.3,310.7,1539,32.3,123,0,10.399999999999977,5205.587611071752,0.2604838709677419,1,0
300.5,310.8,1728,26.3,125,0,10.300000000000011,4759.135879070106,0.20873015873015874,1,0
300.4,310.7,1656,36.3,127,0,10.300000000000011,6294.997695557083,0.28359375,0,0
300.5,310.8,1631,30.5,132,0,10.300000000000011,5209.336578305035,0.22932330827067668,0,0
300.5,310.9,1447,46.5,137,0,10.399999999999977,7046.121083103867,0.33695652173913043,0,0
300.4,310.8,1396,49.3,142,0,10.400000000000034,7207.10676264932,0.3447552447552447,1,0
300.4,310.8,1390,52.5,144,0,10.400000000000034,7641.9241298571715,0.3620689655172414,1,0
300.4,310.8,1348,56.0,146,0,10.400000000000034,7905.084874472877,0.38095238095238093,1,0
300.4,310.8,1491,35.9,148,0,10.400000000000034,5605.3238603145155,0.24093959731543624,0,1
300.4,310.8,1520,37.6,151,0,10.400000000000034,5984.943444598796,0.2473684210526316,1,0
300.5,310.8,1509,33.0,153,0,10.300000000000011,5214.729645693697,0.21428571428571427,1,0
300.5,310.8,1445,46.6,155,0,10.300000000000011,7051.51415049253,0.2987179487179487,1,0
300.5,310.8,1354,51.8,157,0,10.300000000000011,7344.750408778601,0.32784810126582276,1,0
300.5,310.7,1488,39.4,159,0,10.199999999999989,6139.426027351317,0.24625,1,0
300.5,310.7,1654,28.6,161,0,10.199999999999989,4953.705184082433,0.1765432098765432,0,0
300.5,310.6,1378,51.5,166,0,10.100000000000023,7431.6468615768945,0.3083832335329341,0,0
300.6,310.7,1750,30.6,171,0,10.099999999999966,5607.74288665778,0.17790697674418607,1,0
300.5,310.6,1448,46.3,173,0,10.100000000000023,7020.663710634278,0.26609195402298846,1,0
300.6,310.7,1501,45.3,175,0,10.099999999999966,7120.451165287803,0.25738636363636364,0,0
300.6,310.7,1654,32.0,180,0,10.099999999999966,5542.607198973352,0.17679558011049723,0,1
300.7,310.7,1347,46.5,183,0,10.0,6559.174221797451,0.25271739130434784,0,1
300.7,310.8,1486,37.1,186,0,10.100000000000023,5773.262931599915,0.1983957219251337,1,0
300.8,310.8,1466,45.2,188,0,10.0,6939.066077445039,0.23915343915343917,0,0
300.7,310.8,1346,52.0,193,0,10.100000000000023,7329.545100335226,0.26804123711340205,0,0
300.7,310.7,1314,42.4,198,0,10.0,5834.314548834677,0.21306532663316582,1,0
300.6,310.7,1440,52.5,200,0,10.099999999999966,7916.813487046279,0.26119402985074625,1,0
300.7,310.8,1608,39.5,202,0,10.100000000000023,6651.3799661803105,0.19458128078817735,1,0
300.7,310.8,1296,58.2,204,0,10.100000000000023,7898.717913361602,0.2839024390243903,0,0
300.7,310.7,1507,46.1,209,0,10.0,7275.164131501589,0.21952380952380954,1,0
300.7,310.7,1343,51.6,211,0,10.0,7256.953366086278,0.24339622641509434,0,1
300.7,310.7,1416,40.4,214,0,10.0,5990.640199277305,0.18790697674418605,1,0
300.7,310.6,1288,47.2,216,0,9.900000000000034,6366.290904842548,0.2175115207373272,1,0
300.7,310.6,1407,42.4,218,0,9.900000000000034,6247.245487222519,0.19360730593607306,0,1
300.6,310.4,1608,39.2,221,0,9.799999999999955,6600.863156310587,0.17657657657657658,1,0
300.6,310.3,1920,22.3,223,0,9.699999999999989,4483.681035203353,0.09955357142857144,1,0
300.5,310.2,1386,48.2,225,0,9.699999999999989,6995.824184719895,0.21327433628318584,0,1
300.5,310.2,1571,34.6,228,0,9.699999999999989,5692.209841137298,0.15109170305676856,0,1
300.4,310.2,1613,36.9,231,0,9.800000000000011,6232.888408795614,0.15905172413793103,0,1
300.4,310.2,1671,30.5,234,1,9.800000000000011,5337.09467955102,0.12978723404255318,0,1
300.4,310.2,1431,43.2,0,0,9.800000000000011,6473.691485693272,43.2,0,0
300.4,310.2,1380,47.3,5,0,9.800000000000011,6835.477295680673,7.883333333333333,0,1
300.5,310.3,1683,31.5,8,0,9.800000000000011,5551.665457791203,3.5,1,0
300.4,310.2,1529,36.2,10,0,9.800000000000011,5796.217501922145,3.290909090909091,1,0
300.5,310.4,1761,26.5,12,0,9.899999999999977,4886.904452291603,2.0384615384615383,1,0
300.6,310.5,1570,38.3,14,0,9.899999999999977,6296.903595100262,2.5533333333333332,1,0
300.6,310.5,2156,18.0,16,0,9.899999999999977,4063.9642566837565,1.0588235294117647,0,1
300.7,310.6,1349,54.5,19,0,9.900000000000034,7699.048756274946,2.725,0,1
300.7,310.7,1431,39.3,22,0,10.0,5889.261004345962,1.708695652173913,1,0
300.6,310.6,1931,22.0,24,0,10.0,4448.704636993387,0.88,1,0
300.7,310.7,1428,43.4,26,0,10.0,6490.027767491938,1.6074074074074074,0,0
300.8,310.8,1564,36.2,31,0,10.0,5928.897431658755,1.13125,1,0
300.8,310.9,1425,44.0,33,0,10.099999999999966,6565.928646002667,1.2941176470588236,0,0
300.7,310.8,1597,30.5,38,0,10.100000000000023,5100.742192245948,0.782051282051282,1,0
300.8,310.8,1618,32.8,40,0,10.0,5557.519292102391,0.7999999999999999,0,0
300.8,310.8,1520,38.0,45,0,10.0,6048.613055711549,0.8260869565217391,0,1
300.7,310.7,1425,45.3,48,0,10.0,6759.921992361836,0.9244897959183673,1,0
300.8,310.9,1398,38.2,50,0,10.099999999999966,5592.411914508263,0.7490196078431373,1,0
300.8,310.9,1557,31.6,52,0,10.099999999999966,5152.337615593405,0.5962264150943396,0,1
300.7,310.8,1519,43.9,55,0,10.100000000000023,6983.142622374904,0.7839285714285714,1,0
300.7,310.8,1619,34.9,57,0,10.100000000000023,5916.990795501648,0.6017241379310344,1,0
300.7,310.8,1814,21.4,59,0,10.100000000000023,4065.179005843144,0.35666666666666663,1,0
300.7,310.9,1521,39.4,61,0,10.199999999999989,6275.582652957898,0.635483870967742,1,0
300.7,310.9,1369,51.2,63,0,10.199999999999989,7340.100851651288,0.8,0,1
300.7,310.9,1356,65.3,66,1,10.199999999999989,9272.599212629488,0.9746268656716417,1,0
300.7,311.0,1336,53.3,68,0,10.300000000000011,7456.9680983648295,0.772463768115942,1,0
300.7,311.0,1403,48.3,70,0,10.300000000000011,7096.323733708232,0.680281690140845,1,0
300.7,311.0,1413,44.3,72,0,10.300000000000011,6555.02731949471,0.6068493150684932,0,1
300.6,310.9,1472,47.6,75,0,10.299999999999955,7337.420025920225,0.6263157894736843,1,0
300.7,310.8,1452,47.9,77,0,10.100000000000023,7283.342744376433,0.614102564102564,0,1
300.6,310.7,1397,53.7,80,0,10.099999999999966,7855.960837346244,0.662962962962963,1,0
300.6,310.7,1455,40.6,82,0,10.099999999999966,6186.110094183661,0.4891566265060241,1,0
300.7,310.8,1754,27.7,84,0,10.100000000000023,5087.893078292766,0.32588235294117646,1,0
300.6,310.9,1471,37.9,86,0,10.299999999999955,5838.22059570064,0.435632183908046,1,0
300.6,310.8,1389,48.1,88,0,10.199999999999989,6996.421087324076,0.5404494382022472,0,1
300.6,310.9,1702,30.3,91,0,10.299999999999955,5400.4606033739265,0.3293478260869565,0,1
300.6,311.0,1401,54.6,94,0,10.399999999999977,8010.495779976326,0.5747368421052632,0,1
300.7,311.1,1426,46.2,97,0,10.400000000000034,6899.06313098933,0.4714285714285715,1,0
300.7,311.0,1496,38.3,99,0,10.300000000000011,6000.106865140122,0.38299999999999995,1,0
300.6,310.9,1433,42.6,101,0,10.299999999999955,6392.701227083726,0.4176470588235294,1,0
300.7,311.1,1438,46.6,103,0,10.400000000000034,7017.354566372497,0.4480769230769231,0,1
300.7,311.0,1418,49.3,106,0,10.300000000000011,7320.685809052104,0.46074766355140184,0,1
300.8,311.0,1580,36.6,109,0,10.199999999999989,6055.733999059686,0.33272727272727276,0,1
300.7,310.9,1468,41.8,112,0,10.199999999999989,6425.855501554611,0.3699115044247787,0,1
300.8,310.9,1522,41.7,115,0,10.099999999999966,6646.290586081494,0.3594827586206897,0,1
300.8,310.9,1311,55.8,118,0,10.099999999999966,7660.648022072566,0.4689075630252101,1,0
300.9,311.0,1316,56.5,120,0,10.100000000000023,7786.332672167183,0.4669421487603306,1,0
300.9,311.0,1853,23.6,122,0,10.100000000000023,4579.478667186818,0.19186991869918701,0,0
300.9,311.0,1556,38.8,127,0,10.100000000000023,6322.224831888196,0.303125,0,1
300.9,311.0,1567,34.3,130,0,10.100000000000023,5628.487870146985,0.26183206106870227,0,1
300.9,311.1,1546,37.7,133,0,10.200000000000045,6103.507151345274,0.2813432835820896,0,1
300.9,311.0,1382,51.2,136,0,10.100000000000023,7409.802320658934,0.3737226277372263,1,0
300.9,311.0,2003,20.2,138,0,10.100000000000023,4237.024123994505,0.14532374100719425,1,0
300.8,310.9,1748,29.9,140,0,10.099999999999966,5473.198945280042,0.21205673758865248,1,0
300.7,310.8,1518,40.1,142,0,10.100000000000023,6374.479989692906,0.2804195804195804,0,0
300.7,310.8,1475,42.0,147,0,10.100000000000023,6487.388829662923,0.28378378378378377,1,0
300.8,310.8,1634,29.2,149,0,10.0,4996.472732073303,0.19466666666666665,1,0
300.8,310.8,1689,32.9,151,0,10.0,5819.077824464765,0.2164473684210526,1,0
300.9,310.9,1636,35.3,153,0,10.0,6047.649633964447,0.2292207792207792,0,1
300.9,311.0,2235,15.8,156,0,10.100000000000023,3697.9687125405458,0.10063694267515924,1,0
301.0,311.1,1615,35.6,158,0,10.100000000000023,6020.757600849719,0.2238993710691824,1,0
301.1,311.1,1618,29.5,160,0,10.0,4998.378631616481,0.18322981366459629,0,0
301.1,311.2,1407,53.0,165,0,10.099999999999966,7809.056859028148,0.3192771084337349,0,1
301.1,311.1,1450,43.3,168,0,10.0,6574.829825187839,0.25621301775147926,1,0
301.1,311.1,1889,23.8,170,0,10.0,4708.011694620688,0.1391812865497076,1,0
301.0,310.9,1568,38.2,172,0,9.899999999999977,6272.462004255333,0.22080924855491332,1,0
301.0,311.0,1804,25.8,174,0,10.0,4873.99250648535,0.14742857142857144,1,0
301.0,311.0,1582,37.5,176,0,10.0,6212.499472473816,0.211864406779661,1,0
301.0,310.9,2047,17.9,178,0,9.899999999999977,3837.067963265989,0.09999999999999999,0,1
300.9,310.9,1601,34.0,181,0,10.0,5700.31515018356,0.18681318681318682,1,0
300.9,310.9,1615,32.0,183,0,10.0,5411.916944584017,0.17391304347826086,1,0
300.9,310.8,1452,43.6,185,0,9.900000000000034,6629.514481311326,0.23440860215053763,0,1
300.9,310.8,1695,30.2,188,0,9.900000000000034,5360.4995448202635,0.15978835978835979,0,1
300.9,310.8,1790,26.2,191,0,9.900000000000034,4911.147075601804,0.13645833333333332,0,1
301.0,310.8,1533,39.3,194,0,9.800000000000011,6309.0406147186295,0.20153846153846153,0,1
301.0,310.9,1813,28.5,197,0,9.899999999999977,5410.92210691038,0.14393939393939395,1,0
301.0,310.9,1492,36.7,199,0,9.899999999999977,5734.076799234139,0.18350000000000002,1,0
300.9,310.7,1479,43.3,201,0,9.800000000000011,6706.326421691595,0.21435643564356435,1,0
300.8,310.7,1339,59.1,203,1,9.899999999999977,8286.987349418765,0.2897058823529412,1,0
300.8,310.7,1371,44.7,205,0,9.899999999999977,6417.614056826694,0.21699029126213593,0,1
300.9,310.7,1468,36.2,208,0,9.800000000000011,5564.975338666913,0.17320574162679428,1,0
300.9,310.7,1517,41.7,210,0,9.800000000000011,6624.456517139046,0.19763033175355452,1,0
300.9,310.7,1352,46.4,212,0,9.800000000000011,6569.363453970593,0.21784037558685446,1,0
300.9,310.7,1389,50.0,214,0,9.800000000000011,7272.78699306037,0.23255813953488372,1,0
300.8,310.6,1505,36.2,0,0,9.800000000000011,5705.236978674185,36.2,0,1
300.9,310.6,1538,36.7,3,0,9.700000000000045,5910.864689827148,9.175,1,0
300.9,310.8,1482,37.0,5,0,9.900000000000034,5742.203052231424,6.166666666666667,1,0
300.9,310.8,1599,33.0,7,0,9.900000000000034,5525.747318399087,4.125,0,1
300.9,310.8,1476,39.0,10,0,9.900000000000034,6028.087983708095,3.5454545454545454,1,0
300.9,310.7,1509,37.5,12,0,9.800000000000011,5925.829142833747,2.8846153846153846,1,0
300.9,310.8,1708,29.1,14,0,9.900000000000034,5204.865044761426,1.9400000000000002,1,0
300.9,310.7,1412,57.5,16,0,9.800000000000011,8502.196918165177,3.3823529411764706,1,0
300.9,310.7,1658,28.5,18,0,9.800000000000011,4948.3225886692835,1.5,1,0
301.0,310.8,1375,57.2,20,0,9.800000000000011,8236.20874016124,2.723809523809524,1,0
300.9,310.8,1402,48.1,22,0,9.900000000000034,7061.902350200401,2.091304347826087,0,1
300.9,310.7,1452,47.3,25,0,9.800000000000011,7192.110893716185,1.8192307692307692,0,1
300.8,310.7,1483,40.8,28,0,9.899999999999977,6336.215391172181,1.4068965517241379,0,1
300.9,310.8,1477,38.4,31,0,9.900000000000034,5939.369407170719,1.2,0,0
300.8,310.7,1924,22.4,36,0,9.899999999999977,4513.170118245049,0.6054054054054053,0,1
300.9,310.7,1609,28.7,39,0,9.800000000000011,4835.780267842184,0.7175,0,0
300.8,310.7,1886,21.1,44,0,9.899999999999977,4167.280767084813,0.4688888888888889,0,1
300.7,310.6,1616,29.6,47,0,9.900000000000034,5009.122878491758,0.6166666666666667,1,0
300.7,310.7,1442,43.2,49,0,10.0,6523.454313326134,0.8640000000000001,1,0
300.8,310.8,1407,45.1,51,0,10.0,6645.065364946595,0.8673076923076923,1,0
300.8,310.8,1461,41.3,53,0,10.0,6318.7167200916865,0.7648148148148147,0,1
300.8,310.9,1522,46.2,56,0,10.099999999999966,7363.516188896045,0.8105263157894738,0,1
300.9,311.0,1432,48.1,59,0,10.100000000000023,7213.012956838069,0.8016666666666666,1,0
300.9,311.0,1438,49.0,61,0,10.100000000000023,7378.7633852414665,0.7903225806451613,1,0
300.8,310.9,1678,28.1,63,0,10.099999999999966,4937.724949451173,0.4390625,0,1
300.8,310.9,1514,38.7,66,0,10.099999999999966,6135.718948020081,0.5776119402985075,0,1
300.7,310.8,1534,41.3,69,0,10.100000000000023,6634.4363098019485,0.59,1,0
300.7,310.8,1486,41.2,71,0,10.100000000000023,6411.2785116419545,0.5722222222222223,0,1
300.7,310.8,1925,22.0,74,0,10.100000000000023,4434.881629317591,0.29333333333333333,1,0
300.7,310.8,1724,30.0,76,0,10.100000000000023,5416.105734788804,0.38961038961038963,0,1
300.8,310.8,1549,35.5,79,0,10.0,5758.486974152531,0.44375,0,1
300.8,310.9,1457,47.7,82,0,10.099999999999966,7277.9077890857225,0.574698795180723,1,0
300.8,310.9,1453,43.9,84,0,10.099999999999966,6679.727603891201,0.5164705882352941,1,0
300.8,311.0,1578,44.4,86,0,10.199999999999989,7337.001146899746,0.5103448275862069,1,0
300.9,311.1,1325,61.4,88,0,10.200000000000045,8519.475677759921,0.6898876404494382,0,1
300.9,311.1,1471,39.3,91,0,10.200000000000045,6053.880459394067,0.42717391304347824,1,0
300.9,311.2,1472,40.0,93,0,10.300000000000011,6165.899181445567,0.425531914893617,0,1
300.9,311.1,1457,37.4,96,0,10.200000000000045,5706.367952029476,0.3855670103092783,1,0
301.0,311.0,1402,55.3,98,0,10.0,8118.985446280294,0.5585858585858585,1,0
300.9,310.9,1477,41.5,100,0,10.0,6418.849749937104,0.41089108910891087,1,0
300.9,310.9,1727,30.1,102,0,10.0,5443.6156144587385,0.2922330097087379,0,1
300.9,310.9,1995,20.2,105,0,10.0,4220.101411567169,0.19056603773584904,1,0
300.9,310.9,1370,52.5,107,0,10.0,7531.968386981528,0.4861111111111111,1,0
300.9,310.9,1228,66.4,109,0,10.0,8538.765056652965,0.6036363636363636,1,0
300.9,311.0,1499,38.0,111,0,10.100000000000023,5965.046691126059,0.3392857142857143,1,0
301.0,311.0,1508,46.9,113,0,10.0,7406.32562478896,0.4114035087719298,0,1
301.0,310.9,1473,44.2,116,0,9.899999999999977,6817.947208673641,0.3777777777777778,1,0
301.0,311.0,1640,37.6,118,0,10.0,6457.438979698701,0.31596638655462184,0,0
301.1,311.1,1429,42.5,123,0,10.0,6359.892527804737,0.34274193548387094,1,0
301.1,311.1,1470,40.9,125,0,10.0,6296.065837059304,0.3246031746031746,1,0
301.0,311.0,1581,37.0,127,0,10.0,6125.791515234738,0.2890625,1,0
301.0,310.9,1740,28.9,129,0,9.899999999999977,5265.9376059472115,0.2223076923076923,1,0
300.9,310.8,1390,40.6,131,0,9.900000000000034,5909.75466042288,0.3075757575757576,0,0
300.9,310.8,1988,19.7,136,0,9.900000000000034,4101.202601604307,0.1437956204379562,0,1
300.8,310.7,1452,43.0,139,0,9.899999999999977,6538.282630651078,0.30714285714285716,0,1
300.8,310.7,1586,33.4,142,0,9.899999999999977,5547.256756100665,0.23356643356643356,1,0
300.8,310.7,1589,34.3,144,0,9.899999999999977,5707.509397360281,0.23655172413793102,1,0
300.8,310.8,1486,45.7,146,0,10.0,7111.539514127119,0.31088435374149664,1,0
300.9,310.9,1755,27.9,148,0,10.0,5127.55044955658,0.187248322147651,1,0
301.0,310.9,1575,34.6,150,0,9.899999999999977,5706.70305524586,0.22913907284768212,0,1
301.1,311.1,1615,37.7,153,0,10.0,6375.914650338045,0.24480519480519483,0,1
301.1,311.1,1436,41.8,156,0,10.0,6285.782357106554,0.2662420382165605,0,1
301.1,311.1,1470,40.6,159,0,10.0,6249.884425051534,0.25375000000000003,0,1
301.1,311.1,2089,19.8,162,0,10.0,4331.439455210391,0.12147239263803682,0,1
301.1,311.2,1564,37.0,165,0,10.099999999999966,6059.922789264472,0.22289156626506024,1,0
301.0,311.1,1420,47.4,167,0,10.100000000000023,7048.477277594059,0.28214285714285714,0,1
301.1,311.1,1711,29.1,170,0,10.0,5214.007079383371,0.17017543859649123,1,0
301.1,311.2,1555,35.3,172,0,10.099999999999966,5748.2244381508035,0.20404624277456646,1,0
301.1,311.1,1592,35.7,174,0,10.0,5951.684450372792,0.20400000000000001,0,1
301.0,311.1,1236,64.4,177,1,10.100000000000023,8335.524955916726,0.3617977528089888,1,0
301.0,310.9,1765,24.2,179,0,9.899999999999977,4472.894900426028,0.13444444444444445,0,1
301.0,311.0,1634,31.2,182,0,10.0,5338.69689180435,0.17049180327868851,1,0
301.1,311.1,1508,41.5,184,0,10.0,6553.571714898547,0.22432432432432434,1,0
301.1,311.2,1774,29.6,186,0,10.099999999999966,5498.876229235383,0.15828877005347594,1,0
301.1,311.0,1677,29.1,188,0,9.899999999999977,5110.397353667981,0.15396825396825398,1,0
301.0,311.0,1399,58.0,190,1,10.0,8497.170369919435,0.3036649214659686,1,0
301.0,310.9,1570,34.0,192,0,9.899999999999977,5589.9405282874395,0.17616580310880828,1,0
301.0,310.9,1479,44.3,194,0,9.899999999999977,6861.206939513572,0.22717948717948716,1,0
301.0,310.8,1558,34.9,196,0,9.800000000000011,5694.052908827404,0.17715736040609137,1,0
300.8,310.7,1358,48.1,198,0,9.899999999999977,6840.273460465153,0.24170854271356784,1,0
300.9,310.7,1656,30.7,200,0,9.800000000000011,5323.868574479407,0.1527363184079602,0,0
300.9,310.7,1523,35.8,205,0,9.800000000000011,5709.677096291257,0.17378640776699028,1,0
300.9,310.7,1403,40.6,207,0,9.800000000000011,5965.025747175036,0.1951923076923077,0,0
300.9,310.7,1362,51.6,212,0,9.800000000000011,7359.620614005592,0.24225352112676057,0,1
300.7,310.6,1778,27.1,215,0,9.900000000000034,5045.795736734663,0.12546296296296297,0,1
300.7,310.5,1448,38.2,218,0,9.800000000000011,5792.426646786813,0.17442922374429226,1,0
300.8,310.5,1559,40.1,220,0,9.699999999999989,6546.649739085138,0.18144796380090497,0,0
300.8,310.6,1416,42.2,225,0,9.800000000000011,6257.549911126294,0.18672566371681418,1,0
300.8,310.6,1577,37.9,227,1,9.800000000000011,6258.921739918361,0.16622807017543859,1,0
300.8,310.7,1633,27.8,0,0,9.899999999999977,4754.004611069243,27.8,1,0
300.9,310.7,1573,31.2,2,0,9.800000000000011,5139.394253860614,10.4,1,0
300.9,310.8,1517,44.3,4,0,9.900000000000034,7037.492175282007,8.86,1,0
301.0,310.9,1515,37.3,6,0,9.899999999999977,5917.661001934413,5.328571428571428,1,0
301.0,310.8,1527,45.3,8,0,9.800000000000011,7243.790092867736,5.033333333333333,1,0
301.1,310.9,1282,67.9,10,1,9.799999999999955,9115.624299705121,6.172727272727273,1,0
301.1,310.9,1396,45.1,12,0,9.799999999999955,6593.113894431732,3.4692307692307693,0,1
301.0,310.9,1492,44.6,15,0,9.899999999999977,6968.387608878545,2.7875,1,0
301.0,310.8,1975,19.7,17,0,9.800000000000011,4074.383872318163,1.0944444444444443,1,0
301.0,310.8,1475,35.3,19,0,9.800000000000011,5452.495849692885,1.765,1,0
301.0,310.9,1495,37.3,21,0,9.899999999999977,5839.540064615147,1.6954545454545453,0,0
301.0,311.0,1553,35.8,26,0,10.0,5822.146113289771,1.3259259259259257,1,0
301.1,311.0,1918,21.7,28,0,9.899999999999977,4358.499039933311,0.7482758620689655,1,0
301.1,311.0,1413,46.6,30,0,9.899999999999977,6895.356051658094,1.5032258064516129,0,1
301.0,311.0,1437,56.0,33,0,10.0,8427.008133989262,1.6470588235294117,1,0
301.0,310.9,1450,45.9,35,0,9.899999999999977,6969.623301988956,1.275,1,0
301.0,310.9,1910,21.9,37,0,9.899999999999977,4380.322636900248,0.5763157894736842,0,1
300.9,310.9,1749,26.4,40,0,10.0,4835.288084993122,0.6439024390243903,1,0
301.0,310.9,1916,22.0,42,0,9.899999999999977,4414.147117803898,0.5116279069767442,0,0
301.0,310.9,1428,45.3,47,0,9.899999999999977,6774.153407082598,0.94375,1,0
301.0,310.9,1578,38.4,49,0,9.899999999999977,6345.514505426808,0.768,1,0
300.9,310.8,1571,39.9,51,0,9.900000000000034,6564.137938190121,0.7673076923076922,1,0
300.9,310.8,1729,30.2,53,0,9.900000000000034,5468.025789377131,0.5592592592592592,1,0
300.9,310.8,1701,30.4,55,0,9.900000000000034,5415.100425139654,0.5428571428571428,1,0
300.9,310.8,1493,45.8,57,0,9.900000000000034,7160.674023229264,0.789655172413793,1,0
301.0,310.9,1554,32.7,59,0,9.899999999999977,5321.4181322096065,0.545,0,1
300.9,310.9,1497,43.2,62,0,10.0,6772.268451490445,0.6857142857142857,1,0
301.0,310.9,1679,29.8,64,0,9.899999999999977,5239.569171608081,0.4584615384615385,1,0
301.0,310.9,1510,44.5,66,0,9.899999999999977,7036.643945265538,0.664179104477612,0,1
301.0,310.9,1296,54.9,69,0,9.899999999999977,7450.852464665841,0.7842857142857143,1,0
301.0,310.9,1404,41.8,71,0,9.899999999999977,6145.709212658497,0.5805555555555555,1,0
300.9,310.8,1519,34.9,73,0,9.900000000000034,5551.518850134035,0.4716216216216216,0,1
300.9,310.7,1696,27.3,76,0,9.800000000000011,4848.608437844344,0.35454545454545455,0,1
300.8,310.6,1669,28.4,79,0,9.800000000000011,4963.674504769825,0.355,0,1
300.7,310.6,1447,40.7,82,0,9.900000000000034,6167.2500662866105,0.49036144578313257,1,0
300.7,310.6,1418,46.3,84,0,9.900000000000034,6875.207970773071,0.5447058823529412,0,1
300.7,310.6,1407,40.5,87,0,9.900000000000034,5967.2981658611325,0.4602272727272727,1,0
300.8,310.5,1434,44.5,89,0,9.699999999999989,6682.481733450849,0.49444444444444446,1,0
300.8,310.6,1360,48.8,91,0,9.800000000000011,6950.04070778158,0.5304347826086956,1,0
300.8,310.6,1402,53.7,93,0,9.800000000000011,7884.078091595874,0.5712765957446809,1,0
300.9,310.6,1552,34.9,95,0,9.700000000000045,5672.124592105347,0.36354166666666665,1,0
300.9,310.7,1392,44.2,97,0,9.800000000000011,6443.029541394235,0.45102040816326533,1,0
301.1,310.8,1521,41.0,99,0,9.699999999999989,6530.428649017102,0.41,1,0
301.1,310.8,1724,27.5,101,0,9.699999999999989,4964.7635902230695,0.2696078431372549,1,0
301.0,310.7,1455,46.1,103,0,9.699999999999989,7024.129934528739,0.4432692307692308,0,1
301.0,310.6,1366,50.6,106,0,9.600000000000023,7238.187585968836,0.47289719626168225,0,0
301.1,310.6,1407,43.9,111,0,9.5,6468.25653040256,0.3919642857142857,0,0
301.1,310.8,1470,49.3,116,0,9.699999999999989,7589.145373276862,0.42136752136752137,1,0
301.2,310.9,1359,50.8,118,0,9.699999999999989,7229.558678146975,0.426890756302521,0,1
301.1,310.8,1792,25.8,121,0,9.699999999999989,4841.571270300303,0.21147540983606558,0,0
301.1,310.9,1552,37.9,126,0,9.799999999999955,6159.699771942483,0.2984251968503937,0,1
301.2,311.0,1612,32.9,129,0,9.800000000000011,5553.791268820131,0.2530769230769231,1,0
301.2,311.0,1424,41.4,131,0,9.800000000000011,6173.606555422375,0.3136363636363636,0,1
301.3,311.0,1341,59.3,134,0,9.699999999999989,8327.451062797001,0.43925925925925924,0,0
301.2,310.8,1479,38.2,139,0,9.600000000000023,5916.435780799515,0.27285714285714285,1,0
301.2,310.9,1413,50.1,141,0,9.699999999999989,7413.247600602371,0.35281690140845073,1,0
301.3,310.9,2165,17.4,143,0,9.599999999999966,3944.897895112703,0.12083333333333332,1,0
301.3,311.0,1641,33.0,145,0,9.699999999999989,5670.8888989949355,0.22602739726027396,0,1
301.3,311.0,1495,40.8,148,0,9.699999999999989,6387.4861832787665,0.27382550335570466,0,1
301.3,311.0,1576,30.4,151,0,9.699999999999989,5017.165355684947,0.19999999999999998,1,0
301.2,310.9,1467,37.1,153,0,9.699999999999989,5699.445976216067,0.2409090909090909,1,0
301.2,310.8,1479,41.2,155,0,9.600000000000023,6381.077334265445,0.2641025641025641,1,0
301.3,310.9,1596,33.9,157,0,9.599999999999966,5665.79951889612,0.21455696202531643,1,0
301.3,310.9,1512,36.9,159,0,9.599999999999966,5842.608353440154,0.230625,0,1
301.4,310.9,1414,38.8,162,0,9.5,5745.260869080917,0.2380368098159509,1,0
301.3,310.8,1390,57.4,164,0,9.5,8355.170381977174,0.34787878787878784,1,0
301.2,310.7,1644,31.6,166,0,9.5,5440.2331663683735,0.18922155688622755,1,0
301.2,310.7,1394,42.8,168,0,9.5,6247.9156936552845,0.2532544378698225,0,1
301.1,310.5,1324,52.4,171,0,9.399999999999977,7265.205282789707,0.30465116279069765,1,0
301.0,310.4,1476,43.6,173,0,9.399999999999977,6739.093233068537,0.25057471264367814,1,0
301.0,310.4,2204,16.6,175,0,9.399999999999977,3831.3188487099205,0.09431818181818183,1,0
301.0,310.4,1665,30.9,177,0,9.399999999999977,5387.674321273816,0.1735955056179775,0,1
300.9,310.4,1445,41.7,180,0,9.5,6310.045924367779,0.23038674033149173,1,0
300.8,310.3,1457,46.8,182,0,9.5,7140.588774197312,0.25573770491803277,0,0
300.8,310.2,1492,46.3,187,0,9.399999999999977,7233.998795764049,0.24627659574468083,1,0
300.8,310.1,1405,61.2,189,1,9.300000000000011,9004.432863719067,0.32210526315789473,1,0
300.7,310.1,1542,35.5,191,0,9.400000000000034,5732.464115005296,0.18489583333333334,1,0
300.8,310.2,1520,37.7,193,0,9.399999999999977,6000.860847376985,0.1943298969072165,1,0
300.8,310.2,1598,36.5,195,0,9.399999999999977,6107.989156864394,0.18622448979591838,0,1
300.8,310.3,1538,36.1,198,0,9.5,5814.229299802726,0.18140703517587942,1,0
300.9,310.4,1615,30.9,200,0,9.5,5225.8822996139415,0.1537313432835821,1,0
301.0,310.5,1408,47.0,202,0,9.5,6929.934514798604,0.2315270935960591,1,0
301.0,310.5,1379,57.3,204,1,9.5,8274.60947436362,0.2795121951219512,1,0
301.0,310.6,1493,37.8,206,1,9.600000000000023,5909.901268080047,0.18260869565217389,1,0
301.1,310.7,1376,49.1,0,0,9.599999999999966,7075.034207492406,49.1,1,0
301.1,310.7,1583,40.7,2,0,9.599999999999966,6746.894854824953,13.566666666666668,0,1
301.2,310.8,1396,47.4,5,0,9.600000000000023,6929.348084169935,7.8999999999999995,0,1
301.1,310.7,1436,45.3,8,0,9.599999999999966,6812.103846337964,5.033333333333333,1,0
301.1,310.6,1417,47.6,10,0,9.5,7063.263707016956,4.327272727272727,1,0
301.0,310.6,1641,33.4,12,0,9.600000000000023,5739.62694625548,2.569230769230769,1,0
301.0,310.6,1698,27.3,14,0,9.600000000000023,4854.326136473876,1.82,0,1
300.9,310.4,1541,39.1,17,0,9.5,6309.6898772003715,2.1722222222222225,1,0
300.8,310.3,1383,46.6,19,0,9.5,6748.957834000809,2.33,1,0
300.8,310.4,1368,46.8,21,0,9.599999999999966,6704.410050172904,2.127272727272727,1,0
300.8,310.4,1570,35.2,23,0,9.599999999999966,5787.232546932879,1.4666666666666668,1,0
300.9,310.5,1616,33.5,25,0,9.600000000000023,5669.108663157901,1.2884615384615385,1,0
300.9,310.5,1444,43.2,27,0,9.600000000000023,6532.502100168472,1.542857142857143,0,1
300.9,310.4,2021,18.8,30,0,9.5,3978.8061518204495,0.6064516129032258,1,0
300.9,310.5,1702,29.3,32,0,9.600000000000023,5222.2275801602655,0.8878787878787879,0,1
301.1,310.6,1429,52.7,35,0,9.5,7886.266734477875,1.463888888888889,0,1
301.2,310.8,1711,28.9,38,0,9.600000000000023,5178.171979181423,0.741025641025641,1,0
301.2,310.7,1543,32.9,40,0,9.5,5316.066952722992,0.8024390243902438,0,1
301.3,310.8,1628,32.2,43,0,9.5,5489.577114980758,0.7318181818181819,1,0
301.2,310.8,1233,64.6,45,0,9.600000000000023,8341.116990840115,1.4043478260869564,1,0
301.2,310.8,1461,40.6,47,0,9.600000000000023,6211.619826530811,0.8458333333333333,1,0
301.2,310.7,1568,38.3,49,0,9.5,6288.882061858095,0.7659999999999999,1,0
301.3,310.8,1432,54.4,51,0,9.5,8157.752699625591,1.0461538461538462,1,0
301.2,310.7,1527,41.1,53,0,9.5,6572.180415383311,0.7611111111111112,0,1
301.3,310.8,1455,41.2,56,0,9.5,6277.530440403125,0.7228070175438597,0,1
301.3,310.8,1418,45.4,59,0,9.5,6741.564619289362,0.7566666666666666,0,1
301.3,310.8,1719,29.5,62,0,9.5,5310.3911419955075,0.46825396825396826,1,0
301.2,310.8,1734,31.3,64,0,9.600000000000023,5683.580933315438,0.4815384615384615,0,1
301.2,310.7,1426,46.1,67,0,9.5,6884.130093909265,0.6779411764705883,0,1
301.1,310.6,1611,35.2,70,0,9.5,5938.364097521571,0.495774647887324,1,0
301.1,310.6,1479,41.1,72,0,9.5,6365.589282483247,0.5630136986301371,0,1
301.0,310.5,1317,50.9,75,0,9.5,7019.92020037293,0.6697368421052632,1,0
301.0,310.5,1248,61.4,77,0,9.5,8024.381619505193,0.7871794871794872,1,0
301.0,310.5,1932,21.7,79,0,9.5,4390.312901538664,0.27125,1,0
301.1,310.5,1547,35.8,81,0,9.399999999999977,5799.652309890069,0.4365853658536585,0,1
301.0,310.4,1614,31.6,84,0,9.399999999999977,5340.958838514936,0.37176470588235294,1,0
301.0,310.4,1512,44.9,86,0,9.399999999999977,7109.298511367559,0.5160919540229885,0,0
301.1,310.5,1529,38.7,91,0,9.399999999999977,6196.5087658670445,0.4206521739130435,1,0
301.1,310.6,1782,24.9,93,0,9.5,4646.604030218519,0.26489361702127656,0,0
301.0,310.5,1429,39.4,98,0,9.5,5895.994484600156,0.397979797979798,1,0
301.1,310.5,1309,60.7,100,0,9.399999999999977,8320.644278714222,0.600990099009901,0,1
301.1,310.5,1428,44.1,103,0,9.399999999999977,6594.70563470955,0.42403846153846153,1,0
301.2,310.6,1385,49.2,105,0,9.400000000000034,7135.813553363857,0.4641509433962264,1,0
301.2,310.7,1517,39.4,107,0,9.5,6259.07881955104,0.3648148148148148,1,0
301.2,310.6,1576,39.6,109,0,9.400000000000034,6535.518029115919,0.36,0,1
301.2,310.6,1437,51.2,112,0,9.400000000000034,7704.693151075897,0.4530973451327434,1,0
301.2,310.6,1457,50.5,114,0,9.400000000000034,7705.122502071887,0.4391304347826087,0,0
301.1,310.5,1532,37.5,119,0,9.399999999999977,6016.1499316244535,0.3125,1,0
301.1,310.5,1603,32.6,121,0,9.399999999999977,5472.424019092156,0.26721311475409837,0,1
301.0,310.4,1563,34.4,124,0,9.399999999999977,5630.488017469771,0.2752,1,0
301.0,310.3,1617,34.5,126,0,9.300000000000011,5841.9486189829,0.27165354330708663,1,0
300.8,310.1,1686,26.9,128,0,9.300000000000011,4749.396941843977,0.2085271317829457,0,1
300.9,310.2,1382,50.4,131,0,9.300000000000011,7294.0241593986375,0.38181818181818183,1,0
300.9,310.1,2090,17.8,133,0,9.200000000000045,3895.7843299615834,0.1328358208955224,1,0
300.9,310.3,1446,44.5,135,0,9.400000000000034,6738.402082684747,0.3272058823529412,1,0
300.9,310.2,1533,38.1,137,0,9.300000000000011,6116.398153200504,0.27608695652173915,0,1
300.9,310.3,1440,47.6,140,0,9.400000000000034,7177.91089492196,0.3375886524822695,1,0
301.0,310.4,1793,25.0,142,0,9.399999999999977,4694.06302323875,0.17482517482517482,0,1
301.0,310.4,1517,46.1,145,0,9.399999999999977,7323.439938611751,0.31575342465753425,0,1
300.9,310.4,1544,36.0,148,0,9.5,5820.742868571169,0.24161073825503357,1,0
300.9,310.3,1321,48.8,150,0,9.400000000000034,6750.738069837843,0.32317880794701986,1,0
300.9,310.3,1416,50.9,152,0,9.400000000000034,7547.613518396407,0.3326797385620915,0,1
300.8,310.2,1514,40.0,155,0,9.399999999999977,6341.828370046595,0.2564102564102564,1,0
300.8,310.2,1304,52.5,157,0,9.399999999999977,7169.114435491908,0.3322784810126582,0,1
300.7,310.2,1286,64.9,160,0,9.5,8740.057369943972,0.40310559006211183,1,0
300.7,310.1,1483,40.2,162,0,9.400000000000034,6243.035753066709,0.24662576687116566,0,1
300.7,310.1,1351,46.9,165,0,9.400000000000034,6635.24265191637,0.2825301204819277,1,0
300.7,310.1,1367,52.6,167,0,9.400000000000034,7529.79021607504,0.3130952380952381,0,1
300.7,310.1,1721,32.3,170,0,9.400000000000034,5821.193163518183,0.18888888888888888,1,0
300.6,310.0,1455,40.4,172,0,9.399999999999977,6155.63664544384,0.23352601156069364,1,0
300.6,310.0,1425,49.5,174,0,9.399999999999977,7386.669726753,0.28285714285714286,1,0
300.7,310.0,1672,29.7,176,0,9.300000000000011,5200.215487634114,0.16779661016949152,1,0
300.7,310.0,1641,34.6,178,0,9.300000000000011,5945.841088037114,0.19329608938547488,0,1
300.5,310.0,1580,37.0,181,0,9.5,6121.91688429531,0.2032967032967033,0,1
300.5,310.0,1495,47.4,184,0,9.5,7420.75600704445,0.2562162162162162,0,0
300.5,309.9,1994,19.8,189,0,9.399999999999977,4134.461595830312,0.10421052631578948,0,1
300.4,309.9,1415,31.8,192,0,9.5,4712.07482111933,0.16476683937823836,0,1
300.4,309.8,1725,30.4,195,0,9.400000000000034,5491.5039584749575,0.15510204081632653,0,1
300.4,309.8,1430,43.4,198,0,9.400000000000034,6499.117442236326,0.21809045226130652,0,1
300.4,309.8,1395,48.1,201,0,9.400000000000034,7026.643208651611,0.23811881188118814,1,0
300.4,309.8,1435,43.6,203,0,9.400000000000034,6551.896198816634,0.21372549019607845,0,1
300.4,309.9,1681,28.6,206,0,9.5,5034.569778985835,0.1381642512077295,1,0
300.5,310.0,1451,48.6,208,0,9.5,7384.6905233812395,0.23253588516746412,1,0
300.5,309.9,1397,45.9,210,1,9.399999999999977,6714.871553709359,0.21753554502369668,0,0
300.4,309.8,1421,47.2,0,0,9.400000000000034,7023.679639581725,47.2,0,1
300.3,309.8,1444,42.0,3,0,9.5,6351.0437084971245,10.5,0,1
300.2,309.8,1827,23.0,6,0,9.600000000000023,4400.4288298832225,3.2857142857142856,1,0
300.2,309.8,1374,47.7,8,0,9.600000000000023,6863.311806591479,5.300000000000001,0,0
300.2,309.8,1650,29.6,13,0,9.600000000000023,5114.512840044184,2.1142857142857143,1,0
300.2,309.7,1275,60.7,15,0,9.5,8104.523648098269,3.79375,1,0
300.2,309.7,1421,44.6,17,0,9.5,6636.78203231663,2.477777777777778,1,0
300.2,309.8,1557,33.8,19,0,9.600000000000023,5511.044664780286,1.69,1,0
300.1,309.8,1506,35.2,21,0,9.699999999999989,5551.319882599309,1.6,1,0
300.1,309.7,1362,49.1,23,0,9.599999999999966,7003.049847823151,2.0458333333333334,1,0
300.0,309.7,1542,47.1,25,0,9.699999999999989,7605.607318781674,1.8115384615384615,1,0
300.0,309.6,1496,38.8,27,0,9.600000000000023,6078.437241969627,1.3857142857142857,1,0
300.0,309.6,1491,42.0,29,0,9.600000000000023,6557.760505103333,1.4,0,1
300.1,309.6,1565,34.8,32,0,9.5,5703.247303326909,1.0545454545454545,1,0
300.1,309.7,1481,37.9,34,0,9.599999999999966,5877.909382890991,1.0828571428571427,1,0
300.1,309.7,1420,48.4,36,0,9.599999999999966,7197.179329863976,1.308108108108108,0,1
300.2,309.8,1398,54.8,39,0,9.600000000000023,8022.622327619182,1.3699999999999999,1,0
300.2,309.8,1466,45.7,41,0,9.600000000000023,7015.82565794775,1.0880952380952382,0,1
300.1,309.8,1430,56.7,44,0,9.699999999999989,8490.782464857135,1.26,1,0
300.1,309.7,1441,40.1,46,0,9.599999999999966,6051.136801809933,0.8531914893617022,1,0
300.1,309.7,1348,57.3,48,0,9.599999999999966,8088.595773344568,1.1693877551020408,0,1
300.0,309.6,1738,28.7,51,0,9.600000000000023,5223.484217221701,0.551923076923077,1,0
300.0,309.6,1618,36.2,53,0,9.600000000000023,6133.603608966664,0.6703703703703704,0,1
299.9,309.6,1489,41.7,56,0,9.700000000000045,6502.18573106133,0.7315789473684211,0,1
299.9,309.5,1412,57.9,59,0,9.600000000000023,8561.342635856761,0.965,0,1
299.9,309.5,2065,18.1,62,0,9.600000000000023,3914.057927229964,0.28730158730158734,0,1
300.0,309.6,1571,33.1,65,0,9.600000000000023,5445.437738197819,0.5015151515151516,1,0
300.0,309.6,1423,48.7,67,0,9.600000000000023,7257.089501767935,0.7161764705882353,0,1
300.0,309.5,1781,24.9,70,0,9.5,4643.99650831604,0.35070422535211265,0,0
300.1,309.6,1321,46.9,75,0,9.5,6487.901956463009,0.6171052631578947,1,0
300.1,309.6,1546,36.7,77,0,9.5,5941.610409930279,0.47051282051282056,1,0
300.0,309.5,1879,22.4,79,0,9.5,4407.612605084431,0.27999999999999997,0,1
300.0,309.5,1735,28.9,82,0,9.5,5250.80560133242,0.3481927710843373,0,0
300.0,309.5,1506,38.8,87,0,9.5,6119.068506956055,0.44090909090909086,1,0
300.0,309.6,1629,32.3,89,0,9.600000000000023,5510.007939204601,0.35888888888888887,0,0
300.0,309.6,1694,28.7,94,0,9.600000000000023,5091.244110456595,0.3021052631578947,1,0
300.1,309.6,1541,37.0,96,0,9.5,5970.806277657641,0.38144329896907214,1,0
300.0,309.6,1514,44.6,98,0,9.600000000000023,7071.138632601954,0.4505050505050505,1,0
300.1,309.7,1485,45.9,100,0,9.599999999999966,7137.85558858869,0.4544554455445544,1,0
300.2,309.8,1430,55.0,102,0,9.600000000000023,8236.208740161243,0.5339805825242718,1,0
300.2,309.7,1771,27.1,104,0,9.5,5025.9303991884635,0.2580952380952381,1,0
300.2,309.8,1481,41.9,106,0,9.600000000000023,6498.269212219856,0.39158878504672895,1,0
300.2,309.7,1483,43.8,108,0,9.5,6802.1135816995475,0.40183486238532107,0,0
300.1,309.6,1463,45.1,113,0,9.5,6909.545578476808,0.3956140350877193,0,0
300.1,309.7,1410,48.3,118,0,9.599999999999966,7131.729482914189,0.40588235294117647,1,0
300.2,309.7,1656,34.3,120,0,9.5,5948.16586660077,0.2834710743801653,1,0
300.2,309.8,1487,39.2,122,0,9.600000000000023,6104.156413827017,0.31869918699186994,0,1
300.3,309.9,1509,46.6,125,0,9.599999999999966,7363.830348161403,0.36984126984126986,0,0
300.3,309.9,1677,30.1,130,0,9.599999999999966,5286.012383003651,0.2297709923664122,0,0
300.3,309.8,1450,55.0,135,0,9.5,8351.400470792867,0.40441176470588236,1,0
300.2,309.7,1413,43.0,137,0,9.5,6362.667601315408,0.3115942028985507,0,1
300.1,309.7,1680,33.8,140,0,9.599999999999966,5946.40657471476,0.23971631205673757,1,0
300.2,309.7,1678,30.5,142,0,9.5,5359.452347269067,0.21328671328671328,1,0
300.2,309.7,1408,44.0,144,0,9.5,6487.5982691731615,0.30344827586206896,0,1
300.1,309.6,1376,52.1,147,0,9.5,7507.31735662636,0.35202702702702704,0,1
300.0,309.6,1526,46.4,150,0,9.600000000000023,7414.8288689046785,0.3072847682119205,1,0
300.0,309.6,1587,32.6,152,0,9.600000000000023,5417.802194821742,0.21307189542483662,0,1
300.1,309.7,1351,58.2,155,0,9.599999999999966,8233.925849499632,0.3730769230769231,1,0
300.1,309.6,1501,38.0,157,0,9.5,5973.005392515155,0.24050632911392406,0,1
300.1,309.7,1601,35.8,160,0,9.599999999999966,6002.096540487395,0.22236024844720495,1,0
300.0,309.6,1573,39.7,162,0,9.600000000000023,6539.549739688026,0.24355828220858897,0,1
300.1,309.6,1584,36.7,165,0,9.5,6087.652580420158,0.2210843373493976,0,1
300.1,309.6,1649,33.6,168,0,9.5,5802.144640061917,0.1988165680473373,1,0
300.2,309.7,1183,61.4,170,0,9.5,7606.445076822631,0.3590643274853801,0,1
300.1,309.7,2151,17.5,173,0,9.599999999999966,3941.913382091793,0.10057471264367816,1,0
300.2,309.8,1526,45.6,175,0,9.600000000000023,7286.986991854598,0.2590909090909091,1,0
300.3,309.9,1611,29.0,177,0,9.599999999999966,4892.402239435385,0.16292134831460675,0,1
300.3,309.9,1601,31.7,180,0,9.599999999999966,5314.705595906436,0.17513812154696132,1,0
300.3,310.0,1560,40.8,182,0,9.699999999999989,6665.202973856104,0.22295081967213112,1,0
300.4,310.1,1544,41.9,184,0,9.700000000000045,6774.697949809221,0.22648648648648648,1,0
300.4,310.0,1560,42.3,186,0,9.600000000000023,6910.247200836108,0.22620320855614973,0,1
300.4,310.0,1423,44.2,189,0,9.600000000000023,6586.516549859193,0.23263157894736844,1,0
300.4,310.1,1614,33.5,191,0,9.700000000000045,5662.092439564884,0.17447916666666666,1,0
300.4,310.1,1457,35.1,193,0,9.700000000000045,5355.441580647985,0.1809278350515464,0,1
300.4,310.1,1503,42.2,196,0,9.700000000000045,6642.018020072613,0.21421319796954316,1,0
300.4,310.1,1484,38.0,198,0,9.700000000000045,5905.356430707854,0.19095477386934673,0,0
300.3,309.9,1540,39.9,203,0,9.599999999999966,6434.610073082614,0.19558823529411765,1,0
300.3,309.9,1405,52.1,205,0,9.599999999999966,7665.538434636656,0.2529126213592233,0,0
300.3,309.9,1394,46.7,210,1,9.599999999999966,6817.235114338828,0.2213270142180095,0,0
300.3,309.9,1518,36.4,0,0,9.599999999999966,5786.311013087825,36.4,1,0
300.3,309.9,1527,41.4,2,0,9.599999999999966,6620.152535203626,13.799999999999999,1,0
300.3,309.9,1377,55.3,4,0,9.599999999999966,7974.210384827364,11.059999999999999,1,0
300.3,310.0,1537,37.5,6,0,9.699999999999989,6035.78488570939,5.357142857142857,0,1
300.3,310.0,1409,43.2,9,0,9.699999999999989,6374.165830427547,4.32,0,1
300.3,309.9,1393,56.1,12,0,9.599999999999966,8183.566119262589,4.315384615384615,1,0
300.2,309.7,1448,36.8,14,0,9.5,5580.138759208238,2.453333333333333,1,0
300.2,309.8,1418,49.3,16,0,9.600000000000023,7320.685809052104,2.9,1,0
300.2,309.8,1743,24.1,18,0,9.600000000000023,4398.889449482965,1.2684210526315791,0,1
300.2,309.8,1394,47.4,21,0,9.600000000000023,6919.420651384591,2.1545454545454543,0,1
300.3,309.8,1523,39.2,24,0,9.5,6251.9369322518805,1.568,1,0
300.2,309.8,1353,59.4,26,0,9.600000000000023,8416.13822340784,2.1999999999999997,1,0
300.3,309.9,1447,46.5,28,0,9.599999999999966,7046.121083103867,1.603448275862069,0,1
300.3,309.9,1570,34.0,31,0,9.599999999999966,5589.9405282874395,1.0625,1,0
300.3,309.9,1494,38.5,33,0,9.599999999999966,6023.37559472771,1.1323529411764706,0,1
300.3,309.9,1621,34.1,36,0,9.599999999999966,5788.499655969826,0.9216216216216216,1,0
300.4,310.0,1769,26.1,38,0,9.600000000000023,4835.005341654299,0.6692307692307693,1,0
300.4,310.0,1282,66.1,40,0,9.600000000000023,8873.972992790994,1.6121951219512194,1,0
300.4,310.0,1581,30.3,42,0,9.600000000000023,5016.526565178718,0.7046511627906977,1,0
300.6,310.1,1656,32.7,44,0,9.5,5670.700403435721,0.7266666666666667,1,0
300.6,310.2,1648,31.7,46,0,9.599999999999966,5470.727559059217,0.674468085106383,1,0
300.7,310.2,1639,31.4,48,0,9.5,5389.360309331242,0.6408163265306123,1,0
300.7,310.2,1348,54.8,50,0,9.5,7735.690198591315,1.0745098039215686,1,0
300.8,310.3,1537,33.3,52,0,9.5,5359.776978509938,0.6283018867924528,1,0
300.8,310.3,1270,61.0,54,0,9.5,8112.639429120041,1.1090909090909091,0,1
300.7,310.3,1662,34.4,57,0,9.600000000000023,5987.121615505283,0.593103448275862,1,0
300.7,310.3,1471,40.2,59,0,9.600000000000023,6192.518943196986,0.67,0,1
300.6,310.1,1337,45.8,62,0,9.5,6412.472316850317,0.726984126984127,1,0
300.7,310.2,1877,24.8,64,0,9.5,4874.662712918114,0.38153846153846155,0,0
300.6,310.2,1519,44.6,69,0,9.599999999999966,7094.491137993638,0.6371428571428571,1,0
300.6,310.2,1378,47.3,71,0,9.599999999999966,6825.570806846351,0.6569444444444444,1,0
300.7,310.2,1696,27.5,73,0,9.5,4884.129378780932,0.3716216216216216,1,0
300.7,310.1,1376,50.8,75,0,9.400000000000034,7319.994658668313,0.6684210526315789,1,0
300.7,310.2,1807,24.2,77,0,9.5,4579.33205952965,0.31025641025641026,1,0
300.7,310.1,1598,32.8,79,0,9.400000000000034,5488.823132743894,0.41,1,0
300.7,310.1,1565,40.2,81,0,9.400000000000034,6588.233953843154,0.49024390243902444,1,0
300.7,310.2,1387,50.6,83,0,9.5,7349.462797758985,0.6023809523809524,1,0
300.7,310.0,1395,48.0,85,0,9.300000000000011,7012.034802812417,0.5581395348837209,1,0
300.6,310.0,1302,62.9,87,0,9.399999999999977,8576.108121328632,0.7147727272727272,0,1
300.6,310.0,1397,55.2,90,0,9.399999999999977,8075.401084199491,0.6065934065934067,0,1
300.6,310.0,1313,52.9,93,0,9.399999999999977,7273.593335174792,0.5627659574468085,1,0
300.6,310.0,1505,35.9,95,0,9.399999999999977,5657.956009237657,0.37395833333333334,1,0
300.6,310.0,1483,44.0,97,0,9.399999999999977,6833.173461068039,0.4489795918367347,0,0
300.5,310.0,1358,60.4,102,0,9.5,8589.449418130878,0.5864077669902913,0,0
300.5,309.9,1735,27.0,107,0,9.399999999999977,4905.596928580462,0.25,0,1
300.5,309.8,1416,48.5,110,0,9.300000000000011,7191.733902597755,0.4369369369369369,0,1
300.4,309.7,1740,31.1,113,0,9.300000000000011,5666.80482854527,0.27280701754385966,1,0
300.4,309.7,1692,27.4,115,0,9.300000000000011,4854.891623151522,0.23620689655172414,1,0
300.5,309.8,1507,42.5,117,0,9.300000000000011,6707.03851602641,0.3601694915254237,1,0
300.4,309.6,1521,35.0,119,0,9.200000000000045,5574.756163795087,0.2916666666666667,0,1
300.4,309.6,1379,54.5,122,0,9.200000000000045,7870.26555589559,0.44308943089430897,1,0
300.4,309.6,1523,38.5,124,0,9.200000000000045,6140.2952013188105,0.308,1,0
300.4,309.6,1571,33.6,126,0,9.200000000000045,5527.695105844312,0.26456692913385826,0,0
300.4,309.5,1547,50.7,131,0,9.100000000000023,8213.474081324763,0.3840909090909091,0,0
300.5,309.7,1347,54.3,136,0,9.199999999999989,7659.4228009376675,0.3963503649635036,0,1
300.5,309.7,1560,30.2,139,0,9.199999999999989,4933.5571031974105,0.21571428571428572,1,0
300.5,309.7,1384,48.6,141,0,9.199999999999989,7043.702056760603,0.34225352112676055,1,0
300.5,309.7,1841,24.6,143,0,9.199999999999989,4742.611101712224,0.17083333333333334,1,0
300.5,309.8,1663,29.1,145,1,9.300000000000011,5067.734525432232,0.1993150684931507,1,0
300.6,309.8,1418,42.7,147,0,9.199999999999989,6340.634564838233,0.2885135135135135,1,0
300.7,309.9,1775,26.6,149,0,9.199999999999989,4944.3432379747355,0.17733333333333334,1,0
300.7,309.8,1406,48.4,151,0,9.100000000000023,7126.221223794894,0.31842105263157894,1,0
300.6,309.9,1480,43.7,153,0,9.299999999999955,6772.854882119115,0.2837662337662338,1,0
300.7,309.9,1412,45.3,155,0,9.199999999999989,6698.25252857187,0.29038461538461535,1,0
300.6,309.8,1913,22.5,157,0,9.199999999999989,4507.400059737956,0.14240506329113925,0,0
300.6,309.8,1629,37.6,162,0,9.199999999999989,6414.126888981208,0.23067484662576687,1,0
300.5,309.8,1939,21.4,164,0,9.300000000000011,4345.304350788235,0.1296969696969697,1,0
300.6,309.8,1541,36.2,166,0,9.199999999999989,5841.707763546125,0.21676646706586827,0,0
300.7,309.8,1330,54.4,171,0,9.100000000000023,7576.683722417623,0.31627906976744186,1,0
300.7,309.8,1490,38.8,173,0,9.100000000000023,6054.05848297777,0.22298850574712642,0,1
300.7,309.9,1383,44.5,176,0,9.199999999999989,6444.820249206781,0.2514124293785311,1,0
300.8,310.0,1468,52.7,178,0,9.199999999999989,8101.497247175312,0.29441340782122905,1,0
300.8,309.9,1444,46.0,180,0,9.099999999999966,6955.905014068279,0.2541436464088398,0,1
300.7,309.8,1363,53.1,183,0,9.100000000000023,7579.123692711912,0.28858695652173916,1,0
300.6,309.7,1617,33.2,185,0,9.099999999999966,5621.817221745863,0.17849462365591398,1,0
300.6,309.8,1694,31.1,187,0,9.199999999999989,5516.992746871084,0.16542553191489362,0,1
300.7,309.9,1815,27.0,190,0,9.199999999999989,5131.791599638927,0.14136125654450263,1,0
300.8,309.9,1312,65.3,192,1,9.099999999999966,8971.718412219681,0.3383419689119171,1,0
300.8,309.9,2041,19.2,194,0,9.099999999999966,4103.673987825131,0.09846153846153846,0,0
300.9,310.0,1671,26.8,199,0,9.100000000000023,4689.6438495727,0.134,1,0
300.9,310.0,1416,46.6,201,0,9.100000000000023,6909.995873423823,0.2306930693069307,0,1
300.9,310.0,1600,36.0,204,0,9.100000000000023,6031.857894892403,0.17560975609756097,0,1
300.9,310.0,2595,13.7,207,0,9.100000000000023,3722.944374136584,0.06586538461538462,1,0
300.9,309.9,1465,42.9,209,0,9.0,6581.479529637937,0.2042857142857143,0,1
301.0,310.1,1681,27.4,212,0,9.100000000000023,4823.329088958457,0.12863849765258215,0,1
301.1,310.1,1457,39.6,215,0,9.0,6042.0366550900335,0.18333333333333335,1,0
301.0,310.1,1454,44.1,217,0,9.100000000000023,6714.777305929752,0.20229357798165137,0,0
301.0,310.1,1558,32.6,0,0,9.100000000000023,5318.800138331616,32.6,1,0
301.0,310.1,1756,30.7,2,0,9.100000000000023,5645.358222696762,10.233333333333333,0,0
301.1,310.1,1564,36.8,7,0,9.0,6027.1664498630425,4.6,1,0
301.1,310.2,1455,55.3,9,0,9.099999999999966,8425.908576560503,5.529999999999999,1,0
301.2,310.1,2280,15.7,11,0,8.900000000000034,3748.548354263341,1.3083333333333333,0,1
301.1,310.0,1433,48.1,14,0,8.899999999999977,7218.049977059324,3.2066666666666666,0,1
301.1,310.0,1513,38.0,17,0,8.899999999999977,6020.757600849719,2.111111111111111,1,0
301.0,309.9,1507,41.8,19,0,8.899999999999977,6596.569646350681,2.09,1,0
301.0,310.0,1480,43.5,21,0,9.0,6741.857834603696,1.9772727272727273,1,0
301.1,310.0,1470,40.1,23,0,8.899999999999977,6172.915405038584,1.6708333333333334,0,0
301.1,310.1,1540,36.6,28,0,9.0,5902.424277564503,1.2620689655172415,1,0
301.0,310.0,1212,67.9,30,0,9.0,8617.891303621378,2.1903225806451614,0,0
301.1,310.1,1417,46.9,35,0,9.0,6959.392181913765,1.3027777777777778,1,0
301.2,310.1,1666,34.9,37,0,8.900000000000034,6088.762609824426,0.9184210526315789,0,1
301.1,310.1,1666,27.2,40,0,9.0,4745.396647198407,0.6634146341463415,1,0
301.1,310.1,1489,45.8,42,0,9.0,7141.489364091341,1.0651162790697675,1,0
301.1,310.2,1850,27.7,44,0,9.099999999999966,5366.363851106965,0.6155555555555555,0,1
301.1,310.4,1874,24.8,47,0,9.299999999999955,4866.8715631372115,0.5166666666666667,1,0
301.1,310.4,1312,73.6,49,1,9.299999999999955,10112.074657570729,1.472,1,0
301.2,310.4,1515,38.4,51,0,9.199999999999989,6092.176473841327,0.7384615384615384,1,0
301.2,310.4,1516,44.4,53,0,9.199999999999989,7048.728605006347,0.8222222222222222,1,0
301.2,310.5,1546,40.0,55,0,9.300000000000011,6475.86965659976,0.7142857142857143,1,0
301.3,310.6,1481,40.9,57,0,9.300000000000011,6343.179254887639,0.7051724137931035,1,0
301.3,310.6,1605,32.5,59,0,9.300000000000011,5462.444226429253,0.5416666666666666,0,0
301.2,310.7,1656,26.2,64,0,9.5,4543.496959327702,0.40307692307692305,0,0
301.2,310.6,1352,52.0,69,0,9.400000000000034,7362.217663932561,0.7428571428571429,0,0
301.3,310.7,1504,47.2,74,0,9.399999999999977,7433.929752238504,0.6293333333333334,1,0
301.3,310.6,1436,44.2,76,0,9.300000000000011,6646.68852115095,0.5740259740259741,1,0
301.2,310.5,1505,43.6,78,0,9.300000000000011,6871.500891441835,0.5518987341772152,0,0
301.3,310.5,1406,47.1,83,0,9.199999999999989,6934.814455387181,0.5607142857142857,1,0
301.3,310.5,1481,39.7,85,0,9.199999999999989,6157.071306088981,0.4616279069767442,0,1
301.4,310.7,1487,44.6,88,0,9.300000000000011,6945.035103486861,0.501123595505618,1,0
301.4,310.7,1436,54.1,90,0,9.300000000000011,8135.42644783408,0.5945054945054945,1,0
301.4,310.7,1368,63.7,92,1,9.300000000000011,9125.447012735343,0.6849462365591398,0,1
301.4,310.7,1509,38.3,95,0,9.300000000000011,6052.2468312142,0.3989583333333333,1,0
301.4,310.8,1543,36.9,97,0,9.400000000000034,5962.397281321531,0.3765306122448979,1,0
301.4,310.8,1698,29.6,99,0,9.400000000000034,5263.298668118196,0.29600000000000004,1,0
301.4,310.7,1470,46.5,101,0,9.300000000000011,7158.118861204343,0.45588235294117646,0,1
301.4,310.8,1738,30.3,104,0,9.400000000000034,5514.688912258452,0.2885714285714286,0,1
301.4,310.8,1530,39.9,107,0,9.400000000000034,6392.82689078987,0.3694444444444444,0,1
301.4,310.8,1740,29.2,110,0,9.400000000000034,5320.601318119674,0.26306306306306304,1,0
301.4,310.8,1770,24.1,112,0,9.400000000000034,4467.030594139327,0.21327433628318584,1,0
301.3,310.6,1527,44.0,114,0,9.300000000000011,7035.9109069797,0.3826086956521739,0,0
301.3,310.7,1516,46.0,119,0,9.399999999999977,7302.736843024593,0.38333333333333336,1,0
301.4,310.7,1616,36.5,121,0,9.300000000000011,6176.7900359780115,0.29918032786885246,1,0
301.4,310.7,1786,26.1,123,0,9.300000000000011,4881.469497000893,0.21048387096774196,1,0
301.4,310.8,1389,52.7,125,0,9.400000000000034,7665.517490685631,0.41825396825396827,1,0
301.4,310.7,1639,29.8,127,0,9.300000000000011,5114.7432235054475,0.2328125,0,1
301.5,310.7,1394,46.7,130,0,9.199999999999989,6817.235114338828,0.3564885496183206,0,0
301.5,310.7,1686,27.9,135,0,9.199999999999989,4925.954448975724,0.2051470588235294,1,0
301.5,310.6,1638,31.9,137,0,9.100000000000023,5471.837588463486,0.23115942028985506,0,1
301.5,310.6,1447,41.9,140,0,9.100000000000023,6349.085449076388,0.29716312056737587,0,1
301.5,310.6,1512,39.0,143,0,9.100000000000023,6175.114519896098,0.2708333333333333,0,0
301.6,310.8,1961,21.8,148,0,9.199999999999989,4476.748587414431,0.14630872483221477,1,0
301.5,310.7,1596,35.4,150,0,9.199999999999989,5916.4986126525855,0.2344370860927152,1,0
301.5,310.7,1871,21.3,152,0,9.199999999999989,4173.323096955217,0.1392156862745098,0,1
301.5,310.7,1942,20.5,155,0,9.199999999999989,4168.998171068775,0.13141025641025642,1,0
301.4,310.6,1557,38.2,157,0,9.200000000000045,6228.458763154053,0.2417721518987342,1,0
301.4,310.6,1550,36.8,159,0,9.200000000000045,5973.214832025393,0.22999999999999998,1,0
301.3,310.6,1966,22.6,161,0,9.300000000000011,4652.866271574675,0.13950617283950617,1,0
301.3,310.6,1499,36.1,163,0,9.300000000000011,5666.794356569757,0.2201219512195122,0,1
301.3,310.6,1521,36.3,166,0,9.300000000000011,5781.81853559319,0.21736526946107781,1,0
301.4,310.7,1375,42.0,168,0,9.300000000000011,6047.565858160351,0.2485207100591716,0,1
301.4,310.6,1634,31.1,171,0,9.200000000000045,5321.585683817799,0.1808139534883721,1,0
301.3,310.6,1378,49.4,173,0,9.300000000000011,7128.608834211623,0.28390804597701147,0,1
301.4,310.7,1428,53.7,176,0,9.300000000000011,8030.287813693942,0.30338983050847457,1,0
301.4,310.6,1855,25.3,178,0,9.200000000000045,4914.655187398313,0.14134078212290505,0,1
301.4,310.6,1578,33.0,181,0,9.200000000000045,5453.176528101163,0.1813186813186813,1,0
301.4,310.5,1451,45.3,183,0,9.100000000000023,6883.260919941772,0.24619565217391304,0,1
301.5,310.5,1644,34.9,186,0,9.0,6008.358781843551,0.18663101604278073,1,0
301.4,310.4,1388,45.3,188,0,9.0,6584.401210805775,0.23968253968253966,1,0
301.4,310.4,1543,40.9,190,0,9.0,6608.727609920072,0.21413612565445025,1,0
301.3,310.4,1501,41.6,192,0,9.099999999999966,6538.869061279749,0.2155440414507772,1,0
301.3,310.4,1507,39.1,194,0,9.099999999999966,6170.475434744298,0.20051282051282052,1,0
301.4,310.4,1559,36.0,196,0,9.0,5877.291536335785,0.18274111675126903,1,0
301.5,310.5,1528,35.7,198,0,9.0,5712.420753875393,0.17939698492462314,1,0
301.5,310.5,1503,38.2,200,0,9.0,6012.4428522932185,0.1900497512437811,0,1
301.5,310.5,1372,44.0,203,0,9.0,6321.7221770636215,0.21568627450980393,1,0
301.5,310.5,1600,32.8,205,0,9.0,5495.692748679745,0.15922330097087378,0,1
301.5,310.6,1453,44.0,208,0,9.100000000000023,6694.943384310088,0.21052631578947367,1,0
301.6,310.7,1813,24.6,210,0,9.099999999999966,4670.480134385802,0.1165876777251185,0,1
301.6,310.7,1457,40.4,213,0,9.099999999999966,6164.098001657509,0.18878504672897195,1,0
301.6,310.6,1553,38.9,0,0,9.0,6326.29843036235,38.9,0,1
301.7,310.7,1763,25.9,3,0,9.0,4781.682042347368,6.475,1,0
301.7,310.7,2023,20.9,5,0,9.0,4427.624550287798,3.483333333333333,1,0
301.6,310.7,1457,47.8,7,0,9.099999999999966,7293.165457406656,5.975,0,1
301.6,310.7,1679,29.5,10,0,9.099999999999966,5186.821830954308,2.6818181818181817,1,0
301.6,310.6,2103,19.7,12,0,9.0,4338.445206827897,1.5153846153846153,1,0
301.5,310.7,1460,38.6,14,0,9.199999999999989,5901.5865195235465,2.5733333333333333,0,1
301.5,310.7,1454,39.4,17,0,9.199999999999989,5999.143443393021,2.1888888888888887,0,1
301.5,310.6,1481,46.8,20,0,9.100000000000023,7258.210003147715,2.2285714285714286,1,0
301.5,310.7,1424,51.1,22,0,9.199999999999989,7620.079588939212,2.221739130434783,1,0
301.6,310.7,1494,39.5,24,0,9.099999999999966,6179.826908876482,1.58,1,0
301.5,310.6,1424,47.0,26,0,9.100000000000023,7008.68377064859,1.7407407407407407,0,1
301.5,310.7,1347,47.9,29,0,9.199999999999989,6756.654736002104,1.5966666666666667,0,1
301.5,310.6,1374,46.7,32,0,9.100000000000023,6719.426863057066,1.4151515151515153,1,0
301.5,310.6,1403,47.4,34,0,9.100000000000023,6964.094098918637,1.3542857142857143,0,1
301.5,310.6,1573,37.4,37,0,9.100000000000023,6160.684137640608,0.9842105263157894,0,1
301.6,310.6,1691,30.1,40,0,9.0,5330.141287811076,0.7341463414634146,0,1
301.5,310.5,1538,44.3,43,0,9.0,7134.9129634698265,1.0068181818181818,0,0
301.5,310.5,1556,39.1,48,0,9.0,6371.108013578053,0.7979591836734694,1,0
301.5,310.4,1593,36.8,50,0,8.899999999999977,6138.923372526742,0.7215686274509804,0,1
301.5,310.4,1474,39.9,53,0,8.899999999999977,6158.841069950503,0.7388888888888888,1,0
301.5,310.4,1543,34.0,55,0,8.899999999999977,5493.807793087591,0.6071428571428571,1,0
301.5,310.5,1587,33.8,57,0,9.0,5617.230496471621,0.5827586206896551,0,0
301.6,310.6,1222,70.0,62,0,9.0,8957.727852935697,1.1111111111111112,1,0
301.7,310.6,1513,41.1,64,0,8.900000000000034,6511.924668287459,0.6323076923076923,1,0
301.7,310.6,1660,28.7,66,0,8.900000000000034,4989.05857341083,0.42835820895522386,1,0
301.7,310.6,1545,42.1,68,0,8.900000000000034,6811.444111880711,0.610144927536232,1,0
301.7,310.6,1380,45.8,70,0,8.900000000000034,6618.707402582977,0.6450704225352112,0,1
301.6,310.6,1321,60.8,73,0,9.0,8410.75562799469,0.8216216216216216,1,0
301.6,310.6,1309,65.8,75,1,9.0,9019.742891917558,0.8657894736842104,0,1
301.7,310.7,1627,31.3,78,0,9.0,5332.864001444186,0.3962025316455696,0,1
301.6,310.7,1791,23.8,81,0,9.099999999999966,4463.763337779594,0.2902439024390244,0,1
301.7,310.7,1861,21.8,84,0,9.0,4248.459521253573,0.2564705882352941,0,1
301.7,310.7,1493,51.1,87,0,9.0,7989.31097351562,0.5806818181818182,1,0
301.7,310.7,1442,41.1,89,0,9.0,6206.34195087278,0.45666666666666667,0,1
301.7,310.7,1532,39.8,92,0,9.0,6385.140460764086,0.4279569892473118,1,0
301.6,310.7,1421,44.4,94,0,9.099999999999966,6607.020677911622,0.46736842105263154,0,1
301.6,310.6,1613,42.5,97,0,9.0,7178.801012840477,0.4336734693877551,1,0
301.7,310.6,1876,22.1,99,0,8.900000000000034,4341.639159359046,0.221,0,1
301.6,310.5,1593,34.5,102,0,8.899999999999977,5755.240661743821,0.33495145631067963,1,0
301.6,310.5,1397,49.4,104,0,8.899999999999977,7226.898796366935,0.47047619047619044,1,0
301.6,310.5,1414,49.3,106,0,8.899999999999977,7300.035073342506,0.46074766355140184,0,1
301.5,310.4,1378,55.3,109,0,8.899999999999977,7980.001387285481,0.5027272727272727,0,1
301.4,310.4,1301,51.2,112,0,9.0,6975.508552226682,0.4530973451327434,1,0
301.5,310.5,1737,29.3,114,0,9.0,5329.617689035476,0.25478260869565217,0,1
301.5,310.5,1396,44.5,117,0,9.0,6505.400627543504,0.3771186440677966,1,0
301.5,310.5,1534,39.3,119,0,9.0,6313.156101094833,0.32749999999999996,1,0
301.5,310.5,1774,25.5,121,0,9.0,4737.20756234805,0.20901639344262296,0,1
301.5,310.5,1453,48.0,124,0,9.0,7303.574601065551,0.384,0,0
301.5,310.5,1453,44.2,129,0,9.0,6725.374945147862,0.34,1,0
301.4,310.5,1380,48.4,131,0,9.100000000000023,6994.441883952316,0.36666666666666664,1,0
301.4,310.4,1334,43.2,133,0,9.0,6034.873823839849,0.32238805970149254,1,0
301.5,310.5,1702,28.7,135,0,9.0,5115.287766232069,0.21102941176470588,1,0
301.6,310.6,1431,37.5,137,0,9.0,5619.523859108743,0.2717391304347826,1,0
301.5,310.5,1308,60.5,139,0,9.0,8286.893101639156,0.43214285714285716,0,1
301.5,310.6,1565,43.9,142,0,9.100000000000023,7194.613695863543,0.30699300699300697,1,0
301.5,310.4,1486,39.6,144,0,8.899999999999977,6162.296821869451,0.2731034482758621,0,1
301.5,310.5,1479,34.2,147,0,9.0,5296.9137095116075,0.2310810810810811,1,0
301.5,310.5,1927,22.4,149,0,9.0,4520.20728578909,0.14933333333333332,1,0
301.5,310.4,1488,41.1,151,0,8.899999999999977,6404.325119902009,0.2703947368421053,1,0
301.5,310.4,1350,54.9,153,0,8.899999999999977,7761.304650693584,0.3564935064935065,0,1
301.6,310.4,1561,35.3,156,0,8.799999999999955,5770.4040822851475,0.22484076433121017,1,0
301.5,310.4,1276,55.6,158,0,8.899999999999977,7429.405858817334,0.349685534591195,0,1
301.5,310.4,1580,35.7,161,0,8.899999999999977,5906.822507279529,0.22037037037037038,0,0
301.4,310.3,1610,29.1,166,0,8.900000000000034,4906.22524711118,0.17425149700598802,0,1
301.4,310.3,2203,16.6,169,0,8.900000000000034,3829.5805007749345,0.09764705882352942,1,0
301.4,310.3,1639,32.7,171,0,8.900000000000034,5612.486691564703,0.19011627906976747,1,0
301.4,310.4,1553,44.7,173,0,9.0,7269.551152627174,0.25689655172413794,0,1
301.4,310.3,1374,47.6,176,0,8.900000000000034,6848.923312238037,0.2689265536723164,1,0
301.4,310.4,1430,50.9,178,0,9.0,7622.2368158946765,0.28435754189944135,1,0
301.3,310.3,1626,31.3,180,0,9.0,5329.58627310894,0.17292817679558012,1,0
301.4,310.5,1421,43.8,182,0,9.100000000000023,6517.7366146966,0.23934426229508196,0,0
301.3,310.4,1501,39.8,187,0,9.099999999999966,6255.937226897451,0.21170212765957444,0,1
301.3,310.4,2093,18.7,190,0,9.099999999999966,4098.636967603876,0.09790575916230367,0,1
301.3,310.4,1504,47.2,193,0,9.099999999999966,7433.929752238504,0.24329896907216497,1,0
301.3,310.4,1538,38.4,195,0,9.099999999999966,6184.66496156301,0.19591836734693877,1,0
301.3,310.4,1440,41.5,197,0,9.099999999999966,6258.052565950868,0.20959595959595959,1,0
301.3,310.4,1414,51.4,199,0,9.099999999999966,7610.9899141948235,0.257,1,0
301.4,310.5,1536,39.9,201,0,9.100000000000023,6417.896800165517,0.1975247524752475,0,0
301.4,310.5,1476,39.2,206,0,9.100000000000023,6059.001255419419,0.18937198067632852,1,0
301.4,310.5,1571,33.9,208,0,9.100000000000023,5577.049526432207,0.16220095693779904,1,0
301.5,310.6,1998,20.2,210,0,9.100000000000023,4226.44742872742,0.09573459715639811,1,0
301.5,310.6,1357,42.1,212,0,9.100000000000023,5982.608194059627,0.19765258215962442,1,0
301.6,310.7,1424,50.5,214,0,9.099999999999966,7530.607030164974,0.23488372093023255,1,0
301.6,310.7,1380,51.8,216,1,9.099999999999966,7485.78697497376,0.23870967741935484,1,0
301.5,310.7,1618,35.5,218,0,9.199999999999989,6014.998014318137,0.16210045662100456,1,0
301.5,310.6,1579,28.0,220,0,9.100000000000023,4629.869813350398,0.12669683257918551,1,0
301.5,310.7,1423,44.0,222,0,9.199999999999989,6556.713307552138,0.19730941704035873,1,0
301.5,310.7,1435,38.5,224,0,9.199999999999989,5785.504670973403,0.1711111111111111,1,0
301.5,310.7,1336,65.6,0,1,9.199999999999989,9177.806890295175,65.6,0,1
301.6,310.8,1392,42.4,3,0,9.199999999999989,6180.643722966415,10.6,1,0
301.5,310.8,1417,49.7,5,0,9.300000000000011,7374.878282326528,8.283333333333333,1,0
301.4,310.7,1425,45.1,7,0,9.300000000000011,6730.076862152733,5.6375,1,0
301.5,310.8,1512,38.9,9,0,9.300000000000011,6159.2808929220055,3.8899999999999997,1,0
301.5,310.9,1318,50.6,11,0,9.399999999999977,6983.844244734205,4.216666666666667,1,0
301.6,310.9,1538,40.4,13,0,9.299999999999955,6506.782928311083,2.8857142857142857,1,0
301.6,310.9,1532,43.6,15,0,9.299999999999955,6994.776987168699,2.725,1,0
301.7,311.0,1715,24.8,17,0,9.300000000000011,4453.94062474937,1.3777777777777778,1,0
301.7,311.0,1700,28.7,19,0,9.300000000000011,5109.2768522882,1.435,1,0
301.7,311.0,1548,40.3,21,0,9.300000000000011,6532.879091286903,1.8318181818181818,1,0
301.7,311.0,1546,43.0,23,0,9.300000000000011,6961.559880844741,1.7916666666666667,1,0
301.7,311.0,1343,49.2,25,0,9.300000000000011,6919.420651384591,1.8923076923076925,1,0
301.7,311.0,1510,47.8,27,0,9.300000000000011,7558.462485026802,1.707142857142857,0,1
301.8,311.0,1839,23.6,30,0,9.199999999999989,4544.879260095282,0.7612903225806452,0,1
301.8,311.0,1756,26.7,33,0,9.199999999999989,4909.806662736271,0.7852941176470588,0,1
301.7,310.9,1300,62.7,36,0,9.199999999999989,8535.707239803469,1.6945945945945946,0,1
301.7,311.0,1311,55.8,39,0,9.300000000000011,7660.648022072566,1.395,0,1
301.7,310.9,1636,31.3,42,0,9.199999999999989,5362.363556461394,0.727906976744186,1,0
301.6,310.9,1643,34.1,44,0,9.299999999999955,5867.060416260594,0.7577777777777778,1,0
301.6,310.8,1418,44.7,46,0,9.199999999999989,6637.619790357588,0.9510638297872341,1,0
301.7,310.8,1516,40.4,48,0,9.100000000000023,6413.708009960729,0.8244897959183674,0,1
301.6,310.9,1419,50.2,51,0,9.299999999999955,7459.586092242821,0.9653846153846154,0,0
301.6,310.9,1623,34.1,56,0,9.299999999999955,5795.6415432689855,0.5982456140350877,1,0
301.6,310.8,1664,32.0,58,0,9.199999999999989,5576.117520611644,0.5423728813559322,0,1
301.5,310.7,1744,28.2,61,0,9.199999999999989,5150.201332588963,0.45483870967741935,0,1
301.5,310.7,1510,36.0,64,0,9.199999999999989,5692.5658883047045,0.5538461538461539,0,1
301.5,310.6,1382,58.1,67,0,9.100000000000023,8408.388961528985,0.8544117647058824,0,1
301.4,310.6,1381,46.1,70,0,9.200000000000045,6666.888961913531,0.6492957746478873,1,0
301.3,310.6,1556,39.0,72,0,9.300000000000011,6354.813619681434,0.5342465753424658,1,0
301.4,310.6,1464,37.4,74,0,9.200000000000045,5733.783583919802,0.49866666666666665,0,1
301.4,310.6,1481,37.6,77,0,9.200000000000045,5831.382395691327,0.48205128205128206,1,0
301.5,310.7,1323,49.7,79,0,9.199999999999989,6885.648530358501,0.6212500000000001,1,0
301.5,310.7,1426,46.1,81,0,9.199999999999989,6884.130093909265,0.5621951219512196,1,0
301.4,310.7,1516,36.4,83,0,9.300000000000011,5778.687414915113,0.4333333333333333,0,0
301.3,310.6,1416,45.2,88,0,9.300000000000011,6702.39943087461,0.5078651685393258,1,0
301.3,310.6,1440,53.8,90,0,9.300000000000011,8112.848868630282,0.5912087912087912,1,0
301.3,310.6,1576,30.4,92,0,9.300000000000011,5017.165355684947,0.3268817204301075,1,0
301.3,310.6,1387,53.6,94,0,9.300000000000011,7785.201698811889,0.5642105263157895,1,0
301.4,310.6,1464,48.6,96,0,9.200000000000045,7450.85246466584,0.5010309278350515,0,1
301.4,310.6,2137,18.0,99,0,9.200000000000045,4028.150100432833,0.18,1,0
301.4,310.6,1431,40.6,101,0,9.200000000000045,6084.071164795066,0.39803921568627454,0,1
301.3,310.6,1458,48.0,104,0,9.300000000000011,7328.7073422942685,0.45714285714285713,1,0
301.4,310.7,1280,61.0,106,0,9.300000000000011,8176.518479743035,0.5700934579439252,1,0
301.4,310.7,1657,28.7,108,0,9.300000000000011,4980.042202495028,0.26330275229357797,1,0
301.4,310.6,1565,36.1,110,0,9.200000000000045,5916.299645117858,0.32522522522522523,0,1
301.3,310.6,1560,36.8,113,0,9.300000000000011,6011.7517019094275,0.3228070175438596,1,0
301.5,310.7,1359,47.1,115,0,9.199999999999989,6702.99633347879,0.4060344827586207,0,1
301.5,310.8,1500,41.0,118,0,9.300000000000011,6440.264939859077,0.3445378151260504,1,0
301.5,310.8,1785,25.5,120,0,9.300000000000011,4766.581453659114,0.21074380165289255,1,0
301.5,310.9,1891,23.2,122,0,9.399999999999977,4594.181320805617,0.18861788617886177,1,0
301.5,310.9,1524,40.4,124,0,9.399999999999977,6447.553434815403,0.3232,0,0
301.6,311.0,1431,42.3,129,0,9.399999999999977,6338.822913074661,0.3253846153846154,0,1
301.6,310.9,1385,51.2,132,0,9.299999999999955,7425.887275045315,0.3849624060150376,1,0
301.7,311.0,1503,44.8,134,0,9.300000000000011,7051.241879129218,0.33185185185185184,1,0
301.7,311.0,1311,46.8,136,0,9.300000000000011,6425.059631415701,0.3416058394160584,0,1
301.6,310.9,1575,40.1,139,0,9.299999999999955,6613.837933969912,0.2864285714285714,0,1
301.6,311.0,1485,40.1,142,0,9.399999999999977,6235.904337743061,0.2804195804195804,1,0
301.7,311.0,1527,42.2,144,0,9.300000000000011,6748.078188057803,0.2910344827586207,1,0
301.7,311.0,1537,33.5,146,0,9.300000000000011,5391.967831233722,0.22789115646258504,0,1
301.8,311.1,1463,50.1,149,0,9.300000000000011,7675.57058717712,0.334,0,0
301.7,311.2,1482,43.6,154,0,9.5,6766.487921007842,0.2812903225806452,1,0
301.8,311.2,1417,55.9,156,0,9.399999999999977,8294.883218954787,0.3560509554140127,1,0
301.7,311.1,1506,39.5,158,0,9.400000000000034,6229.464072803201,0.24842767295597484,0,1
301.7,311.2,1639,30.0,161,0,9.5,5149.070359233671,0.18518518518518517,0,0
301.7,311.2,1418,38.0,166,0,9.5,5642.719284867748,0.2275449101796407,1,0
301.7,311.0,1298,58.1,168,0,9.300000000000011,7897.314668642998,0.3437869822485207,0,1
301.8,311.1,1395,44.6,171,0,9.300000000000011,6515.349004279871,0.2593023255813954,0,1
301.7,311.1,1578,40.5,174,0,9.400000000000034,6692.534829942336,0.23142857142857143,0,1
301.8,311.1,1597,29.8,177,0,9.300000000000011,4983.67597799768,0.16741573033707866,0,1
301.7,311.0,2016,19.3,180,0,9.300000000000011,4074.520007999818,0.10662983425414366,0,0
301.7,311.0,1585,35.9,185,0,9.300000000000011,5958.71114594132,0.19301075268817203,1,0
301.7,311.0,1505,44.0,187,0,9.300000000000011,6934.54218402387,0.23404255319148937,0,1
301.7,311.0,1505,37.1,190,0,9.300000000000011,5847.079886983764,0.19424083769633507,0,1
301.6,310.9,1706,29.5,193,0,9.299999999999955,5270.231115907117,0.15206185567010308,1,0
301.6,310.9,1385,50.7,195,0,9.299999999999955,7353.36884462495,0.2586734693877551,1,0
301.8,311.1,1495,36.9,197,0,9.300000000000011,5776.917651053591,0.18636363636363637,1,0
301.8,311.1,1663,31.6,199,0,9.300000000000011,5503.106907342217,0.158,0,1
301.8,311.2,1840,26.6,202,0,9.399999999999977,5125.403694576628,0.1310344827586207,1,0
301.8,311.2,1822,26.2,204,0,9.399999999999977,4998.944118294126,0.1278048780487805,1,0
301.7,311.1,1644,32.8,206,0,9.400000000000034,5646.824299268437,0.1584541062801932,1,0
301.7,311.0,1441,44.3,208,1,9.300000000000011,6684.921703745137,0.21196172248803827,1,0
301.5,310.9,1451,40.6,0,0,9.399999999999977,6169.1036059522285,40.6,1,0
301.5,310.9,1400,50.8,2,0,9.399999999999977,7447.668984110202,16.933333333333334,1,0
301.4,310.8,1362,53.2,4,0,9.400000000000034,7587.825904362355,10.64,1,0
301.4,310.8,1782,26.5,6,0,9.400000000000034,4945.180996015693,3.7857142857142856,0,1
301.4,310.9,1536,38.3,9,0,9.5,6160.53752998344,3.8299999999999996,1,0
301.5,310.9,1580,32.3,11,0,9.399999999999977,5344.267982776716,2.6916666666666664,1,0
301.4,311.0,1427,43.2,13,0,9.600000000000023,6455.5959120085945,3.085714285714286,0,1
301.3,310.9,1509,41.7,16,0,9.599999999999966,6589.522006831127,2.4529411764705884,1,0
301.3,310.8,1434,39.5,18,0,9.5,5931.6410892428885,2.0789473684210527,0,0
301.2,310.8,1392,52.6,23,0,9.600000000000023,7667.496694057393,2.191666666666667,1,0
301.3,310.8,1509,40.1,25,0,9.5,6336.68663007022,1.5423076923076924,0,1
301.2,310.7,1962,22.5,28,0,9.5,4622.85358975738,0.7758620689655172,0,1
301.3,310.7,1536,39.3,31,0,9.399999999999977,6321.387073847238,1.228125,1,0
301.3,310.8,1381,47.9,33,0,9.5,6927.20132918998,1.4088235294117646,1,0
301.2,310.7,1747,27.3,35,0,9.5,4994.409752897445,0.7583333333333333,0,0
301.2,310.6,1670,30.0,40,0,9.400000000000034,5246.459731494954,0.7317073170731707,1,0
301.3,310.6,1451,47.5,42,0,9.300000000000011,7217.54732223475,1.1046511627906976,1,0
301.2,310.7,1951,21.3,44,0,9.5,4351.765559679117,0.47333333333333333,1,0
301.3,310.7,1819,25.5,46,0,9.399999999999977,4857.373481347859,0.5425531914893617,0,1
301.3,310.8,1372,54.2,49,0,9.5,7787.212318110189,1.084,0,1
301.3,310.8,1560,38.5,52,0,9.5,6289.468492486765,0.7264150943396226,1,0
301.3,310.8,1494,35.3,54,0,9.5,5522.731389451641,0.6418181818181817,0,1
301.3,310.8,1531,53.4,57,0,9.5,8561.405467709832,0.9206896551724137,1,0
301.3,310.8,1450,46.9,59,0,9.5,7121.466946912463,0.7816666666666666,1,0
301.3,310.7,1391,52.5,61,0,9.399999999999977,7647.421917000955,0.8467741935483871,0,1
301.2,310.6,1389,45.3,64,0,9.400000000000034,6589.145015712695,0.6969230769230769,1,0
301.2,310.6,1409,50.9,66,0,9.400000000000034,7510.301869647271,0.7597014925373134,1,0
301.1,310.6,1388,58.5,68,0,9.5,8503.034676206134,0.8478260869565217,0,0
301.1,310.6,1410,43.9,73,0,9.5,6482.04812215182,0.5932432432432432,0,1
301.1,310.5,1646,30.7,76,0,9.399999999999977,5291.719609657672,0.39870129870129867,0,1
301.1,310.7,2219,16.7,79,0,9.599999999999966,3880.6313813957677,0.20875,0,1
301.2,310.7,1551,41.2,82,0,9.5,6691.718015852404,0.49638554216867475,1,0
301.2,310.6,1811,24.0,84,0,9.400000000000034,4551.539436520892,0.2823529411764706,1,0
301.3,310.7,1608,31.4,86,0,9.399999999999977,5287.4260996977655,0.36091954022988504,1,0
301.3,310.8,1428,55.2,88,0,9.5,8254.597529160254,0.6202247191011236,1,0
301.4,310.8,1477,50.4,90,0,9.400000000000034,7795.422346911568,0.5538461538461539,1,0
301.3,310.7,1300,58.3,92,0,9.399999999999977,7936.7102405190135,0.6268817204301075,0,1
301.2,310.7,1615,34.9,95,0,9.5,5902.371917686944,0.36354166666666665,0,1
301.2,310.7,1676,32.4,98,0,9.5,5686.534030409813,0.32727272727272727,1,0
301.1,310.7,2636,12.2,100,1,9.599999999999966,3367.703548844162,0.12079207920792079,0,1
301.1,310.6,1310,48.8,103,0,9.5,6694.52450528961,0.46923076923076923,0,1
301.1,310.7,1334,48.2,106,0,9.599999999999966,6733.35459048798,0.4504672897196262,1,0
301.1,310.7,1621,31.0,108,0,9.599999999999966,5262.272414518024,0.28440366972477066,0,1
301.1,310.7,1367,43.4,111,0,9.599999999999966,6212.792687788151,0.3875,0,1
301.0,310.6,1588,33.7,114,0,9.600000000000023,5604.140527081665,0.29304347826086957,1,0
301.0,310.7,1497,37.6,116,0,9.699999999999989,5894.381800371313,0.3213675213675214,0,1
301.1,310.8,1608,32.9,119,0,9.699999999999989,5540.010149046385,0.27416666666666667,1,0
301.0,310.8,1549,41.4,121,0,9.800000000000011,6715.531288166613,0.33934426229508197,1,0
301.0,310.7,1391,45.0,123,0,9.699999999999989,6554.933071715104,0.3629032258064516,1,0
300.9,310.8,1490,38.1,125,0,9.900000000000034,5944.835778387966,0.3023809523809524,1,0
301.0,310.7,1727,34.5,127,0,9.699999999999989,6239.360089662009,0.26953125,1,0
300.9,310.6,1504,46.4,129,0,9.700000000000045,7307.930942878529,0.3569230769230769,1,0
300.9,310.6,1350,53.8,131,0,9.700000000000045,7605.795814340889,0.40757575757575754,1,0
300.9,310.7,1420,43.0,133,0,9.800000000000011,6394.188247606425,0.3208955223880597,0,1
300.8,310.6,1465,44.1,136,0,9.800000000000011,6765.576859138299,0.3218978102189781,0,0
300.9,310.7,1427,44.1,141,0,9.800000000000011,6590.087493508774,0.31056338028169017,1,0
300.9,310.7,1477,43.2,143,0,9.800000000000011,6681.790583067059,0.30000000000000004,1,0
301.0,310.7,1493,48.1,145,0,9.699999999999989,7520.271190334664,0.32945205479452055,0,1
301.0,310.7,1657,29.9,148,0,9.699999999999989,5188.266963574959,0.20067114093959731,0,1
300.9,310.7,1359,46.0,151,0,9.800000000000011,6546.4507715504105,0.3026315789473684,1,0
300.8,310.6,1551,34.5,153,0,9.800000000000011,5603.501736575436,0.22402597402597402,1,0
300.8,310.6,1545,37.5,155,0,9.800000000000011,6067.200812245289,0.2403846153846154,0,1
300.9,310.6,1709,29.2,158,0,9.700000000000045,5225.808995785357,0.18364779874213835,0,1
300.9,310.7,1268,56.3,161,0,9.800000000000011,7475.7757663843195,0.3475308641975308,0,1
300.9,310.7,1740,25.3,164,0,9.800000000000011,4609.973059877662,0.15333333333333335,1,0
301.0,310.9,1828,25.1,166,0,9.899999999999977,4804.835580204325,0.1502994011976048,1,0
301.0,310.9,1822,21.6,168,0,9.899999999999977,4121.266906685234,0.12781065088757398,1,0
301.0,310.9,1515,41.8,170,0,9.899999999999977,6631.587932462694,0.24444444444444444,0,1
301.0,310.9,1392,52.9,173,0,9.899999999999977,7711.227663795363,0.3040229885057471,1,0
300.9,310.9,1474,35.7,175,0,10.0,5510.542009955714,0.2028409090909091,0,0
301.0,310.9,1359,53.4,180,0,9.899999999999977,7599.575460886781,0.2950276243093923,0,1
301.1,311.0,1565,52.3,183,0,9.899999999999977,8571.25959666659,0.2842391304347826,1,0
301.1,311.1,1384,42.5,185,0,10.0,6159.615996138387,0.22849462365591397,0,1
301.1,311.1,1387,53.1,188,0,10.0,7712.578548636406,0.28095238095238095,1,0
301.1,311.0,1378,51.1,190,0,9.899999999999977,7373.925332554938,0.2675392670157068,1,0
301.0,310.9,1809,25.7,192,0,9.899999999999977,4868.557551194638,0.13316062176165802,1,0
301.1,311.0,1339,52.8,194,0,9.899999999999977,7403.60291115585,0.27076923076923076,0,0
301.0,311.0,1423,38.6,199,0,10.0,5752.025765261648,0.193,0,1
301.1,311.1,1570,41.6,202,0,10.0,6839.45664637522,0.20492610837438424,1,0
301.2,311.2,1558,34.1,204,0,10.0,5563.530206046261,0.16634146341463416,1,0
301.1,311.1,1799,21.7,206,0,10.0,4088.0812162878137,0.10483091787439613,1,0
301.1,311.2,1591,35.0,208,0,10.099999999999966,5831.319563838254,0.1674641148325359,0,1
301.2,311.2,1635,29.6,211,0,10.0,5068.017268771054,0.13962264150943396,1,0
301.3,311.3,1509,42.5,213,0,10.0,6715.93969521158,0.1985981308411215,1,0
301.3,311.4,1838,23.2,215,0,10.099999999999966,4465.417909910483,0.10740740740740741,0,1
301.3,311.5,1648,32.4,0,0,10.199999999999989,5591.532268565256,32.4,0,1
301.2,311.5,1498,49.5,3,0,10.300000000000011,7765.074561877892,12.375,0,1
301.2,311.4,1757,28.0,6,0,10.199999999999989,5151.7930728667825,4.0,1,0
301.1,311.3,1389,53.3,8,0,10.199999999999989,7752.790934602354,5.922222222222222,0,1
301.1,311.3,1498,37.6,11,0,10.199999999999989,5898.319263163813,3.1333333333333333,1,0
301.0,311.2,1521,35.8,13,0,10.199999999999989,5702.179161824689,2.557142857142857,0,1
301.0,311.2,1394,41.3,16,0,10.199999999999989,6028.946685700076,2.429411764705882,0,1
301.0,311.2,1602,32.7,19,0,10.199999999999989,5485.786259845426,1.6350000000000002,0,0
300.9,311.1,1417,40.7,24,0,10.200000000000045,6039.387245285507,1.6280000000000001,1,0
301.0,311.2,1511,42.9,26,0,10.199999999999989,6788.133494391073,1.5888888888888888,1,0
301.1,311.3,1654,30.7,28,0,10.199999999999989,5317.438781515059,1.0586206896551724,0,1
301.1,311.3,1836,22.8,31,0,10.199999999999989,4383.652725113054,0.7125,0,1
301.1,311.3,1622,35.6,34,0,10.199999999999989,6046.853763825538,1.0171428571428571,1,0
301.0,311.2,1467,45.4,36,0,10.199999999999989,6974.524186528556,1.227027027027027,1,0
301.1,311.3,1909,22.7,38,0,10.199999999999989,4537.957284281872,0.582051282051282,0,1
301.1,311.2,1910,20.2,41,0,10.099999999999966,4040.297592026713,0.4809523809523809,1,0
301.1,311.3,2207,16.6,43,0,10.199999999999989,3836.5338925148794,0.3772727272727273,0,0
301.1,311.2,1384,49.4,48,0,10.099999999999966,7159.64776962909,1.0081632653061223,0,1
301.1,311.3,1630,29.5,51,0,10.199999999999989,5035.44942492884,0.5673076923076923,1,0
301.1,311.3,1268,60.0,53,0,10.199999999999989,7967.0789695037165,1.1111111111111112,1,0
301.1,311.4,1531,38.7,55,0,10.299999999999955,6204.6140749133065,0.6910714285714287,1,0
301.0,311.3,1454,41.5,57,0,10.300000000000011,6318.894743675391,0.7155172413793104,0,1
301.0,311.3,1342,50.9,60,0,10.300000000000011,7153.176088762695,0.8344262295081967,1,0
301.0,311.2,1363,46.3,62,0,10.199999999999989,6608.539114360857,0.7349206349206349,1,0
301.0,311.2,1412,42.1,64,0,10.199999999999989,6225.086787039199,0.6476923076923077,1,0
301.0,311.3,1597,39.2,66,0,10.300000000000011,6555.707997902989,0.5850746268656717,0,0
301.0,311.3,1349,47.0,71,0,10.300000000000011,6639.546633851788,0.6527777777777778,1,0
301.0,311.3,1472,35.3,73,0,10.300000000000011,5441.406027625712,0.477027027027027,1,0
301.0,311.4,1478,39.5,75,0,10.399999999999977,6113.644023640857,0.5197368421052632,1,0
300.9,311.3,1295,58.9,77,0,10.400000000000034,7987.551681629608,0.7551282051282051,0,0
300.8,311.2,1592,32.9,82,0,10.399999999999977,5484.885669951395,0.39638554216867466,0,1
300.8,311.2,1430,54.4,85,0,10.399999999999977,8146.359190268574,0.6325581395348837,1,0
300.8,311.2,1488,40.1,87,0,10.399999999999977,6248.502124283955,0.4556818181818182,0,1
300.9,311.2,1518,35.0,90,0,10.300000000000011,5563.760589507524,0.38461538461538464,0,0
300.8,311.2,2237,17.0,95,0,10.399999999999977,3982.3875674455417,0.17708333333333334,0,0
300.9,311.3,1801,24.6,100,0,10.400000000000034,4639.566862674478,0.2435643564356436,0,1
301.0,311.4,1573,37.6,103,0,10.399999999999977,6193.628972601254,0.36153846153846153,1,0
300.9,311.4,2073,21.4,105,0,10.5,4645.59872056937,0.20188679245283017,1,0
300.9,311.3,1953,19.4,107,0,10.400000000000034,3967.643025924693,0.1796296296296296,1,0
300.8,311.2,1492,39.0,109,0,10.399999999999977,6093.433110902763,0.35454545454545455,1,0
300.8,311.2,1397,48.7,111,0,10.399999999999977,7124.4933478354205,0.4348214285714286,1,0
300.8,311.3,1465,43.2,113,0,10.5,6627.503862013028,0.37894736842105264,0,1
300.8,311.3,1782,26.9,116,0,10.5,5019.8252374649865,0.2299145299145299,1,0
300.9,311.4,1434,45.4,118,0,10.5,6817.633049408281,0.3815126050420168,0,1
300.9,311.4,1387,42.7,121,0,10.5,6202.017024986338,0.35000000000000003,0,0
300.9,311.4,1532,41.5,126,0,10.5,6657.872590997728,0.32677165354330706,0,1
300.9,311.5,1505,41.1,129,0,10.600000000000023,6477.492812804115,0.3161538461538462,1,0
301.0,311.6,1440,43.3,131,0,10.600000000000023,6529.486171221026,0.328030303030303,1,0
301.0,311.6,1470,43.4,133,0,10.600000000000023,6680.910937124053,0.3238805970149254,1,0
301.1,311.7,1408,46.3,135,0,10.599999999999966,6826.722724152667,0.3404411764705882,1,0
301.0,311.6,1357,45.6,137,0,10.600000000000023,6479.974671000451,0.3304347826086957,0,1
301.0,311.6,1454,40.0,140,0,10.600000000000023,6090.500957759413,0.28368794326241137,0,1
301.0,311.6,1352,63.5,143,0,10.600000000000023,8990.400416533032,0.4409722222222222,1,0
301.0,311.6,1448,43.9,145,0,10.600000000000023,6656.741617642437,0.30068493150684933,0,1
300.9,311.6,1671,33.5,148,0,10.700000000000045,5862.054811965875,0.22483221476510068,1,0
301.0,311.7,1670,31.3,150,0,10.699999999999989,5473.806319859736,0.20728476821192054,1,0
301.0,311.7,1547,34.5,152,0,10.699999999999989,5589.050410368921,0.22549019607843138,1,0
301.0,311.6,1461,40.6,154,0,10.600000000000023,6211.619826530811,0.26193548387096777,1,0
301.0,311.6,1609,35.8,156,0,10.600000000000023,6032.0882783536645,0.22802547770700635,0,1
300.9,311.5,1704,31.3,159,0,10.600000000000023,5585.249083258078,0.195625,0,1
301.0,311.5,1550,34.9,162,0,10.5,5664.815153197996,0.21411042944785275,0,1
301.0,311.5,1530,43.9,165,0,10.5,7033.711792122187,0.2644578313253012,0,1
300.9,311.3,1449,40.2,168,0,10.400000000000034,6099.904791769159,0.2378698224852071,1,0
300.9,311.3,1613,32.7,170,0,10.400000000000034,5523.453955761967,0.1912280701754386,1,0
300.8,311.2,1376,48.1,172,0,10.399999999999977,6930.939824447753,0.27803468208092486,1,0
300.8,311.2,1434,45.6,174,0,10.399999999999977,6847.666675176601,0.26057142857142856,1,0
300.8,311.1,1480,41.1,176,0,10.300000000000011,6369.893264418664,0.23220338983050848,1,0
300.8,311.2,1634,31.9,178,0,10.399999999999977,5458.475347710218,0.17821229050279327,0,1
300.8,311.2,1481,38.5,181,0,10.399999999999977,5970.963357290321,0.21153846153846154,1,0
300.9,311.3,1668,28.9,183,0,10.400000000000034,5048.036739494222,0.15706521739130433,0,0
301.0,311.4,1484,36.2,188,0,10.399999999999977,5625.629020832219,0.19153439153439156,1,0
300.9,311.3,1603,31.8,190,0,10.400000000000034,5338.1314051267045,0.16649214659685865,0,1
301.0,311.4,1481,37.5,193,0,10.399999999999977,5815.8733999581045,0.19329896907216496,1,0
301.0,311.5,1559,31.8,195,0,10.5,5191.607523763277,0.16224489795918368,1,0
301.0,311.5,1444,39.8,197,0,10.5,6018.369990432989,0.201010101010101,1,0
301.2,311.6,1423,48.0,199,0,10.400000000000034,7152.778153693242,0.24,0,1
301.1,311.6,1432,48.1,202,0,10.5,7213.012956838069,0.23694581280788177,1,0
301.2,311.7,1463,48.3,204,0,10.5,7399.801584045007,0.23560975609756096,1,0
301.2,311.7,1433,49.3,206,0,10.5,7398.1260679630905,0.23816425120772947,1,0
301.2,311.6,1461,52.9,208,1,10.400000000000034,8093.465241957632,0.25311004784688995,1,0
301.1,311.6,1266,55.5,210,0,10.5,7357.924153972655,0.26303317535545023,0,1
301.1,311.6,1417,53.4,0,0,10.5,7923.913486443392,53.4,0,0
301.1,311.6,1488,43.4,5,0,10.5,6762.718009823532,7.233333333333333,1,0
301.1,311.7,1816,24.5,7,0,10.599999999999966,4659.191344783902,3.0625,1,0
301.0,311.6,1301,55.0,9,0,10.600000000000023,7493.222077587256,5.5,0,1
300.9,311.5,1836,21.8,12,0,10.600000000000023,4191.387254713359,1.676923076923077,0,1
300.8,311.4,1521,39.9,15,0,10.599999999999966,6355.222026726399,2.49375,0,1
300.8,311.4,1322,67.2,18,1,10.599999999999966,9303.135493222384,3.5368421052631582,1,0
300.8,311.4,1492,40.6,20,0,10.599999999999966,6343.420110324415,1.9333333333333333,1,0
300.8,311.4,1536,40.9,22,0,10.599999999999966,6578.746344029314,1.7782608695652173,1,0
300.7,311.2,1878,24.3,24,0,10.5,4778.927912787722,0.972,1,0
300.6,311.1,1471,40.7,26,0,10.5,6269.540323087495,1.5074074074074075,1,0
300.6,311.1,1452,40.2,28,0,10.5,6112.533994236589,1.3862068965517242,0,0
300.7,311.2,1452,44.4,33,0,10.5,6751.156948858322,1.3058823529411765,1,0
300.7,311.3,1348,53.0,35,0,10.600000000000023,7481.598184768973,1.4722222222222223,0,1
300.8,311.4,1453,44.6,38,0,10.599999999999966,6786.238066823408,1.1435897435897435,0,0
300.8,311.4,1316,57.6,43,0,10.599999999999966,7937.924989678403,1.309090909090909,1,0
300.8,311.4,1732,26.9,45,0,10.599999999999966,4878.977166829044,0.5847826086956521,0,1
300.7,311.3,1522,35.2,48,0,10.600000000000023,5610.298048682701,0.7183673469387756,1,0
300.7,311.3,1487,39.8,50,0,10.600000000000023,6197.587379344776,0.780392156862745,0,1
300.8,311.4,1852,22.2,53,0,10.599999999999966,4305.48989989174,0.4111111111111111,0,1
300.7,311.2,1486,46.8,56,0,10.5,7282.714425845715,0.8210526315789474,1,0
300.7,311.3,1562,37.1,58,0,10.600000000000023,6068.530753135308,0.628813559322034,0,1
300.7,311.2,1457,51.4,61,0,10.5,7842.441516960296,0.8290322580645161,1,0
300.7,311.2,1769,26.5,63,0,10.5,4909.1050403769705,0.4140625,0,1
300.7,311.3,1374,53.1,66,0,10.600000000000023,7640.290501677307,0.7925373134328358,0,0
300.8,311.3,1524,43.5,71,0,10.5,6942.291445902724,0.6041666666666666,1,0
300.8,311.3,1498,40.2,73,0,10.5,6306.181765403864,0.5432432432432432,1,0
300.8,311.3,1462,41.4,75,0,10.5,6338.351674176623,0.5447368421052632,1,0
300.8,311.2,1429,52.3,77,0,10.399999999999977,7826.408922451476,0.6705128205128205,0,1
300.7,311.2,1399,47.9,80,0,10.5,7017.490702054153,0.591358024691358,1,0
300.8,311.2,1434,39.1,82,0,10.399999999999977,5871.573837706252,0.4710843373493976,0,1
300.7,311.1,1324,52.2,85,0,10.400000000000034,7237.475491634022,0.6069767441860465,1,0
300.6,311.0,1563,40.7,87,0,10.399999999999977,6661.65297415755,0.4625,1,0
300.6,311.0,1543,34.7,89,0,10.399999999999977,5606.915600592335,0.3855555555555556,1,0
300.7,311.0,1413,52.0,91,0,10.300000000000011,7694.388727172121,0.5652173913043478,1,0
300.7,311.0,1378,41.2,93,0,10.300000000000011,5945.317489261516,0.43829787234042555,0,1
300.7,311.1,1373,49.9,96,0,10.400000000000034,7174.633166586714,0.5144329896907216,0,1
300.7,311.0,1981,19.9,99,0,10.300000000000011,4128.251714351715,0.19899999999999998,0,0
300.7,311.0,1263,52.3,104,0,10.300000000000011,6917.252952453614,0.4980952380952381,0,1
300.7,311.0,1312,52.1,107,0,10.300000000000011,7158.139805155367,0.4824074074074074,1,0
300.7,311.0,1969,20.7,109,0,10.300000000000011,4268.199195093629,0.18818181818181817,1,0
300.8,311.2,1365,51.7,111,0,10.399999999999977,7390.12547867195,0.4616071428571429,0,1
300.9,311.2,1789,25.5,114,0,10.300000000000011,4777.262868681319,0.2217391304347826,1,0
300.8,311.1,1583,32.1,116,0,10.300000000000011,5321.261052576928,0.2743589743589744,0,1
300.7,311.0,1436,44.9,119,0,10.300000000000011,6751.952818997231,0.37416666666666665,1,0
300.7,311.0,1559,42.8,121,0,10.300000000000011,6987.446604310322,0.3508196721311475,0,1
300.7,311.0,1377,49.9,124,0,10.300000000000011,7195.535229708598,0.3992,1,0
300.7,311.0,1462,41.9,126,0,10.300000000000011,6414.901815169094,0.3299212598425197,1,0
300.7,311.0,1318,48.2,128,0,10.300000000000011,6652.594715339697,0.3736434108527132,1,0
300.7,311.0,1378,51.6,130,0,10.300000000000011,7446.077243832384,0.3938931297709924,0,1
300.6,310.9,1344,46.7,133,0,10.299999999999955,6572.714486134422,0.3485074626865672,1,0
300.7,311.1,2377,14.3,135,0,10.400000000000034,3559.539668247867,0.10514705882352941,1,0
300.7,311.1,1427,50.3,137,0,10.400000000000034,7516.585054954451,0.3644927536231884,1,0
300.9,311.2,1353,60.4,139,0,10.300000000000011,8557.82405208474,0.43142857142857144,1,0
300.8,311.3,1505,45.5,141,0,10.5,7170.947031206501,0.3204225352112676,1,0
300.8,311.2,1612,32.5,143,0,10.399999999999977,5486.2679707189745,0.22569444444444445,0,0
300.7,311.1,1440,43.0,148,0,10.400000000000034,6484.247237009333,0.28859060402684567,1,0
300.7,311.0,1334,53.9,150,0,10.300000000000011,7529.622664466848,0.35695364238410593,0,1
300.7,311.0,1706,25.0,153,0,10.300000000000011,4466.297555853489,0.16233766233766234,0,1
300.8,311.1,1698,24.8,156,0,10.300000000000011,4409.79077599092,0.15796178343949044,0,0
300.7,311.1,1688,30.7,161,0,10.400000000000034,5426.745261908961,0.18950617283950616,1,0
300.7,311.1,2437,13.8,163,0,10.400000000000034,3521.78819652723,0.08414634146341464,1,0
300.7,311.1,1478,46.8,165,0,10.400000000000034,7243.507349528913,0.2819277108433735,1,0
300.7,311.1,1608,35.3,167,0,10.400000000000034,5944.1446280041755,0.2101190476190476,0,1
300.7,311.1,2478,13.4,170,1,10.400000000000034,3477.240412699327,0.0783625730994152,1,0
300.8,311.1,1509,33.4,172,0,10.300000000000011,5277.938489883924,0.1930635838150289,1,0
300.7,311.0,1596,36.9,174,0,10.300000000000011,6167.1977064090515,0.21085714285714285,1,0
300.7,311.0,1740,25.6,176,0,10.300000000000011,4664.636772050125,0.14463276836158193,0,1
300.6,310.8,1375,53.2,179,0,10.199999999999989,7660.250087003112,0.29555555555555557,1,0
300.6,310.7,1705,31.2,181,0,10.099999999999966,5570.672093345421,0.17142857142857143,0,1
300.5,310.6,1621,32.0,184,0,10.100000000000023,5432.023137566992,0.17297297297297298,0,1
300.6,310.7,1566,38.2,187,0,10.099999999999966,6264.461414964191,0.20319148936170214,0,1
300.6,310.7,1388,42.9,190,0,10.099999999999966,6235.558762551164,0.22460732984293194,0,1
300.6,310.7,1457,36.7,193,0,10.099999999999966,5599.564273782936,0.18917525773195878,0,1
300.6,310.6,1463,45.5,196,0,10.0,6970.827579172834,0.23096446700507614,0,1
300.5,310.5,1564,38.2,199,0,10.0,6256.46082567305,0.191,1,0
300.5,310.6,1411,47.2,201,0,10.100000000000023,6974.251915165245,0.23366336633663368,0,0
300.5,310.6,1540,46.7,206,0,10.100000000000023,7531.235348695692,0.22560386473429953,1,0
300.5,310.6,1950,20.3,208,0,10.100000000000023,4145.331506411732,0.09712918660287082,1,0
300.6,310.7,1339,52.9,0,0,10.099999999999966,7417.624886366373,52.9,0,1
300.6,310.6,1419,39.6,3,0,10.0,5884.4543675859695,9.9,0,0
300.5,310.6,1499,45.2,8,0,10.100000000000023,7095.266064181524,5.022222222222222,1,0
300.5,310.6,1368,49.6,10,0,10.100000000000023,7105.52860018325,4.509090909090909,1,0
300.5,310.5,1536,36.2,12,0,10.0,5822.753487869467,2.784615384615385,1,0
300.5,310.5,1469,42.9,14,0,10.0,6599.449439616471,2.86,0,1
300.5,310.5,2633,12.2,17,1,10.0,3363.870805806783,0.6777777777777777,1,0
300.4,310.4,1298,61.4,19,0,10.0,8345.871267722549,3.07,1,0
300.4,310.4,1544,36.3,21,0,10.0,5869.249059142595,1.65,0,1
300.5,310.5,1403,47.7,24,0,10.0,7008.170643848503,1.9080000000000001,0,0
300.5,310.5,1452,42.9,29,0,10.0,6523.077322207703,1.43,1,0
300.6,310.5,1509,43.1,31,0,9.899999999999977,6810.752961496921,1.346875,1,0
300.7,310.6,1474,37.0,33,0,9.900000000000034,5711.206004716006,1.088235294117647,0,1
300.7,310.7,1377,46.7,36,0,10.0,6734.09810074933,1.2621621621621621,0,1
300.8,310.8,1741,27.1,39,0,10.0,4940.79323827618,0.6775,1,0
300.8,310.8,1460,53.8,41,0,10.0,8225.527325139035,1.2809523809523808,1,0
300.7,310.6,1631,32.6,43,0,9.900000000000034,5568.012211565381,0.740909090909091,0,0
300.7,310.5,1561,33.2,48,0,9.800000000000011,5427.122253027392,0.6775510204081633,1,0
300.7,310.6,1572,38.5,50,0,9.900000000000034,6337.849019352048,0.7549019607843137,0,1
300.6,310.6,2127,18.7,53,0,10.0,4165.217787908955,0.34629629629629627,1,0
300.6,310.6,1448,44.7,55,0,10.0,6778.048981973051,0.7982142857142858,0,0
300.6,310.7,1543,39.6,60,0,10.099999999999966,6398.670253125547,0.6491803278688525,1,0
300.6,310.6,1508,34.8,62,0,10.0,5495.525197071553,0.5523809523809523,1,0
300.6,310.6,1403,50.4,64,0,10.0,7404.859548217285,0.7753846153846153,0,1
300.6,310.6,1454,39.7,67,0,10.0,6044.822200576217,0.5838235294117647,1,0
300.7,310.8,1772,27.3,69,0,10.100000000000023,5065.880985766613,0.39,1,0
300.7,310.8,1479,49.1,71,0,10.100000000000023,7604.633425059062,0.6819444444444445,1,0
300.7,310.9,1723,31.0,73,0,10.199999999999989,5593.396280206388,0.4189189189189189,1,0
300.7,310.8,1469,46.4,75,0,10.100000000000023,7137.866060564202,0.6105263157894737,0,1
300.6,310.6,1830,26.2,78,0,10.0,5020.893378967207,0.33164556962025316,0,0
300.6,310.6,1497,38.2,83,0,10.0,5988.441084419792,0.4547619047619048,1,0
300.7,310.6,1540,52.7,85,0,9.900000000000034,8498.845886001349,0.6127906976744186,1,0
300.6,310.6,1514,39.5,87,0,10.0,6262.555515421012,0.44886363636363635,1,0
300.7,310.6,1654,34.2,89,0,9.900000000000034,5923.66144390277,0.38,1,0
300.6,310.5,1519,37.0,91,0,9.899999999999977,5885.5643969902385,0.40217391304347827,0,0
300.7,310.6,1720,30.3,96,0,9.900000000000034,5457.574757816188,0.31237113402061856,1,0
300.6,310.5,1470,37.7,98,0,9.899999999999977,5803.4641089764245,0.3808080808080808,1,0
300.6,310.5,1642,29.9,100,0,9.899999999999977,5141.300153403791,0.296039603960396,1,0
300.7,310.6,2006,19.1,102,0,9.900000000000034,4012.2955295077163,0.1854368932038835,0,1
300.7,310.6,1505,35.6,105,0,9.900000000000034,5610.675039801131,0.3358490566037736,0,1
300.7,310.6,1609,27.6,108,0,9.900000000000034,4650.4367732558985,0.25321100917431194,0,1
300.7,310.5,1863,22.2,111,0,9.800000000000011,4331.0624640919605,0.1982142857142857,0,1
300.6,310.4,1401,42.6,114,0,9.799999999999955,6249.947256904606,0.37043478260869567,1,0
300.6,310.4,2007,19.8,116,0,9.799999999999955,4161.416460798112,0.16923076923076924,1,0
300.6,310.4,1494,47.3,118,0,9.799999999999955,7400.147159236901,0.39747899159663863,1,0
300.6,310.4,1457,47.7,120,0,9.799999999999955,7277.9077890857225,0.3942148760330579,1,0
300.6,310.4,1556,37.7,122,0,9.799999999999955,6142.986499025386,0.3065040650406504,1,0
300.6,310.4,1510,42.8,124,0,9.799999999999955,6767.828333873371,0.3424,0,0
300.7,310.5,1567,38.7,129,0,9.800000000000011,6350.509637746016,0.2976923076923077,0,0
300.7,310.5,1476,43.1,134,0,9.800000000000011,6661.810053790228,0.31925925925925924,0,0
300.8,310.6,1663,30.6,139,0,9.800000000000011,5328.957954578223,0.21857142857142858,1,0
300.8,310.5,1409,50.6,141,0,9.699999999999989,7466.036829158191,0.3563380281690141,0,1
300.8,310.6,1666,36.2,144,0,9.800000000000011,6315.564655462586,0.24965517241379312,1,0
300.7,310.6,1520,45.9,146,0,9.900000000000034,7306.087875188424,0.31224489795918364,1,0
300.6,310.5,1644,33.8,148,0,9.899999999999977,5818.983576685158,0.2268456375838926,1,0
300.6,310.4,1479,35.6,150,0,9.799999999999955,5513.746434462375,0.23576158940397351,0,0
300.6,310.4,1446,49.7,155,0,9.799999999999955,7525.810865380494,0.3185897435897436,1,0
300.6,310.4,1407,51.1,157,0,9.799999999999955,7529.109537666763,0.32341772151898734,0,1
300.7,310.4,1234,51.7,160,0,9.699999999999989,6680.88999317303,0.32111801242236027,1,0
300.8,310.5,1696,29.7,162,0,9.699999999999989,5274.859729083407,0.18220858895705522,0,1
300.8,310.6,1384,52.9,165,0,9.800000000000011,7666.910263428722,0.31867469879518073,1,0
300.8,310.7,1572,36.2,167,0,9.899999999999977,5959.224272741407,0.2154761904761905,0,1
300.8,310.7,1386,42.1,170,0,9.899999999999977,6110.46054308522,0.24619883040935672,0,1
300.8,310.7,1461,42.8,173,0,9.899999999999977,6548.210063436421,0.24597701149425286,1,0
300.8,310.7,1525,39.4,175,0,9.899999999999977,6292.086486364758,0.22386363636363635,1,0
300.7,310.7,1333,61.0,177,0,10.0,8515.077448044896,0.34269662921348315,1,0
300.7,310.6,1505,40.6,179,0,9.900000000000034,6398.691197076571,0.22555555555555556,0,0
300.7,310.6,1439,41.7,184,0,9.900000000000034,6283.84504163684,0.22540540540540543,0,1
300.7,310.6,1491,43.2,187,0,9.900000000000034,6745.125090963429,0.22978723404255322,1,0
300.7,310.6,1488,39.2,189,0,9.900000000000034,6108.261428227707,0.20631578947368423,0,1
300.7,310.5,1536,47.4,192,0,9.800000000000011,7624.268379143997,0.24559585492227978,1,0
300.7,310.5,1960,21.0,194,0,9.800000000000011,4310.265120725196,0.1076923076923077,1,0
300.7,310.5,1594,31.0,196,0,9.800000000000011,5174.6219794828685,0.15736040609137056,0,1
300.7,310.5,1357,52.6,199,0,9.800000000000011,7474.707624882099,0.263,1,0
300.7,310.5,1445,41.1,201,0,9.800000000000011,6219.2538966790335,0.20346534653465348,1,0
300.7,310.4,1543,47.3,203,0,9.699999999999989,7642.856135677735,0.2318627450980392,1,0
300.7,310.4,1366,52.6,205,0,9.699999999999989,7524.281956955747,0.25533980582524274,1,0
300.7,310.3,1458,40.0,207,0,9.600000000000023,6107.256118578557,0.19230769230769232,1,0
300.7,310.4,1416,61.8,209,1,9.699999999999989,9163.900106815283,0.29428571428571426,1,0
300.6,310.3,1794,24.4,211,0,9.699999999999989,4583.960672705938,0.1150943396226415,1,0
300.6,310.3,1484,41.0,213,0,9.699999999999989,6371.568780500579,0.19158878504672897,1,0
300.6,310.4,2514,13.4,215,0,9.799999999999955,3527.7572225690506,0.062037037037037036,1,0
300.6,310.3,1648,30.5,217,1,9.699999999999989,5263.633771334578,0.13990825688073394,1,0
300.6,310.3,1614,32.7,0,0,9.699999999999989,5526.87829175438,32.7,0,1
300.6,310.2,1622,34.1,3,0,9.599999999999966,5792.070599619406,8.525,1,0
300.6,310.2,1478,40.1,5,0,9.599999999999966,6206.509502480972,6.683333333333334,0,1
300.6,310.2,1318,51.0,8,0,9.599999999999966,7039.05249963329,5.666666666666667,1,0
300.7,310.2,1493,35.9,10,0,9.5,5612.842738732109,3.2636363636363637,1,0
300.7,310.3,1369,50.7,12,0,9.600000000000023,7268.420179271881,3.9000000000000004,0,0
300.6,310.2,1447,45.9,17,0,9.599999999999966,6955.203391708978,2.55,1,0
300.6,310.1,1485,49.9,19,0,9.5,7759.890933999469,2.495,1,0
300.6,310.2,1489,47.8,21,0,9.599999999999966,7453.344794837687,2.1727272727272724,1,0
300.6,310.2,1233,52.3,23,0,9.599999999999966,6752.947656670868,2.1791666666666667,0,1
300.7,310.2,1642,32.6,26,0,9.5,5605.564715751291,1.2074074074074075,1,0
300.7,310.2,1373,44.1,28,0,9.5,6340.707868666816,1.5206896551724138,0,1
300.7,310.2,1569,32.8,31,0,9.5,5389.213701674074,1.025,1,0
300.8,310.2,1850,22.8,33,0,9.399999999999977,4417.07927094725,0.6705882352941177,1,0
300.8,310.3,1494,42.2,35,0,9.5,6602.2454570781665,1.1722222222222223,0,1
300.8,310.3,1777,30.1,38,0,9.5,5601.218845913826,0.7717948717948718,0,0
300.9,310.4,1454,43.1,43,0,9.5,6562.5147819857675,0.9795454545454546,1,0
300.9,310.4,1536,34.2,45,0,9.5,5501.054400141872,0.7434782608695653,1,0
300.8,310.5,1482,39.0,47,0,9.699999999999989,6052.592406406096,0.8125,1,0
300.9,310.5,1512,41.2,49,0,9.600000000000023,6523.454313326135,0.8240000000000001,0,0
300.8,310.5,1511,35.8,54,0,9.699999999999989,5664.689489491851,0.6509090909090909,0,1
300.9,310.5,1599,40.5,57,0,9.600000000000023,6781.598981671606,0.6982758620689655,1,0
300.8,310.4,1518,36.0,59,0,9.599999999999966,5722.725177779168,0.6,0,1
300.8,310.4,1450,39.4,62,0,9.599999999999966,5982.639609986163,0.6253968253968254,0,1
300.9,310.4,1427,47.0,65,0,9.5,7023.4492561204615,0.7121212121212122,1,0
300.9,310.4,1561,32.7,67,0,9.5,5345.388484156498,0.48088235294117654,1,0
300.9,310.4,1457,43.8,69,0,9.5,6682.858724569279,0.6257142857142857,0,0
301.0,310.6,1460,53.6,74,0,9.600000000000023,8194.949156644096,0.7146666666666667,0,1
301.0,310.5,1601,33.2,77,0,9.5,5566.1900878263,0.4256410256410257,1,0
300.9,310.5,1570,40.1,79,0,9.600000000000023,6592.8416230684215,0.50125,1,0
300.9,310.5,1565,35.9,81,0,9.600000000000023,5883.522361765404,0.4378048780487805,1,0
301.0,310.5,1378,44.4,83,0,9.5,6407.089721437167,0.5285714285714286,1,0
300.9,310.5,2288,16.1,85,0,9.600000000000023,3857.5406753918837,0.18720930232558142,1,0
300.9,310.4,1375,44.7,87,0,9.5,6436.3379490420875,0.5079545454545454,0,1
300.9,310.4,1788,27.8,90,0,9.5,5205.242035879856,0.3054945054945055,1,0
300.9,310.4,1576,40.4,92,0,9.5,6667.548696370785,0.4344086021505376,0,1
300.8,310.3,1868,24.5,95,0,9.5,4792.604312806349,0.2552083333333333,0,1
300.7,310.1,1261,56.6,98,0,9.400000000000034,7474.121194253429,0.5717171717171717,1,0
300.6,310.0,1542,33.9,100,0,9.399999999999977,5474.099535174071,0.3356435643564356,0,1
300.6,310.0,1438,53.8,103,0,9.399999999999977,8101.581022979406,0.5173076923076922,1,0
300.6,310.0,1511,36.9,105,0,9.399999999999977,5838.744194476238,0.3481132075471698,1,0
300.6,310.0,1635,31.0,107,0,9.399999999999977,5307.720788239955,0.28703703703703703,1,0
300.6,309.9,1428,48.8,109,0,9.299999999999955,7297.542743170658,0.4436363636363636,1,0
300.5,309.8,1410,44.4,111,0,9.300000000000011,6555.875549511181,0.3964285714285714,0,1
300.5,309.9,1423,47.9,114,0,9.399999999999977,7137.8765325397135,0.4165217391304348,1,0
300.5,309.9,1552,41.3,116,0,9.399999999999977,6712.284975757902,0.35299145299145296,0,1
300.5,310.0,1406,50.2,119,0,9.5,7391.24598005173,0.41833333333333333,0,1
300.5,309.9,1443,48.3,122,0,9.399999999999977,7298.642300599416,0.39268292682926825,1,0
300.5,309.9,1343,63.7,124,0,9.399999999999977,8958.680802707286,0.5096,0,1
300.6,310.0,1486,41.2,127,0,9.399999999999977,6411.2785116419545,0.321875,0,1
300.6,310.1,1297,50.0,130,0,9.5,6791.076119509937,0.3816793893129771,1,0
300.6,310.1,1495,42.3,132,0,9.5,6622.320234134603,0.31804511278195485,1,0
300.5,309.9,1382,46.5,134,0,9.399999999999977,6729.605623254695,0.34444444444444444,1,0
300.4,309.8,1356,44.4,136,0,9.400000000000034,6304.799464636283,0.3240875912408759,0,1
300.3,309.7,1452,41.5,139,0,9.399999999999977,6310.203004000458,0.29642857142857143,0,0
300.3,309.7,1582,30.8,144,0,9.399999999999977,5102.532900058494,0.21241379310344827,0,0
300.4,309.8,1517,40.3,149,0,9.400000000000034,6402.052701215912,0.26866666666666666,0,1
300.5,310.0,1413,44.5,152,0,9.5,6584.621122291527,0.2908496732026144,1,0
300.4,309.9,1496,31.8,154,0,9.5,4981.81196635655,0.20516129032258065,1,0
300.3,309.8,1466,41.2,156,0,9.5,6324.989433423354,0.2624203821656051,1,0
300.3,309.8,1617,40.8,158,0,9.5,6908.739236362386,0.25660377358490566,0,1
300.2,309.8,1506,41.8,161,0,9.600000000000023,6592.192360586679,0.2580246913580247,1,0
300.2,309.8,1401,49.3,163,0,9.600000000000023,7232.920182286316,0.30060975609756097,1,0
300.2,309.9,1906,22.9,165,0,9.699999999999989,4570.745039609838,0.13795180722891565,0,0
300.2,309.9,1566,36.4,170,0,9.699999999999989,5969.277369232894,0.2128654970760234,1,0
300.2,310.0,1493,47.3,172,0,9.800000000000011,7395.193914819742,0.27341040462427746,1,0
300.3,310.1,1483,39.9,174,0,9.800000000000011,6196.445934013971,0.22799999999999998,1,0
300.2,309.9,1569,31.2,176,0,9.699999999999989,5126.325228421681,0.17627118644067796,0,1
300.2,310.0,1664,30.7,179,0,9.800000000000011,5349.587746336796,0.17055555555555554,0,1
300.2,310.0,1486,40.1,182,0,9.800000000000011,6240.103599923358,0.2191256830601093,1,0
300.2,310.0,1389,53.6,184,0,9.800000000000011,7796.427656560717,0.2897297297297297,1,0
300.1,310.0,1511,41.7,186,0,9.899999999999977,6598.255634408107,0.22299465240641714,1,0
300.2,310.1,1485,40.5,188,0,9.900000000000034,6298.1078722841385,0.21428571428571427,0,1
300.2,310.2,1440,42.9,191,0,10.0,6469.1675922721015,0.22343749999999998,1,0
300.2,310.2,1378,43.9,193,0,10.0,6334.937810159721,0.22628865979381443,1,0
300.1,310.1,1501,39.3,195,0,10.0,6177.345050680146,0.20051020408163264,0,1
300.2,310.1,1474,44.0,198,0,9.900000000000034,6791.704438040655,0.22110552763819097,0,1
300.2,310.1,1392,47.9,201,0,9.900000000000034,6982.3781681625305,0.23712871287128712,1,0
300.3,310.2,1429,44.7,203,0,9.899999999999977,6689.110493949925,0.21911764705882356,0,1
300.3,310.3,1362,60.3,206,1,10.0,8600.486880320488,0.29130434782608694,1,0
300.3,310.3,1704,29.5,0,0,10.0,5264.052650355058,29.5,1,0
300.3,310.2,1492,52.3,2,0,9.899999999999977,8171.450043595243,17.433333333333334,1,0
300.3,310.2,1442,39.5,4,0,9.899999999999977,5964.732531860701,7.9,0,1
300.2,310.2,1438,51.5,7,0,10.0,7755.230904896644,6.4375,0,1
300.1,310.1,1402,46.6,10,0,10.0,6841.676705183756,4.236363636363636,0,1
300.1,310.1,1684,30.8,13,0,10.0,5431.520482742418,2.2,1,0
300.2,310.2,1530,48.5,15,0,10.0,7770.729428654353,3.03125,1,0
300.1,310.1,1569,43.5,17,0,10.0,7147.280366549459,2.4166666666666665,1,0
300.1,310.1,1650,31.6,19,0,10.0,5460.088031939061,1.58,1,0
300.2,310.2,1415,49.6,21,0,10.0,7349.651293318201,2.2545454545454544,1,0
300.2,310.2,1600,31.5,23,0,10.0,5277.875658030853,1.3125,1,0
300.2,310.1,1523,42.3,25,0,9.900000000000034,6746.35031209833,1.626923076923077,1,0
300.2,310.2,1628,30.3,27,0,10.0,5165.657968444626,1.082142857142857,0,1
300.2,310.3,1331,52.1,30,0,10.100000000000023,7261.801890748317,1.6806451612903226,1,0
300.3,310.3,2158,16.8,32,0,10.0,3796.5518900101933,0.5090909090909091,1,0
300.2,310.3,1445,50.9,34,0,10.100000000000023,7702.190348928535,1.4542857142857142,1,0
300.2,310.3,1593,36.1,36,0,10.100000000000023,6022.15037359281,0.9756756756756757,0,1
300.3,310.4,1672,29.2,39,0,10.099999999999966,5112.669772354077,0.73,1,0
300.4,310.5,1644,31.4,41,0,10.100000000000023,5405.801310885029,0.7476190476190476,0,1
300.4,310.5,1402,54.3,44,0,10.100000000000023,7972.168349602531,1.2066666666666666,1,0
300.4,310.4,1286,56.8,46,0,10.0,7649.233568764524,1.2085106382978723,1,0
300.4,310.4,1486,46.3,48,0,10.0,7204.907647791807,0.9448979591836734,1,0
300.3,310.3,1345,46.3,50,0,10.0,6521.2656704441315,0.907843137254902,1,0
300.3,310.3,1629,34.1,52,0,10.0,5817.067205166469,0.6433962264150944,1,0
300.2,310.2,1429,43.8,54,0,10.0,6554.430416890529,0.7963636363636363,0,1
300.1,310.1,1306,64.7,57,0,10.0,8848.630812052035,1.1155172413793104,1,0
300.1,310.1,1380,52.6,59,0,10.0,7601.3975846258645,0.8766666666666667,1,0
300.1,310.1,1443,49.3,61,0,10.0,7449.752907237084,0.7951612903225806,0,1
300.1,310.1,1426,42.7,64,0,10.0,6376.406833187108,0.6569230769230769,0,0
300.0,310.0,1486,41.8,69,0,10.0,6504.646645306642,0.5971428571428571,1,0
300.0,309.9,1530,34.5,71,0,9.899999999999977,5527.632273991241,0.4791666666666667,0,1
300.0,309.9,1507,41.4,74,0,9.899999999999977,6533.44457796455,0.5519999999999999,1,0
300.0,309.9,1608,33.4,76,0,9.899999999999977,5624.204832162592,0.43376623376623374,1,0
300.0,309.8,1474,40.6,78,0,9.800000000000011,6266.8909132829685,0.5139240506329114,1,0
300.0,309.7,1326,61.9,80,0,9.699999999999989,8595.334668368601,0.7641975308641975,1,0
299.8,309.6,1434,48.0,82,0,9.800000000000011,7208.070184396422,0.5783132530120482,0,1
299.8,309.6,1526,41.7,85,0,9.800000000000011,6663.757841235455,0.4848837209302326,1,0
299.8,309.7,1483,39.6,87,0,9.899999999999977,6149.856114961235,0.45,1,0
299.8,309.7,1457,51.9,89,0,9.899999999999977,7918.729858564968,0.5766666666666667,1,0
299.7,309.6,1540,34.4,91,0,9.900000000000034,5547.633747219096,0.3739130434782609,0,1
299.8,309.7,1707,29.1,94,0,9.899999999999977,5201.817699887444,0.3063157894736842,1,0
299.8,309.7,1624,34.2,96,0,9.899999999999977,5816.21897515,0.3525773195876289,1,0
299.8,309.6,1331,50.2,98,0,9.800000000000011,6996.97610202621,0.5070707070707071,0,1
299.8,309.7,1431,40.3,101,0,9.899999999999977,6039.1149739221955,0.39509803921568626,1,0
299.8,309.7,1705,28.5,103,0,9.899999999999977,5088.594700652067,0.27403846153846156,0,1
299.8,309.8,1427,45.2,106,0,10.0,6754.466093120104,0.4224299065420561,0,1
299.9,309.8,1625,41.2,109,0,9.900000000000034,7010.987605261223,0.37454545454545457,0,1
299.9,309.8,1477,47.7,112,0,9.900000000000034,7377.810435469877,0.42212389380530974,1,0
300.0,309.9,1651,28.1,114,0,9.899999999999977,4858.274071241888,0.24434782608695654,0,1
299.9,309.8,1716,28.2,117,0,9.900000000000034,5067.5146139464805,0.23898305084745763,1,0
299.9,309.8,1400,48.7,119,0,9.900000000000034,7139.792904058402,0.4058333333333334,0,0
299.8,309.7,1556,37.7,124,0,9.899999999999977,6142.986499025386,0.30160000000000003,0,1
299.8,309.7,1429,42.6,127,0,9.899999999999977,6374.856980811337,0.3328125,1,0
299.7,309.6,1433,49.6,129,0,9.900000000000034,7443.145090689033,0.38153846153846155,0,0
299.8,309.7,1320,61.7,134,0,9.899999999999977,8528.79573596557,0.4570370370370371,0,1
299.8,309.6,1374,51.6,137,0,9.800000000000011,7424.463086375687,0.3739130434782609,1,0
299.8,309.6,1598,31.0,139,0,9.800000000000011,5187.607229117705,0.22142857142857142,1,0
299.8,309.7,1910,21.8,141,0,9.899999999999977,4360.321163672394,0.1535211267605634,0,1
299.7,309.6,1399,51.3,144,0,9.900000000000034,7515.600689256326,0.35379310344827586,1,0
299.7,309.6,1720,27.1,146,0,9.900000000000034,4881.197225637581,0.18435374149659864,1,0
299.8,309.7,1368,47.4,148,0,9.899999999999977,6790.364025175121,0.3181208053691275,0,0
299.8,309.8,1749,33.4,153,0,10.0,6117.372046923117,0.21688311688311687,1,0
299.8,309.8,1542,39.4,155,0,10.0,6362.227778343905,0.25256410256410255,1,0
299.8,309.9,1553,36.6,157,0,10.099999999999966,5952.249937050437,0.23164556962025318,1,0
299.9,309.9,1639,42.1,159,0,10.0,7225.862070791252,0.263125,0,1
299.9,310.0,1447,45.9,162,0,10.100000000000023,6955.203391708978,0.28159509202453986,1,0
299.8,310.0,1397,48.1,164,0,10.199999999999989,7036.717249094122,0.2915151515151515,0,1
299.8,310.0,1361,53.8,167,0,10.199999999999989,7667.768965420704,0.3202380952380952,1,0
299.8,310.0,1460,37.1,169,0,10.199999999999989,5672.250255811492,0.21823529411764706,0,1
299.8,310.0,1632,33.7,172,0,10.199999999999989,5759.418979973097,0.1947976878612717,0,1
299.8,310.0,1697,36.0,175,0,10.199999999999989,6397.539279770255,0.20454545454545456,1,0
299.8,310.1,1553,42.0,177,0,10.300000000000011,6830.450747434928,0.23595505617977527,1,0
299.9,310.1,1362,56.3,179,0,10.200000000000045,8029.9736544285815,0.31277777777777777,0,1
299.9,310.0,1484,42.1,182,0,10.100000000000023,6542.513308757912,0.23005464480874319,0,1
299.9,310.1,1447,51.4,185,0,10.200000000000045,7788.615562828791,0.27634408602150534,0,0
300.0,310.2,1393,51.2,190,0,10.199999999999989,7468.780486742327,0.2680628272251309,0,1
300.0,310.2,1760,26.9,193,0,10.199999999999989,4957.852086385173,0.13865979381443297,1,0
300.0,310.1,1477,34.6,195,0,10.100000000000023,5351.619309586116,0.17653061224489797,1,0
299.9,310.1,1681,29.1,197,0,10.200000000000045,5122.586733163909,0.14696969696969697,1,0
300.0,310.1,1314,53.5,199,0,10.100000000000023,7361.694065156963,0.2675,0,1
300.0,310.1,1762,28.0,202,0,10.100000000000023,5166.453838583534,0.13793103448275862,1,0
299.9,310.0,1402,44.7,204,0,10.100000000000023,6562.724221496007,0.2180487804878049,1,0
300.1,310.2,1429,42.0,206,0,10.099999999999966,6285.07026277174,0.2028985507246377,0,1
300.2,310.3,1448,40.1,209,0,10.100000000000023,6080.531637072021,0.19095238095238096,0,1
300.2,310.4,1501,42.9,212,0,10.199999999999989,6743.20871944474,0.20140845070422533,0,0
300.3,310.5,1522,39.1,217,0,10.199999999999989,6231.8935711219765,0.1793577981651376,1,0
300.3,310.4,1493,37.5,219,0,10.099999999999966,5862.997289761952,0.17045454545454544,1,0
300.2,310.3,1704,29.4,221,0,10.100000000000023,5246.208404082668,0.13243243243243244,0,1
300.2,310.3,1408,42.5,0,0,10.100000000000023,6266.43014636044,42.5,0,0
300.2,310.4,1518,41.8,5,0,10.199999999999989,6644.7197897547,6.966666666666666,1,0
300.3,310.4,1742,25.9,7,0,10.099999999999966,4724.724967537785,3.2375,1,0
300.4,310.5,1500,43.0,9,0,10.100000000000023,6754.424205218055,4.3,0,1
300.4,310.5,2424,14.5,12,0,10.100000000000023,3680.6899529458015,1.1153846153846154,1,0
300.4,310.5,1818,25.1,14,0,10.100000000000023,4778.550921669292,1.6733333333333333,1,0
300.4,310.6,1545,35.6,16,0,10.200000000000045,5759.7959710915275,2.0941176470588236,0,1
300.4,310.6,1429,46.9,19,0,10.200000000000045,7018.32846009511,2.3449999999999998,1,0
300.4,310.6,1448,44.9,21,0,10.200000000000045,6808.375823055704,2.040909090909091,0,1
300.4,310.6,1384,48.7,24,0,10.200000000000045,7058.195270869164,1.9480000000000002,1,0
300.4,310.5,1578,32.8,26,0,10.100000000000023,5420.126973385398,1.2148148148148148,1,0
300.5,310.5,1695,26.7,28,0,10.0,4739.2495975728825,0.9206896551724137,1,0
300.5,310.6,1543,36.2,30,0,10.100000000000023,5849.289473816788,1.167741935483871,1,0
300.4,310.5,1540,33.4,32,0,10.100000000000023,5386.36532433482,1.012121212121212,0,1
300.2,310.4,1808,25.8,35,0,10.199999999999989,4884.799585213697,0.7166666666666667,1,0
300.3,310.4,1293,49.7,37,0,10.099999999999966,6729.511375475089,1.3078947368421054,0,1
300.2,310.3,1202,59.5,40,0,10.100000000000023,7489.452166402947,1.451219512195122,1,0
300.2,310.3,1704,29.2,42,0,10.100000000000023,5210.519911537887,0.6790697674418604,0,1
300.2,310.3,1478,38.1,45,0,10.100000000000023,5896.957906347257,0.8282608695652174,0,1
300.2,310.3,1514,38.7,48,0,10.100000000000023,6135.718948020081,0.789795918367347,1,0
300.1,310.3,1350,48.8,50,0,10.199999999999989,6898.9374672831855,0.9568627450980391,0,1
300.1,310.2,1475,54.2,53,0,10.099999999999966,8371.820823041202,1.0037037037037038,1,0
300.0,310.1,1714,28.7,55,0,10.100000000000023,5151.353249895279,0.5125,0,0
300.0,310.1,1465,40.9,60,0,10.100000000000023,6274.650647137334,0.6704918032786885,1,0
299.9,310.2,1288,69.6,62,1,10.300000000000011,9387.581503750875,1.1047619047619046,1,0
300.0,310.2,1675,29.7,64,0,10.199999999999989,5209.546017815274,0.45692307692307693,1,0
300.0,310.2,1486,36.4,66,0,10.199999999999989,5664.333442324444,0.5432835820895522,1,0
300.0,310.2,1443,58.7,68,0,10.199999999999989,8870.192609631174,0.8507246376811595,0,1
300.1,310.3,1345,57.1,71,0,10.199999999999989,8042.42483331231,0.7930555555555556,0,1
300.2,310.4,1202,61.7,74,0,10.199999999999989,7766.373086841376,0.8226666666666667,0,1
300.1,310.4,1480,37.1,77,0,10.299999999999955,5749.952314110279,0.47564102564102567,0,1
300.2,310.4,1530,35.7,80,0,10.199999999999989,5719.897744390937,0.44074074074074077,0,1
300.2,310.6,1983,20.8,83,0,10.400000000000034,4319.312907567535,0.24761904761904763,0,1
300.3,310.6,1433,53.8,86,0,10.300000000000011,8073.4114088522165,0.6183908045977011,1,0
300.3,310.6,1806,24.4,88,0,10.300000000000011,4614.622617004975,0.2741573033707865,1,0
300.2,310.5,1416,46.7,90,0,10.300000000000011,6924.824190748766,0.5131868131868133,1,0
300.1,310.4,1556,38.1,92,0,10.299999999999955,6208.164074611863,0.4096774193548387,0,1
300.1,310.5,1627,29.2,95,0,10.399999999999977,4975.068014126845,0.30416666666666664,1,0
300.1,310.6,1809,24.3,97,0,10.5,4603.344299378588,0.2479591836734694,1,0
300.1,310.5,1329,57.4,99,0,10.399999999999977,7988.504631401198,0.574,0,1
300.0,310.4,1881,21.9,102,0,10.399999999999977,4313.815120423753,0.21262135922330097,0,0
300.1,310.5,1500,39.8,107,0,10.399999999999977,6251.769380643688,0.36851851851851847,1,0
300.1,310.5,1532,36.0,109,0,10.399999999999977,5775.503934359475,0.32727272727272727,1,0
300.1,310.5,1492,50.9,111,0,10.399999999999977,7952.711419101298,0.4544642857142857,1,0
300.2,310.6,1431,42.3,113,0,10.400000000000034,6338.822913074661,0.37105263157894736,1,0
300.1,310.4,1554,39.4,115,0,10.299999999999955,6411.73927856448,0.3396551724137931,1,0
300.1,310.5,1494,44.2,117,0,10.399999999999977,6915.148085375709,0.3745762711864407,1,0
300.1,310.6,1374,45.4,119,0,10.5,6532.376436462329,0.3783333333333333,1,0
300.1,310.5,1394,44.3,121,0,10.399999999999977,6466.884701610493,0.36311475409836064,1,0
300.0,310.5,1790,25.7,123,0,10.5,4817.422894769708,0.20725806451612902,0,1
300.1,310.5,1356,45.8,126,0,10.399999999999977,6503.599447755445,0.3606299212598425,1,0
300.0,310.4,1385,52.1,128,0,10.399999999999977,7556.42044980197,0.4038759689922481,0,1
300.0,310.4,1333,49.1,131,0,10.399999999999977,6853.939388508268,0.371969696969697,1,0
300.0,310.4,1505,44.9,133,0,10.399999999999977,7076.3850923334485,0.33507462686567163,1,0
300.0,310.5,1606,33.5,135,0,10.5,5634.0275451928155,0.24632352941176472,1,0
300.0,310.5,1558,36.7,137,0,10.5,5987.728990084979,0.2659420289855073,0,0
300.0,310.5,1412,52.4,142,0,10.5,7748.089017597484,0.36643356643356645,1,0
299.9,310.4,1408,38.4,144,0,10.5,5661.903944005668,0.26482758620689656,1,0
299.9,310.3,1268,53.3,146,0,10.400000000000034,7077.421817909134,0.3625850340136054,1,0
299.9,310.4,1470,50.0,148,0,10.5,7696.902001294992,0.33557046979865773,1,0
299.9,310.4,1497,47.0,150,0,10.5,7367.977250464141,0.31125827814569534,1,0
299.9,310.3,1638,29.1,152,0,10.400000000000034,4991.550903582679,0.19019607843137257,1,0
299.9,310.3,1535,43.9,154,0,10.400000000000034,7056.697778370953,0.2832258064516129,0,0
299.8,310.2,1654,32.7,159,0,10.399999999999977,5663.8517314508945,0.20437500000000003,1,0
299.8,310.2,1411,49.7,161,0,10.399999999999977,7343.650851349845,0.30679012345679013,0,0
299.8,310.2,1911,23.5,166,0,10.399999999999977,4702.807122791241,0.1407185628742515,1,0
299.8,310.2,1573,33.3,168,0,10.399999999999977,5485.315020947386,0.1970414201183432,0,0
299.9,310.2,1479,46.3,173,0,10.300000000000011,7170.967975157526,0.26609195402298846,1,0
299.9,310.4,1820,26.6,175,0,10.5,5069.692784852969,0.15113636363636365,0,1
299.9,310.4,1419,45.7,178,0,10.5,6790.8980959262335,0.25530726256983244,1,0
299.9,310.5,1335,52.9,180,0,10.600000000000023,7395.466186183053,0.29226519337016577,0,1
299.9,310.5,1576,39.4,183,0,10.600000000000023,6502.510362302201,0.21413043478260868,0,1
300.0,310.5,1517,42.2,186,0,10.5,6703.886451397308,0.22566844919786097,1,0
299.9,310.4,1576,34.3,188,0,10.5,5660.814858552424,0.18148148148148147,0,1
299.8,310.2,1537,36.6,191,0,10.399999999999977,5890.926048452366,0.19062500000000002,0,0
299.8,310.3,1524,34.2,196,0,10.5,5458.077412640763,0.1736040609137056,1,0
299.8,310.3,1805,23.7,198,0,10.5,4479.754044386365,0.11909547738693467,0,1
299.9,310.4,1367,53.3,201,0,10.5,7629.996549749042,0.2638613861386139,0,1
299.8,310.4,1694,30.3,204,0,10.599999999999966,5375.076534732921,0.14780487804878048,1,0
299.9,310.4,1328,49.9,206,0,10.5,6939.484956465519,0.24106280193236715,1,0
299.9,310.5,1549,42.8,208,0,10.600000000000023,6942.626549119107,0.2047846889952153,0,0
299.9,310.5,1539,32.8,213,0,10.600000000000023,5286.16946263633,0.15327102803738316,1,0
299.8,310.5,1496,38.8,215,0,10.699999999999989,6078.437241969627,0.1796296296296296,1,0
299.8,310.4,1579,36.4,0,0,10.599999999999966,6018.830757355517,36.4,1,0
299.7,310.3,1386,46.6,2,0,10.600000000000023,6763.597655766537,15.533333333333333,1,0
299.7,310.3,1505,37.7,4,0,10.600000000000023,5941.6418258568165,7.540000000000001,1,0
299.7,310.3,1661,34.5,6,0,10.600000000000023,6000.9132072545435,4.928571428571429,0,1
299.6,310.2,1468,48.0,9,0,10.599999999999966,7378.972824751707,4.8,1,0
299.6,310.1,1384,49.8,11,0,10.5,7217.6206260633335,4.1499999999999995,1,0
299.6,310.2,1381,60.5,13,0,10.599999999999966,8749.387900125132,4.321428571428571,1,0
299.6,310.2,1469,47.0,15,0,10.599999999999966,7230.1660527266695,2.9375,1,0
299.6,310.2,1627,36.6,17,0,10.599999999999966,6235.8729218165245,2.033333333333333,1,0
299.7,310.3,1462,40.4,19,0,10.600000000000023,6185.251392191681,2.02,0,0
299.7,310.2,1633,36.5,24,0,10.5,6241.768644029761,1.46,1,0
299.7,310.2,1469,39.5,26,0,10.5,6076.416150695818,1.462962962962963,1,0
299.7,310.2,1458,43.4,28,0,10.5,6626.372888657735,1.496551724137931,1,0
299.7,310.2,1440,42.8,30,0,10.5,6454.08794753487,1.3806451612903226,0,1
299.8,310.3,1687,30.4,33,0,10.5,5370.531697360727,0.8941176470588235,1,0
299.7,310.3,1429,47.7,35,0,10.600000000000023,7138.044084147906,1.3250000000000002,0,1
299.6,310.2,1588,34.1,38,0,10.599999999999966,5670.6585155336725,0.8743589743589744,1,0
299.6,310.2,1333,51.2,40,0,10.599999999999966,7147.081399014733,1.248780487804878,1,0
299.6,310.1,1487,42.9,42,0,10.5,6680.314034519873,0.9976744186046511,1,0
299.5,310.1,1659,31.5,44,0,10.600000000000023,5472.49732292074,0.7,0,1
299.4,310.0,1512,43.2,47,0,10.600000000000023,6840.126852807985,0.9,0,1
299.5,310.1,1585,35.2,50,0,10.600000000000023,5842.524577636058,0.6901960784313727,1,0
299.5,310.0,1502,38.5,52,0,10.5,6055.629279304565,0.7264150943396226,1,0
299.5,310.0,1594,35.1,54,0,10.5,5859.007467091893,0.6381818181818182,1,0
299.5,310.0,1412,48.9,56,0,10.5,7230.563987796125,0.8578947368421053,1,0
299.5,309.9,1402,51.7,58,0,10.399999999999977,7590.443898240348,0.876271186440678,1,0
299.6,310.1,2057,20.4,60,0,10.5,4394.334140135259,0.33442622950819667,1,0
299.6,310.1,1531,36.8,62,0,10.5,5899.994779245727,0.584126984126984,0,0
299.5,310.1,1359,61.1,67,0,10.600000000000023,8695.394394385437,0.8985294117647059,0,1
299.6,310.2,1620,30.0,70,0,10.599999999999966,5089.380098815464,0.4225352112676056,0,1
299.6,310.1,1646,29.6,73,0,10.5,5102.114021038016,0.4,0,1
299.6,310.1,1455,46.1,76,0,10.5,7024.129934528739,0.5987012987012987,0,1
299.6,310.2,1512,44.0,79,0,10.599999999999966,6966.795868600726,0.55,1,0
299.6,310.2,1473,42.7,81,0,10.599999999999966,6586.568909736753,0.5207317073170732,1,0
299.6,310.1,1553,38.0,83,0,10.5,6179.931628631602,0.4523809523809524,1,0
299.5,310.0,1379,50.4,85,0,10.5,7278.190532424545,0.586046511627907,1,0
299.4,309.9,1567,40.6,87,0,10.5,6662.291764663779,0.46136363636363636,0,1
299.5,310.0,1481,43.1,90,0,10.5,6684.377161018516,0.47362637362637366,1,0
299.5,310.0,1349,52.7,92,0,10.5,7444.768246893388,0.5666666666666667,1,0
299.5,310.0,1388,52.4,94,0,10.5,7616.393453558999,0.5515789473684211,1,0
299.6,310.1,1357,48.7,96,0,10.5,6920.499264862324,0.5020618556701031,0,1
299.6,310.2,1743,24.8,99,0,10.599999999999966,4526.6580227044615,0.248,1,0
299.7,310.3,1495,43.1,101,0,10.600000000000023,6747.565061257717,0.42254901960784313,1,0
299.8,310.4,1698,28.3,103,0,10.599999999999966,5032.1402806670585,0.27211538461538465,1,0
299.7,310.4,1410,44.5,105,0,10.699999999999989,6570.641034983053,0.419811320754717,0,1
299.7,310.4,1614,36.2,108,0,10.699999999999989,6118.440188425338,0.3321100917431193,1,0
299.8,310.5,1375,53.9,110,0,10.699999999999989,7761.042851305783,0.48558558558558557,0,1
299.8,310.6,1574,31.8,113,0,10.800000000000011,5241.558846955354,0.2789473684210526,0,1
299.8,310.6,1423,44.6,116,0,10.800000000000011,6646.123034473303,0.38119658119658123,0,0
299.8,310.6,1694,31.3,121,0,10.800000000000011,5552.471799905625,0.25655737704918036,0,1
299.8,310.6,1707,32.5,124,0,10.800000000000011,5809.590214650925,0.26,1,0
299.7,310.5,1490,41.2,126,0,10.800000000000011,6428.536327285675,0.32440944881889766,0,1
299.7,310.6,1675,31.3,129,0,10.900000000000034,5490.194961535963,0.24076923076923076,1,0
299.7,310.5,1492,39.3,131,0,10.800000000000011,6140.305673294322,0.29772727272727273,0,1
299.7,310.5,1594,35.4,134,0,10.800000000000011,5909.084453990114,0.2622222222222222,0,1
299.7,310.6,1479,38.0,137,0,10.900000000000034,5885.459677235119,0.2753623188405797,1,0
299.7,310.6,1572,38.0,139,0,10.900000000000034,6255.539291827996,0.2714285714285714,0,1
299.7,310.6,1616,35.1,142,0,10.900000000000034,5939.872061995294,0.24545454545454545,1,0
299.7,310.6,1737,26.1,144,0,10.900000000000034,4747.543402178359,0.18000000000000002,1,0
299.7,310.7,1498,37.8,146,0,11.0,5929.693301797663,0.2571428571428571,0,1
299.6,310.6,1642,35.1,149,0,11.0,6035.439310517495,0.234,1,0
299.6,310.6,1633,34.2,151,0,11.0,5848.451715775832,0.225,0,1
299.8,310.8,1409,51.9,154,0,11.0,7657.8520046108715,0.33483870967741935,1,0
299.8,310.8,1463,43.5,156,0,11.0,6664.417575692709,0.2770700636942675,0,1
299.8,310.8,1376,48.6,159,0,11.0,7002.9870159700795,0.30375,1,0
299.8,310.8,1553,32.2,161,0,11.0,5236.678906366778,0.19876543209876546,1,0
299.8,310.8,1530,35.2,163,0,11.0,5639.787131724397,0.21463414634146344,0,1
299.8,310.9,1545,40.7,166,0,11.099999999999966,6584.935281556887,0.24371257485029943,1,0
299.8,310.9,1427,47.2,168,0,11.099999999999966,7053.336274231613,0.27928994082840236,0,0
299.9,310.9,1292,51.1,173,0,11.0,6913.723896706082,0.29367816091954024,1,0
299.8,310.9,2084,17.6,175,0,11.099999999999966,3840.9530661809295,0.1,1,0
299.9,311.0,1747,27.6,177,0,11.100000000000023,5049.293376555659,0.1550561797752809,1,0
300.0,311.1,1425,47.8,179,0,11.100000000000023,7132.986119975623,0.26555555555555554,1,0
300.0,311.0,1637,33.6,181,0,11.0,5759.92163479767,0.18461538461538463,1,0
300.1,311.1,1616,35.2,183,0,11.0,5956.794774422631,0.19130434782608696,0,1
300.1,311.1,1619,33.4,186,0,11.0,5662.678870193554,0.17860962566844918,1,0
300.1,311.2,1489,39.1,188,0,11.099999999999966,6096.773671091079,0.20687830687830688,1,0
300.1,311.2,1452,42.4,190,0,11.099999999999966,6447.05077999083,0.22198952879581152,0,1
300.1,311.3,1495,41.0,193,0,11.199999999999989,6418.797390059545,0.211340206185567,0,1
300.2,311.4,1427,39.7,196,0,11.199999999999989,5932.573095063454,0.2015228426395939,0,1
300.1,311.4,1572,36.2,199,0,11.299999999999955,5959.224272741407,0.18100000000000002,1,0
300.1,311.3,1547,40.0,201,0,11.199999999999989,6480.058446804546,0.19801980198019803,1,0
300.1,311.4,1342,48.5,203,0,11.299999999999955,6815.894701473296,0.23774509803921567,0,1
300.0,311.2,1351,44.1,206,0,11.199999999999989,6239.108762249722,0.21304347826086958,1,0
300.0,311.3,1407,47.3,208,0,11.300000000000011,6969.214894943989,0.2263157894736842,1,0
300.1,311.4,1575,29.8,210,0,11.299999999999955,4915.021706541232,0.14123222748815167,0,1
300.0,311.4,1791,24.1,213,0,11.399999999999977,4520.029262205387,0.11261682242990655,0,1
300.0,311.4,1692,29.0,216,1,11.399999999999977,5138.388944211465,0.1336405529953917,0,1
300.0,311.4,1634,31.9,0,0,11.399999999999977,5458.475347710218,31.9,1,0
300.0,311.4,1864,23.3,2,0,11.399999999999977,4548.104628552967,7.766666666666667,0,1
300.0,311.4,1590,33.6,5,0,11.399999999999977,5594.548197512703,5.6000000000000005,1,0
300.0,311.4,1384,46.1,7,0,11.399999999999977,6681.371704046581,5.7625,0,1
300.0,311.4,1352,61.8,10,0,11.399999999999977,8749.712531366005,5.618181818181818,0,1
300.1,311.4,1484,43.1,13,0,11.299999999999955,6697.917425355487,3.0785714285714287,1,0
300.1,311.4,1913,21.9,15,0,11.299999999999955,4387.20272481161,1.36875,0,1
300.0,311.4,1508,38.2,18,0,11.399999999999977,6032.444325521073,2.0105263157894737,1,0
299.9,311.3,1504,40.7,20,0,11.400000000000034,6410.18942618871,1.9380952380952383,1,0
300.0,311.4,1487,41.2,22,0,11.399999999999977,6415.592965552885,1.791304347826087,1,0
299.8,311.3,1727,30.0,24,0,11.5,5425.530512749573,1.2,1,0
299.9,311.3,1647,27.5,26,0,11.400000000000034,4743.019508757191,1.0185185185185186,1,0
300.0,311.3,1493,41.4,28,0,11.300000000000011,6472.749007897195,1.4275862068965517,1,0
300.0,311.4,1655,29.6,30,0,11.399999999999977,5130.011363801893,0.9548387096774194,1,0
299.9,311.4,1337,54.8,32,0,11.5,7672.565130205183,1.6606060606060604,0,1
300.0,311.5,1601,36.9,35,0,11.5,6186.518501228628,1.025,1,0
300.1,311.6,1589,37.9,37,0,11.5,6306.548284546783,0.9973684210526316,0,0
300.2,311.7,1286,55.1,42,0,11.5,7420.295240121924,1.2813953488372094,1,0
300.2,311.7,1553,41.3,44,0,11.5,6716.609901644345,0.9177777777777777,1,0
300.2,311.8,1379,51.0,46,0,11.600000000000023,7364.835657810552,1.0851063829787233,1,0
300.3,311.9,1677,30.8,48,0,11.599999999999966,5408.942903538619,0.6285714285714286,0,1
300.3,311.8,1488,38.4,51,0,11.5,5983.603031733263,0.7384615384615384,1,0
300.3,311.8,1418,45.9,53,0,11.5,6815.8109256692005,0.85,1,0
300.3,311.8,1451,41.0,55,0,11.5,6229.882951823679,0.7321428571428571,1,0
300.3,311.8,1508,43.1,57,0,11.5,6806.239540051262,0.743103448275862,1,0
300.3,311.7,1579,33.6,59,0,11.399999999999977,5555.843776020477,0.56,1,0
300.3,311.7,1432,47.7,61,0,11.399999999999977,7153.029481105528,0.7693548387096775,0,0
300.2,311.6,1446,47.3,66,0,11.400000000000034,7162.391427213225,0.7059701492537312,1,0
300.2,311.7,1597,39.5,68,0,11.5,6605.879232580817,0.572463768115942,0,1
300.2,311.7,1397,50.2,71,0,11.5,7343.933594688668,0.6972222222222223,0,1
300.1,311.6,1530,36.6,74,0,11.5,5864.096847190708,0.48800000000000004,1,0
300.1,311.6,1433,51.4,76,0,11.5,7713.259227044683,0.6675324675324675,0,1
300.0,311.5,1591,32.0,79,0,11.5,5331.492172652118,0.4,1,0
300.0,311.5,1445,41.6,81,0,11.5,6294.913919752988,0.5073170731707317,1,0
300.0,311.5,1749,28.3,83,0,11.5,5183.2823032312635,0.33690476190476193,1,0
300.0,311.3,1703,30.4,85,0,11.300000000000011,5421.46738625093,0.35348837209302325,1,0
300.1,311.4,1518,46.9,87,0,11.299999999999955,7455.4391899400825,0.5329545454545455,0,0
300.1,311.3,1535,42.3,92,0,11.199999999999989,6799.506059797068,0.45483870967741935,1,0
300.1,311.4,1390,52.1,94,0,11.299999999999955,7583.699946010641,0.5484210526315789,0,1
300.3,311.6,1801,23.6,97,0,11.300000000000011,4450.966583703971,0.24081632653061225,0,0
300.3,311.6,1463,41.6,102,0,11.300000000000011,6373.328072386591,0.4038834951456311,0,0
300.3,311.6,1560,37.7,107,0,11.300000000000011,6158.77823809743,0.3490740740740741,1,0
300.3,311.6,1607,33.5,109,0,11.300000000000011,5637.535656989324,0.30454545454545456,1,0
300.4,311.6,1332,54.6,111,0,11.200000000000045,7615.97457453852,0.4875,1,0
300.3,311.7,1365,53.3,113,0,11.399999999999977,7618.833423853286,0.46754385964912276,1,0
300.3,311.6,1617,32.5,115,0,11.300000000000011,5503.28493092592,0.2801724137931034,0,1
300.3,311.6,1304,62.8,118,0,11.300000000000011,8575.626410455083,0.5277310924369748,0,1
300.3,311.7,1989,22.3,121,0,11.399999999999977,4644.813322405973,0.18278688524590164,1,0
300.3,311.6,1339,53.4,123,0,11.300000000000011,7487.734762418985,0.43064516129032254,0,0
300.2,311.5,1492,41.8,128,0,11.300000000000011,6530.910359890653,0.32403100775193794,1,0
300.1,311.3,1518,40.2,130,0,11.199999999999989,6390.376448520071,0.3068702290076336,0,1
300.1,311.3,1479,39.5,133,0,11.199999999999989,6117.780453968084,0.2947761194029851,1,0
300.1,311.3,1523,34.1,135,0,11.199999999999989,5438.547178310947,0.25073529411764706,0,1
300.2,311.4,1570,35.3,138,0,11.199999999999989,5803.673548486664,0.25395683453237405,0,1
300.2,311.4,1506,36.1,141,0,11.199999999999989,5693.257038688495,0.25422535211267605,0,0
300.2,311.6,1510,47.5,146,0,11.400000000000034,7511.024435957596,0.3231292517006803,0,1
300.2,311.6,1671,28.8,149,0,11.400000000000034,5039.617271182603,0.192,1,0
300.3,311.6,1312,53.4,151,0,11.300000000000011,7336.749819487458,0.3513157894736842,0,1
300.3,311.6,1595,38.8,154,0,11.300000000000011,6480.686765335265,0.2503225806451613,1,0
300.3,311.7,1635,31.8,156,0,11.399999999999977,5444.69422793647,0.20254777070063695,1,0
300.3,311.7,1707,33.6,158,0,11.399999999999977,6006.222498839111,0.21132075471698114,1,0
300.3,311.7,1545,43.5,160,0,11.399999999999977,7037.952942204535,0.2701863354037267,1,0
300.2,311.6,1751,28.0,162,0,11.400000000000034,5134.200154006679,0.17177914110429449,0,1
300.4,311.8,1707,30.0,165,0,11.400000000000034,5362.698659677777,0.18072289156626506,0,1
300.4,311.8,1320,57.9,168,0,11.400000000000034,8003.521444285356,0.342603550295858,1,0
300.3,311.7,1319,51.4,170,0,11.399999999999977,7099.643349945525,0.3005847953216374,0,1
300.2,311.7,1448,54.2,173,0,11.5,8218.573933399091,0.31149425287356325,1,0
300.2,311.8,1436,48.2,175,0,11.600000000000023,7248.198794558275,0.27386363636363636,1,0
300.3,311.9,1609,34.0,177,0,11.599999999999966,5728.798923576106,0.19101123595505617,1,0
300.2,311.8,1464,44.5,179,0,11.600000000000023,6822.282606535594,0.24722222222222223,1,0
300.3,311.8,1483,45.1,181,0,11.5,7004.00279759474,0.2478021978021978,0,1
300.2,311.8,1748,28.5,184,0,11.600000000000023,5216.928760551211,0.15405405405405406,0,1
300.3,311.8,1746,26.3,187,0,11.5,4808.710211143753,0.1398936170212766,1,0
300.2,311.8,1410,51.4,189,0,11.600000000000023,7589.459532542222,0.27052631578947367,1,0
300.2,311.7,1640,30.8,191,0,11.5,5289.604270604254,0.16041666666666668,1,0
300.3,311.7,1655,29.9,193,0,11.399999999999977,5182.004722218804,0.15412371134020617,0,0
300.3,311.7,1646,28.9,198,0,11.399999999999977,4981.455919189143,0.1452261306532663,0,1
300.4,311.8,1589,42.0,201,0,11.400000000000034,6988.787017175854,0.2079207920792079,1,0
300.5,311.9,1546,39.4,203,0,11.399999999999977,6378.731611750763,0.19313725490196076,1,0
300.5,311.9,1511,41.8,205,0,11.399999999999977,6614.078789406687,0.20291262135922328,1,0
300.5,311.9,1750,28.3,207,0,11.399999999999977,5186.24587230115,0.13605769230769232,1,0
300.5,311.9,1730,27.5,209,0,11.399999999999977,4982.042349817813,0.13095238095238096,0,1
300.6,311.9,1372,60.1,212,1,11.299999999999955,8634.89779185281,0.28215962441314557,1,0
300.5,311.8,1524,38.9,214,1,11.300000000000011,6208.164074611862,0.18093023255813953,1,0
300.4,311.8,1601,36.1,0,0,11.400000000000034,6052.393438871368,36.1,1,0
300.5,311.8,1636,34.4,2,0,11.300000000000011,5893.46026652626,11.466666666666667,0,1
300.4,311.8,2261,14.9,5,0,11.400000000000034,3527.8933582507066,2.4833333333333334,1,0
300.4,311.8,1636,32.3,7,0,11.400000000000034,5533.685075837157,4.0375,1,0
300.4,311.9,1335,58.3,9,0,11.5,8150.39090084068,5.83,0,1
300.3,311.7,1236,57.5,12,0,11.399999999999977,7442.4329963542195,4.423076923076923,0,1
300.3,311.7,1445,47.3,15,0,11.399999999999977,7157.438182796065,2.95625,1,0
300.2,311.5,1500,40.8,17,0,11.300000000000011,6408.849013323178,2.2666666666666666,1,0
300.2,311.6,1999,21.0,19,0,11.400000000000034,4396.030600168197,1.05,1,0
300.2,311.6,1529,35.5,21,0,11.400000000000034,5684.135948017572,1.6136363636363635,1,0
300.2,311.6,1467,40.7,23,0,11.400000000000034,6252.491946954015,1.6958333333333335,0,1
300.1,311.5,1334,54.0,26,0,11.399999999999977,7543.592279799811,2.0,1,0
300.1,311.5,1343,46.2,28,0,11.399999999999977,6497.5047580074815,1.5931034482758621,0,1
300.2,311.5,1639,31.1,31,0,11.300000000000011,5337.869605738906,0.971875,1,0
300.1,311.5,1383,49.1,33,0,11.399999999999977,7111.026387327033,1.4441176470588235,0,0
300.1,311.4,1660,31.4,38,0,11.299999999999955,5458.412515857145,0.805128205128205,1,0
300.1,311.3,1470,45.2,40,0,11.199999999999989,6957.999409170674,1.102439024390244,1,0
300.1,311.3,1748,26.6,42,0,11.199999999999989,4869.133509847797,0.6186046511627907,0,1
300.1,311.4,1467,35.7,45,0,11.299999999999955,5484.37254315131,0.7760869565217392,1,0
300.1,311.4,1617,39.3,47,0,11.299999999999955,6654.741470319651,0.81875,0,1
300.1,311.4,1377,56.7,50,0,11.299999999999955,8176.089128747045,1.111764705882353,0,0
300.0,311.3,1629,32.1,55,0,11.300000000000011,5475.890242986617,0.5732142857142858,0,1
300.0,311.2,1504,37.9,58,0,11.199999999999989,5969.1935934287985,0.6423728813559322,1,0
300.0,311.2,1418,47.3,60,0,11.199999999999989,7023.700583532749,0.7754098360655737,1,0
300.0,311.2,1629,31.7,62,0,11.199999999999989,5407.654850550646,0.5031746031746032,1,0
300.1,311.3,2579,12.5,64,1,11.199999999999989,3375.9031056700314,0.19230769230769232,1,0
300.1,311.3,1305,64.7,66,0,11.199999999999989,8841.855443895793,0.9656716417910448,1,0
300.2,311.4,1450,38.5,68,0,11.199999999999989,5845.980329555007,0.5579710144927537,0,1
300.2,311.3,1487,36.9,71,0,11.100000000000023,5746.004379342267,0.5125,1,0
300.2,311.3,1587,31.2,73,0,11.100000000000023,5185.1358428968815,0.4216216216216216,0,1
300.3,311.5,1528,40.9,76,0,11.199999999999989,6544.482040154161,0.5311688311688312,0,1
300.4,311.6,1401,49.9,79,0,11.200000000000045,7320.947608439902,0.62375,0,1
300.3,311.5,1446,45.0,82,0,11.199999999999989,6814.114465636261,0.5421686746987951,1,0
300.2,311.4,1425,44.2,84,0,11.199999999999989,6595.77377621177,0.52,1,0
300.2,311.4,1891,22.6,86,0,11.199999999999989,4475.366286646852,0.2597701149425288,1,0
300.2,311.5,1454,42.8,88,0,11.300000000000011,6516.836024802571,0.48089887640449436,0,0
300.1,311.4,1430,40.9,93,0,11.299999999999955,6124.744317683541,0.4351063829787234,1,0
300.2,311.4,1495,43.6,95,0,11.199999999999989,6825.843078209663,0.45416666666666666,1,0
300.3,311.4,1544,41.6,97,0,11.099999999999966,6726.191759237795,0.4244897959183674,1,0
300.3,311.4,1554,34.3,99,0,11.099999999999966,5581.793331339128,0.34299999999999997,0,1
300.2,311.3,1491,37.3,102,0,11.100000000000023,5823.915877151294,0.36213592233009706,0,1
300.3,311.3,1525,40.7,105,0,11.0,6499.693400889483,0.3839622641509434,1,0
300.3,311.3,1505,39.6,107,0,11.0,6241.087965621483,0.3666666666666667,1,0
300.3,311.4,1371,50.2,109,0,11.099999999999966,7207.253370306488,0.4563636363636364,0,1
300.3,311.3,1332,60.5,112,0,11.0,8438.946186072902,0.5353982300884956,1,0
300.3,311.4,1471,37.0,114,0,11.099999999999966,5699.582111897723,0.3217391304347826,1,0
300.4,311.5,1750,27.3,116,0,11.100000000000023,5002.986300841745,0.23333333333333334,0,1
300.3,311.4,1386,48.1,119,0,11.099999999999966,6981.3100266603105,0.4008333333333333,0,1
300.4,311.4,1355,56.2,122,0,11.0,7974.514072117213,0.45691056910569106,0,1
300.3,311.3,1377,53.8,125,0,11.0,7757.911730627707,0.42698412698412697,0,1
300.3,311.1,1388,49.4,128,0,10.800000000000011,7180.3403932407355,0.3829457364341085,1,0
300.3,311.1,1350,58.7,130,0,10.800000000000011,8298.516994457439,0.44809160305343515,0,1
300.4,311.2,1831,23.4,133,0,10.800000000000011,4486.759796003871,0.1746268656716418,0,1
300.3,311.2,1381,65.2,136,1,10.899999999999977,9429.092414680308,0.4759124087591241,0,1
300.3,311.2,1783,25.6,139,0,10.899999999999977,4779.912278485846,0.18285714285714286,0,1
300.3,311.0,1613,34.7,142,0,10.699999999999989,5861.27988577799,0.24265734265734268,1,0
300.2,311.0,2370,14.7,144,0,10.800000000000011,3648.3315486138267,0.10137931034482758,0,1
300.2,311.0,1627,33.7,147,0,10.800000000000011,5741.773701235434,0.2277027027027027,1,0
300.2,311.0,1255,71.8,149,1,10.800000000000011,9436.19241407742,0.47866666666666663,1,0
300.2,311.0,1777,27.5,151,0,10.800000000000011,5117.3926333099735,0.18092105263157895,0,0
300.3,311.1,1606,30.9,156,0,10.800000000000011,5196.759735715164,0.1968152866242038,1,0
300.3,311.1,1676,28.6,158,0,10.800000000000011,5019.594854003723,0.179874213836478,1,0
300.3,311.1,1605,37.1,160,0,10.800000000000011,6235.590178477701,0.23043478260869565,1,0
300.4,311.1,1487,37.4,162,0,10.700000000000045,5823.863517273735,0.22944785276073618,1,0
300.4,311.2,1471,46.5,164,0,10.800000000000011,7162.988329817408,0.2818181818181818,1,0
300.3,311.1,1477,44.2,166,0,10.800000000000011,6836.461661378797,0.26467065868263473,0,1
300.4,311.2,1530,32.0,169,0,10.800000000000011,5127.079210658542,0.18823529411764706,1,0
300.4,311.2,1673,28.9,171,0,10.800000000000011,5063.1687441090135,0.16802325581395347,1,0
300.4,311.2,1436,56.8,173,0,10.800000000000011,8541.445882384025,0.32643678160919537,1,0
300.4,311.3,1495,51.2,175,0,10.900000000000034,8015.668935879237,0.29090909090909095,1,0
300.4,311.2,1366,56.1,177,0,10.800000000000011,8024.94710618284,0.3151685393258427,0,1
300.4,311.2,1489,45.3,180,0,10.800000000000011,7063.525506404754,0.25027624309392266,0,0
300.3,311.1,1480,46.6,185,0,10.800000000000011,7222.312071092695,0.25053763440860216,1,0
300.4,311.2,1472,37.3,187,0,10.800000000000011,5749.700986697991,0.19840425531914893,1,0
300.4,311.1,1397,50.8,189,0,10.700000000000045,7431.709693429966,0.2673684210526316,1,0
300.4,311.1,1589,35.5,191,0,10.700000000000045,5907.1890264224485,0.18489583333333334,1,0
300.4,311.1,1405,54.1,193,0,10.700000000000045,7959.800946522901,0.2788659793814433,1,0
300.4,311.1,2013,20.1,195,0,10.700000000000045,4237.097427823091,0.10255102040816327,1,0
300.4,311.0,1802,26.0,197,0,10.600000000000023,4906.329966866299,0.13131313131313133,1,0
300.4,311.0,1433,46.1,199,0,10.600000000000023,6917.9231588863795,0.2305,0,1
300.5,311.1,1296,61.3,202,1,10.600000000000023,8319.440001530345,0.3019704433497537,0,1
300.5,311.2,1551,36.6,205,0,10.699999999999989,5944.58445097568,0.17766990291262136,0,1
300.5,311.2,1270,67.5,208,1,10.699999999999989,8977.101007632833,0.3229665071770335,1,0
300.6,311.3,1531,38.5,0,0,10.699999999999989,6172.548885895666,38.5,1,0
300.5,311.2,1397,45.2,2,0,10.699999999999989,6612.466105177844,15.066666666666668,0,0
300.5,311.1,1547,37.2,7,0,10.600000000000023,6026.454355528229,4.65,1,0
300.5,311.0,2074,18.9,9,0,10.5,4104.867793033495,1.89,1,0
300.5,311.1,1491,42.6,11,0,10.600000000000023,6651.442798033381,3.5500000000000003,1,0
300.5,311.0,1759,28.3,13,0,10.5,5212.9179939301275,2.0214285714285714,1,0
300.4,311.0,1595,35.4,15,0,10.600000000000023,5912.7915333213505,2.2125,0,1
300.4,311.2,1351,62.0,18,0,10.800000000000011,8771.53612833294,3.263157894736842,1,0
300.4,311.2,1705,28.7,20,0,10.800000000000011,5124.304137147871,1.3666666666666667,1,0
300.4,311.2,1406,43.6,22,0,10.800000000000011,6419.488540443334,1.8956521739130436,1,0
300.4,311.3,1639,34.6,24,0,10.900000000000034,5938.594480982834,1.3840000000000001,1,0
300.4,311.3,2026,20.3,26,0,10.900000000000034,4306.893144610343,0.7518518518518519,0,0
300.4,311.3,1350,56.5,31,0,10.900000000000034,7987.49932175205,1.765625,0,1
300.5,311.3,1468,41.1,34,0,10.800000000000011,6318.2454811936495,1.1742857142857144,0,1
300.5,311.4,1642,27.1,37,0,10.899999999999977,4659.840607265644,0.7131578947368421,1,0
300.5,311.3,1490,41.8,39,0,10.800000000000011,6522.155788362649,1.045,1,0
300.5,311.3,1507,43.4,41,0,10.800000000000011,6849.069919895204,1.0333333333333332,0,1
300.5,311.4,1611,32.7,44,0,10.899999999999977,5516.605283777141,0.7266666666666667,1,0
300.5,311.4,1743,27.6,46,0,10.899999999999977,5037.732315590449,0.5872340425531916,0,1
300.5,311.3,1475,46.3,49,0,10.800000000000011,7151.573876509365,0.9259999999999999,1,0
300.5,311.4,1432,47.5,51,0,10.899999999999977,7123.037743239257,0.9134615384615384,1,0
300.5,311.4,1442,47.0,53,0,10.899999999999977,7097.276683479821,0.8703703703703703,1,0
300.6,311.4,1468,40.4,55,0,10.799999999999955,6210.6354608326865,0.7214285714285714,0,1
300.5,311.4,1556,45.3,58,0,10.899999999999977,7381.360435168434,0.7677966101694915,1,0
300.5,311.4,1312,51.4,60,0,10.899999999999977,7061.965182053471,0.8426229508196721,0,1
300.6,311.5,1459,47.0,63,0,10.899999999999977,7180.947767820429,0.734375,1,0
300.5,311.5,1651,36.9,65,0,11.0,6379.7264494244,0.5590909090909091,1,0
300.5,311.5,1490,38.4,67,0,11.0,5991.645508926454,0.5647058823529412,1,0
300.6,311.6,1473,31.5,69,0,11.0,4858.944277674654,0.45,0,1
300.6,311.7,1734,29.9,72,0,11.099999999999966,5429.363255786952,0.4095890410958904,1,0
300.6,311.7,1507,45.5,74,0,11.099999999999966,7180.476528922392,0.6066666666666667,1,0
300.6,311.7,1556,34.9,76,0,11.099999999999966,5686.743469920052,0.45324675324675323,1,0
300.5,311.6,1351,53.5,78,0,11.100000000000023,7568.986820416329,0.6772151898734177,0,0
300.5,311.7,1445,44.8,83,0,11.199999999999989,6779.138067426294,0.5333333333333333,1,0
300.5,311.7,1619,32.7,85,0,11.199999999999989,5543.999971716445,0.38023255813953494,1,0
300.5,311.7,1269,64.0,87,0,11.199999999999989,8504.919631798288,0.7272727272727273,0,1
300.5,311.6,1534,37.7,90,0,11.100000000000023,6056.13193412914,0.4142857142857143,1,0
300.5,311.6,1444,49.3,92,0,11.100000000000023,7454.915591164482,0.5301075268817204,1,0
300.5,311.6,1744,26.8,94,0,11.100000000000023,4894.5175784888015,0.28210526315789475,1,0
300.4,311.5,1441,44.6,96,0,11.100000000000023,6730.1920538833665,0.4597938144329897,1,0
300.3,311.3,1506,40.7,98,0,11.0,6418.713614255451,0.41111111111111115,0,1
300.3,311.4,1526,38.5,101,0,11.099999999999966,6152.390333035132,0.37745098039215685,1,0
300.4,311.5,1704,29.7,103,0,11.100000000000023,5299.7411428998375,0.28557692307692306,1,0
300.4,311.4,1445,52.4,105,0,11.0,7929.170418150397,0.49433962264150944,0,0
300.5,311.5,1661,35.9,110,0,11.0,6244.4285258098,0.3234234234234234,1,0
300.5,311.4,1466,41.8,112,0,10.899999999999977,6417.100930026606,0.3699115044247787,1,0
300.4,311.3,1608,35.1,114,0,10.900000000000034,5910.466754757694,0.30521739130434783,1,0
300.4,311.4,1352,57.3,116,0,11.0,8112.597541217994,0.4897435897435897,0,1
300.4,311.4,1604,31.7,119,0,11.0,5324.664444618315,0.26416666666666666,0,1
300.4,311.4,1427,50.7,122,0,11.0,7576.359091176753,0.41219512195121955,0,0
300.4,311.4,1424,44.6,127,0,11.0,6650.793535551641,0.3484375,1,0
300.4,311.4,1662,29.3,129,0,11.0,5099.496027160024,0.22538461538461538,1,0
300.4,311.4,1936,23.9,131,0,11.0,4845.424957288706,0.18106060606060606,1,0
300.4,311.4,1728,31.7,133,0,11.0,5736.296858042675,0.23656716417910448,1,0
300.4,311.4,1552,28.8,135,0,11.0,4680.7217264365045,0.21176470588235294,1,0
300.4,311.5,1662,29.0,137,0,11.100000000000023,5047.2827572573615,0.21014492753623187,0,0
300.3,311.4,1343,57.7,142,0,11.099999999999966,8114.849015953067,0.4034965034965035,1,0
300.4,311.5,1476,32.6,144,0,11.100000000000023,5038.863288945741,0.22482758620689655,0,1
300.3,311.4,1346,51.1,147,0,11.099999999999966,7202.687588983271,0.3452702702702703,1,0
300.4,311.5,1492,44.6,149,0,11.100000000000023,6968.387608878545,0.29733333333333334,1,0
300.3,311.5,1540,41.5,151,0,11.199999999999989,6692.6395496974565,0.2730263157894737,0,1
300.4,311.5,1596,32.5,154,0,11.100000000000023,5431.813698056752,0.20967741935483872,1,0
300.5,311.6,1541,47.8,156,0,11.100000000000023,7713.636218163114,0.30445859872611464,1,0
300.5,311.6,1661,30.0,158,0,11.100000000000023,5218.185397612647,0.18867924528301888,1,0
300.4,311.6,1359,55.4,160,0,11.200000000000045,7884.203755302016,0.34409937888198755,0,1
300.5,311.6,1528,42.4,163,0,11.100000000000023,6784.499718888421,0.25853658536585367,1,0
300.5,311.6,1246,52.9,165,0,11.100000000000023,6902.435107104182,0.31867469879518073,0,1
300.5,311.6,1575,32.5,168,0,11.100000000000023,5360.342465187585,0.19230769230769232,1,0
300.5,311.6,1658,30.4,170,0,11.100000000000023,5278.2107612472355,0.17777777777777776,0,1
300.5,311.6,1385,54.8,173,0,11.100000000000023,7948.019974071937,0.31494252873563217,1,0
300.5,311.7,1454,50.3,175,0,11.199999999999989,7658.804954382461,0.2857954545454545,0,0
300.5,311.6,1497,40.5,180,0,11.100000000000023,6349.0016732722925,0.22375690607734808,1,0
300.6,311.7,1424,50.8,182,0,11.099999999999966,7575.343309552092,0.27759562841530055,0,1
300.6,311.7,1528,43.9,185,0,11.099999999999966,7024.5173976226815,0.2360215053763441,1,0
300.6,311.8,1539,37.0,187,0,11.199999999999989,5963.057015778787,0.19680851063829788,1,0
300.7,311.8,1336,58.4,189,1,11.100000000000023,8170.486621848144,0.30736842105263157,1,0
300.5,311.6,1525,37.6,191,0,11.100000000000023,6004.630758561292,0.19583333333333333,1,0
300.5,311.6,1456,51.1,193,0,11.100000000000023,7791.317332510879,0.2634020618556701,0,1
300.5,311.7,2141,17.2,196,0,11.199999999999989,3856.325926232495,0.08730964467005076,0,1
300.5,311.6,1476,39.1,199,0,11.100000000000023,6043.544619563757,0.1955,0,1
300.5,311.6,1509,47.2,202,0,11.100000000000023,7458.643614446743,0.23251231527093597,1,0
300.5,311.6,1447,45.4,204,0,11.100000000000023,6879.438648879905,0.22146341463414634,1,0
300.6,311.7,1448,49.1,206,0,11.099999999999966,7445.239485791427,0.23719806763285026,1,0
300.6,311.7,1428,52.6,208,0,11.099999999999966,7865.79402235198,0.2516746411483254,1,0
300.6,311.7,1389,52.1,210,0,11.099999999999966,7578.244046768906,0.24691943127962085,0,1
300.7,311.7,1635,32.4,213,0,11.0,5547.424307708856,0.1514018691588785,1,0
300.7,311.7,1395,43.7,215,0,11.0,6383.873351727139,0.20231481481481484,1,0
300.7,311.8,1443,43.7,217,0,11.100000000000023,6603.533510066139,0.2004587155963303,1,0
300.7,311.7,1412,49.1,219,0,11.0,7260.136846641917,0.22318181818181818,0,1
300.7,311.7,1524,43.5,222,0,11.0,6942.291445902724,0.19506726457399104,1,0
300.7,311.8,1407,42.4,224,0,11.100000000000023,6247.245487222519,0.18844444444444444,0,1
300.8,311.7,1397,43.5,227,0,10.899999999999977,6363.767158744164,0.19078947368421054,1,0
300.7,311.7,1504,36.9,229,0,11.0,5811.69508172883,0.16043478260869565,0,1
300.7,311.7,2097,18.9,232,1,11.0,4150.389470584011,0.08111587982832617,0,1
300.6,311.7,1553,39.8,0,0,11.099999999999966,6472.665232093098,39.8,1,0
300.6,311.7,1432,39.2,2,0,11.099999999999966,5878.38062178903,13.066666666666668,1,0
300.5,311.6,1577,36.5,4,0,11.100000000000023,6027.721464565177,7.3,0,1
300.5,311.5,1370,56.1,7,0,11.0,8048.4462192316905,7.0125,0,1
300.5,311.6,1506,36.2,10,0,11.100000000000023,5709.027833809517,3.290909090909091,0,0
300.6,311.6,1964,21.4,15,0,11.0,4401.329419777253,1.3375,1,0
300.6,311.7,1500,36.7,17,0,11.099999999999966,5764.822519337271,2.038888888888889,0,0
300.6,311.7,1488,47.7,22,0,11.099999999999966,7432.756890981163,2.073913043478261,1,0
300.6,311.5,1282,60.2,24,0,10.899999999999977,8081.893709016912,2.408,0,0
300.5,311.4,1400,45.1,29,0,10.899999999999977,6612.005338255317,1.5033333333333334,1,0
300.6,311.5,1419,38.6,31,0,10.899999999999977,5735.8570350711725,1.20625,1,0
300.7,311.5,1441,40.6,33,0,10.800000000000011,6126.5873853736475,1.1941176470588235,0,1
300.7,311.6,1348,62.5,36,0,10.900000000000034,8822.639368831336,1.6891891891891893,0,1
300.8,311.7,1468,38.7,39,0,10.899999999999977,5949.296839956064,0.9675,0,0
300.7,311.7,1701,30.8,44,0,11.0,5486.351746523072,0.6844444444444444,0,1
300.7,311.7,1864,23.6,47,0,11.0,4606.663915615882,0.4916666666666667,0,0
300.6,311.6,1630,31.8,52,0,11.0,5428.043786872445,0.6,0,1
300.5,311.5,1316,49.7,55,0,11.0,6849.216527552372,0.8875000000000001,1,0
300.5,311.5,1708,31.2,57,0,11.0,5580.473862424622,0.5379310344827586,1,0
300.5,311.4,1679,27.5,59,0,10.899999999999977,4835.17289326249,0.4583333333333333,0,0
300.5,311.4,1709,32.3,64,0,10.899999999999977,5780.603786433802,0.49692307692307686,1,0
300.5,311.4,1445,41.5,66,0,10.899999999999977,6279.781915138196,0.6194029850746269,1,0
300.5,311.4,1390,51.9,68,0,10.899999999999977,7554.5878540873755,0.7521739130434782,0,1
300.4,311.4,1309,55.5,71,0,11.0,7607.8378495657225,0.7708333333333334,1,0
300.5,311.5,1499,37.6,73,0,11.0,5902.256725956312,0.5081081081081081,1,0
300.5,311.4,2072,18.8,75,0,10.899999999999977,4079.211453029179,0.2473684210526316,0,1
300.5,311.5,1487,43.0,78,0,11.0,6695.885862106166,0.5443037974683544,1,0
300.5,311.5,1302,49.6,80,0,11.0,6762.718009823533,0.6123456790123457,1,0
300.5,311.5,1378,48.2,82,0,11.0,6955.444247145754,0.5807228915662651,0,1
300.5,311.6,1365,53.0,85,0,11.100000000000023,7575.950684131786,0.6162790697674418,1,0
300.6,311.7,1427,44.6,87,0,11.099999999999966,6664.805038786651,0.5068181818181818,0,0
300.6,311.7,1535,33.3,92,0,11.099999999999966,5352.802642818968,0.35806451612903223,0,0
300.5,311.6,1476,41.7,97,0,11.100000000000023,6445.417151810963,0.4255102040816327,0,0
300.5,311.6,1425,42.4,102,0,11.100000000000023,6327.167604329842,0.4116504854368932,1,0
300.5,311.7,1409,54.7,104,0,11.199999999999989,8070.992382508954,0.520952380952381,1,0
300.5,311.6,1730,30.2,106,0,11.100000000000023,5471.188325981744,0.2822429906542056,1,0
300.5,311.6,1454,41.4,108,0,11.100000000000023,6303.6684912809915,0.37981651376146786,0,1
300.6,311.7,1744,26.9,111,0,11.099999999999966,4912.78070378167,0.2401785714285714,1,0
300.8,311.9,1761,29.0,113,0,11.099999999999966,5347.933174205905,0.2543859649122807,0,1
300.7,311.9,1657,30.9,116,0,11.199999999999989,5361.787597808236,0.2641025641025641,0,1
300.7,311.8,1420,47.0,119,0,11.100000000000023,6988.996456686093,0.39166666666666666,1,0
300.7,311.9,1329,59.2,121,0,11.199999999999989,8239.015229598448,0.4852459016393443,0,0
300.6,311.9,1472,44.2,126,0,11.299999999999955,6813.318595497351,0.34803149606299216,1,0
300.6,312.0,1566,30.1,128,0,11.399999999999977,4936.133209173355,0.23333333333333334,1,0
300.6,312.0,1430,42.7,130,0,11.399999999999977,6394.292967361546,0.32595419847328244,1,0
300.6,312.0,1481,40.9,132,0,11.399999999999977,6343.179254887639,0.3075187969924812,1,0
300.6,312.0,1670,29.4,134,0,11.399999999999977,5141.530536865055,0.21777777777777776,1,0
300.6,312.0,1406,55.1,136,0,11.399999999999977,8112.702260973113,0.40218978102189784,1,0
300.6,312.1,1354,46.9,138,0,11.5,6649.976721461707,0.33741007194244604,0,0
300.5,312.0,1985,19.3,143,0,11.5,4011.8661785117256,0.13402777777777777,0,1
300.5,312.0,1263,60.8,146,0,11.5,8041.471883540721,0.41360544217687073,0,1
300.5,311.9,1576,31.1,149,0,11.399999999999977,5132.692189532956,0.20733333333333334,1,0
300.5,312.0,1453,45.1,151,0,11.5,6862.31696891784,0.2967105263157895,1,0
300.5,312.0,1478,39.0,153,0,11.5,6036.256124607428,0.2532467532467532,1,0
300.5,311.9,1323,57.9,155,0,11.399999999999977,8021.711265749642,0.37115384615384617,0,1
300.5,311.9,1710,28.4,158,0,11.399999999999977,5085.610187631158,0.17861635220125785,1,0
300.4,311.7,1314,59.5,160,0,11.300000000000011,8187.304614520361,0.3695652173913043,1,0
300.4,311.7,1460,39.6,162,0,11.300000000000011,6054.47736199825,0.24294478527607363,1,0
300.4,311.7,1508,45.4,164,0,11.300000000000011,7169.44953870829,0.27515151515151515,0,1
300.5,311.8,1331,55.3,167,0,11.300000000000011,7707.824271753972,0.32916666666666666,0,1
300.4,311.7,1515,47.4,170,0,11.300000000000011,7520.030334897888,0.2771929824561403,1,0
300.4,311.6,1674,33.0,172,0,11.200000000000045,5784.928712320245,0.1907514450867052,1,0
300.4,311.7,1444,51.2,174,0,11.300000000000011,7742.224711310781,0.2925714285714286,1,0
300.4,311.7,1398,42.6,176,0,11.300000000000011,6236.5640722003145,0.24067796610169492,0,1
300.4,311.7,1832,24.2,179,0,11.300000000000011,4642.687511377044,0.13444444444444445,0,1
300.5,311.8,1591,42.0,182,0,11.300000000000011,6997.583476605905,0.22950819672131148,0,1
300.4,311.7,1478,39.9,185,0,11.300000000000011,6175.554342867599,0.21451612903225806,0,1
300.4,311.8,1362,47.6,188,0,11.400000000000034,6789.107388113686,0.2518518518518519,0,1
300.5,311.8,1368,57.9,191,1,11.300000000000011,8294.558587713915,0.3015625,1,0
300.3,311.7,1723,28.3,193,0,11.399999999999977,5106.2295074142185,0.14587628865979382,0,1
300.4,311.8,1689,30.8,196,0,11.400000000000034,5447.6473250308445,0.15634517766497463,1,0
300.4,311.8,1272,59.2,198,1,11.400000000000034,7885.648887922669,0.2974874371859297,1,0
300.4,311.7,1511,33.0,200,0,11.300000000000011,5221.641149531595,0.16417910447761194,0,1
300.4,311.6,1715,30.8,203,0,11.200000000000045,5531.5069049306685,0.15098039215686274,0,0
300.3,311.5,1400,43.8,0,0,11.199999999999989,6421.415383937536,43.8,0,1
300.4,311.6,1200,76.6,3,1,11.200000000000045,9625.839890599125,19.15,1,0
300.4,311.7,1555,38.7,5,0,11.300000000000011,6301.877783468446,6.45,0,1
300.3,311.6,1427,56.2,8,0,11.300000000000011,8398.252089233403,6.2444444444444445,0,0
300.3,311.4,1318,52.7,13,0,11.099999999999966,7273.6875829544,3.7642857142857147,1,0
300.2,311.4,1319,54.6,15,0,11.199999999999989,7541.644492354586,3.4125,0,0
300.2,311.4,1960,20.9,20,0,11.199999999999989,4289.740048721743,0.9952380952380951,0,1
300.3,311.5,1552,38.9,23,0,11.199999999999989,6322.224831888195,1.6208333333333333,1,0
300.3,311.5,1548,32.2,25,0,11.199999999999989,5219.8190257925135,1.2384615384615385,1,0
300.3,311.6,1709,29.5,27,0,11.300000000000011,5279.498814235208,1.0535714285714286,1,0
300.3,311.5,1464,41.0,29,0,11.199999999999989,6285.698581302458,1.3666666666666667,0,0
300.3,311.4,1759,24.8,34,0,11.099999999999966,4568.210821535942,0.7085714285714286,1,0
300.3,311.5,1634,31.9,36,0,11.199999999999989,5458.475347710218,0.8621621621621621,1,0
300.3,311.5,1663,33.6,38,0,11.199999999999989,5851.404812870205,0.8615384615384616,1,0
300.3,311.5,1445,47.3,40,0,11.199999999999989,7157.438182796065,1.1536585365853658,0,1
300.3,311.5,1695,25.6,43,0,11.199999999999989,4543.999614152277,0.5818181818181819,1,0
300.4,311.6,1517,39.0,45,0,11.200000000000045,6195.534872144432,0.8478260869565217,1,0
300.5,311.7,1811,26.8,47,0,11.199999999999989,5082.552370781664,0.5583333333333333,1,0
300.4,311.6,1815,23.5,49,0,11.200000000000045,4466.559355241288,0.47,1,0
300.4,311.7,1513,40.0,51,0,11.300000000000011,6337.639579841809,0.7692307692307693,1,0
300.4,311.6,1518,36.4,53,0,11.200000000000045,5786.311013087825,0.674074074074074,0,1
300.3,311.5,1667,28.8,56,0,11.199999999999989,5027.5535553928175,0.5052631578947369,1,0
300.3,311.5,1403,60.1,58,0,11.199999999999989,8830.001167616247,1.0186440677966102,1,0
300.2,311.5,1383,42.1,60,0,11.300000000000011,6097.234438013607,0.6901639344262296,1,0
300.3,311.5,1466,46.2,62,0,11.199999999999989,7092.585238450461,0.7333333333333334,1,0
300.3,311.5,1378,47.5,64,0,11.199999999999989,6854.43157135733,0.7307692307692307,1,0
300.2,311.5,1547,40.9,66,0,11.300000000000011,6625.859761857649,0.6104477611940299,0,1
300.2,311.5,1495,38.5,69,0,11.300000000000011,6027.4073052998165,0.55,1,0
300.1,311.4,1729,29.3,71,0,11.299999999999955,5305.071378435428,0.40694444444444444,1,0
300.1,311.4,1418,47.7,73,0,11.299999999999955,7083.09762863662,0.6445945945945947,1,0
300.1,311.4,1485,40.4,75,0,11.299999999999955,6282.556988648868,0.531578947368421,0,0
300.1,311.5,1434,40.8,80,0,11.399999999999977,6126.859656736958,0.5037037037037037,1,0
300.2,311.6,1415,55.8,82,0,11.400000000000034,8268.357704982976,0.672289156626506,0,1
300.1,311.6,1674,29.6,85,0,11.5,5188.90575408119,0.34418604651162793,0,0
300.1,311.5,1454,52.4,90,0,11.399999999999977,7978.556254664831,0.5758241758241758,1,0
300.0,311.4,1476,39.0,92,0,11.399999999999977,6028.087983708095,0.41935483870967744,1,0
300.0,311.5,1812,28.3,94,0,11.5,5369.9871546341055,0.29789473684210527,1,0
300.0,311.4,1374,41.9,96,0,11.399999999999977,6028.779134091886,0.4319587628865979,1,0
300.1,311.4,1524,40.6,98,0,11.299999999999955,6479.472016175877,0.41010101010101013,0,1
300.0,311.4,1383,49.6,101,0,11.399999999999977,7183.440097992278,0.48627450980392156,1,0
299.9,311.3,1429,58.2,103,0,11.400000000000034,8709.31164984084,0.5596153846153846,1,0
299.8,311.3,1517,41.2,105,0,11.5,6545.026582880784,0.3886792452830189,0,1
299.9,311.4,1480,44.9,108,0,11.5,6958.837167211631,0.41192660550458715,0,1
299.9,311.4,1706,28.8,111,0,11.5,5145.1747843432195,0.2571428571428572,1,0
300.0,311.5,1349,48.6,113,0,11.5,6865.573753302062,0.4263157894736842,1,0
300.0,311.5,1451,49.0,115,0,11.5,7445.46986925269,0.4224137931034483,0,1
299.9,311.4,1627,36.7,118,0,11.5,6252.9108259744935,0.30840336134453783,1,0
300.0,311.4,1537,35.4,120,0,11.399999999999977,5697.780932109665,0.29256198347107437,0,1
300.1,311.5,2218,17.0,123,0,11.399999999999977,3948.5630865418916,0.13709677419354838,1,0
300.0,311.4,1466,39.0,125,0,11.399999999999977,5987.247279211428,0.30952380952380953,0,1
300.0,311.5,1666,32.0,128,0,11.5,5582.819584939302,0.24806201550387597,1,0
300.0,311.5,1455,41.7,130,0,11.5,6353.714062252678,0.31832061068702294,1,0
300.0,311.4,1927,24.6,132,0,11.399999999999977,4964.156215643376,0.1849624060150376,1,0
299.9,311.3,1703,28.4,134,0,11.400000000000034,5064.791900313368,0.21037037037037035,0,1
299.8,311.2,1533,35.9,137,0,11.399999999999977,5763.220307083939,0.26014492753623186,1,0
299.8,311.3,1785,25.4,139,0,11.5,4747.888977370255,0.1814285714285714,0,0
299.8,311.2,2142,16.6,144,0,11.399999999999977,3723.541276740767,0.11448275862068967,1,0
299.8,311.2,1369,46.2,146,0,11.399999999999977,6623.294127857218,0.3142857142857143,1,0
299.8,311.2,1706,29.2,148,0,11.399999999999977,5216.635545236875,0.1959731543624161,0,1
299.9,311.3,1802,24.4,151,0,11.400000000000034,4604.401968905296,0.16052631578947368,1,0
299.9,311.3,1413,41.8,153,0,11.400000000000034,6185.104784534512,0.2714285714285714,0,0
300.0,311.3,1484,53.2,158,0,11.300000000000011,8267.499002990995,0.3345911949685535,1,0
299.9,311.3,1535,38.1,160,0,11.400000000000034,6124.377798540622,0.23664596273291927,1,0
299.9,311.2,1579,35.5,162,0,11.300000000000011,5870.013513354968,0.21779141104294478,0,1
299.8,311.1,1300,64.2,165,0,11.300000000000011,8739.910762286805,0.38674698795180723,1,0
299.8,311.1,1452,44.3,167,0,11.300000000000011,6735.951640414947,0.2636904761904762,0,1
299.8,311.1,1562,35.7,170,0,11.300000000000011,5839.529592639637,0.20877192982456141,0,1
299.8,311.2,1664,28.3,173,0,11.399999999999977,4931.378932290922,0.16264367816091954,1,0
299.9,311.2,1495,35.8,175,0,11.300000000000011,5604.70601375931,0.2034090909090909,0,0
300.0,311.4,1533,42.6,180,0,11.399999999999977,6838.807383893477,0.23535911602209947,0,1
300.0,311.4,1484,37.0,183,0,11.399999999999977,5749.952314110278,0.20108695652173914,1,0
300.0,311.4,1604,38.7,185,0,11.399999999999977,6500.457855101856,0.20806451612903226,1,0
300.0,311.4,1483,45.6,187,0,11.399999999999977,7081.652496015968,0.24255319148936172,1,0
300.1,311.5,1549,34.7,189,0,11.399999999999977,5628.718253608249,0.18263157894736842,1,0
300.1,311.4,1604,35.0,191,0,11.299999999999955,5878.967052417699,0.18229166666666666,1,0
300.2,311.5,1685,31.0,193,0,11.300000000000011,5470.036408675429,0.15979381443298968,1,0
300.2,311.6,1372,49.2,195,0,11.400000000000034,7068.834797989323,0.2510204081632653,1,0
300.3,311.6,1374,47.4,197,0,11.300000000000011,6820.146323531154,0.23939393939393938,1,0
300.2,311.6,1606,31.0,199,0,11.400000000000034,5213.577728387381,0.155,1,0
300.1,311.5,1471,47.2,201,0,11.399999999999977,7270.8182616641225,0.23366336633663368,1,0
300.1,311.5,1659,31.1,203,0,11.399999999999977,5403.0052934233345,0.15245098039215688,1,0
300.1,311.7,1400,48.5,205,0,11.599999999999966,7110.471372624897,0.2354368932038835,0,1
300.1,311.7,1503,42.6,208,0,11.599999999999966,6704.975536850552,0.20382775119617225,1,0
300.2,311.8,1798,23.2,210,0,11.600000000000023,4368.23797715944,0.10995260663507109,1,0
300.2,311.6,1608,35.0,212,0,11.400000000000034,5893.627818134452,0.1643192488262911,0,1
300.2,311.6,1322,50.9,215,0,11.400000000000034,7046.571378050882,0.23564814814814813,1,0
300.2,311.6,1547,37.7,217,0,11.400000000000034,6107.455086113286,0.17293577981651378,0,0
300.3,311.7,1374,47.9,222,1,11.399999999999977,6892.08879529836,0.2147982062780269,0,1
300.3,311.7,1447,36.8,0,0,11.399999999999977,5576.285072219835,36.8,0,1
300.4,311.7,1373,47.2,3,0,11.300000000000011,6786.426562382624,11.8,1,0
300.3,311.7,1515,37.5,5,0,11.399999999999977,5949.391087735671,6.25,1,0
300.3,311.7,1317,56.5,7,0,11.399999999999977,7792.249338331445,7.0625,1,0
300.3,311.8,1551,37.2,9,0,11.5,6042.036655090035,3.72,1,0
300.3,311.8,1592,32.1,11,0,11.5,5351.5145898309975,2.6750000000000003,0,1
300.4,311.8,1433,42.2,14,0,11.400000000000034,6332.675863449137,2.8133333333333335,1,0
300.5,311.9,1432,43.1,16,0,11.399999999999977,6463.219510181305,2.5352941176470587,1,0
300.5,311.9,1350,51.7,18,0,11.399999999999977,7308.915308576654,2.7210526315789476,1,0
300.5,311.9,1370,44.8,20,0,11.399999999999977,6427.279690224237,2.1333333333333333,0,1
300.5,312.0,1415,44.6,23,0,11.5,6608.759025846609,1.8583333333333334,1,0
300.5,312.0,1498,42.9,25,0,11.5,6729.7312869608395,1.65,1,0
300.5,312.0,1382,54.1,27,0,11.5,7829.498155227506,1.9321428571428572,0,1
300.5,311.9,1511,44.5,30,0,11.399999999999977,7041.303974368363,1.435483870967742,0,1
300.5,311.9,1330,59.5,33,0,11.399999999999977,8286.997821394276,1.75,1,0
300.5,311.9,1383,50.5,35,0,11.399999999999977,7313.784777189719,1.4027777777777777,1,0
300.5,311.9,1431,49.4,37,0,11.399999999999977,7402.786097065917,1.3,1,0
300.5,312.0,1461,38.1,39,0,11.5,5829.130920956253,0.9525,1,0
300.4,311.9,1438,46.7,41,0,11.5,7032.413267158704,1.111904761904762,0,0
300.5,312.0,1779,27.7,46,0,11.5,5160.41150871313,0.5893617021276596,0,1
300.6,312.1,1293,52.3,49,0,11.5,7081.558248236361,1.046,0,1
300.6,312.2,1308,54.7,52,0,11.599999999999966,7492.44715139937,1.0320754716981133,1,0
300.6,312.3,1532,37.2,54,0,11.699999999999989,5968.020732171459,0.6763636363636364,1,0
300.7,312.4,1470,38.6,56,0,11.699999999999989,5942.008344999735,0.6771929824561403,1,0
300.7,312.3,1548,37.9,58,0,11.600000000000023,6143.824257066343,0.6423728813559322,1,0
300.7,312.3,1898,24.0,60,0,11.600000000000023,4770.194285210741,0.39344262295081966,1,0
300.7,312.2,1335,49.0,62,0,11.5,6850.242781152544,0.7777777777777778,0,0
300.7,312.3,1420,53.8,67,0,11.600000000000023,8000.170412121527,0.7911764705882353,1,0
300.7,312.3,1418,49.0,69,0,11.600000000000023,7276.138025224201,0.7,1,0
300.8,312.3,1535,40.3,71,0,11.5,6478.016411579712,0.5597222222222222,0,1
300.7,312.4,1457,47.2,74,0,11.699999999999989,7201.619447481051,0.6293333333333334,0,0
300.8,312.4,1493,39.1,79,0,11.599999999999966,6113.151840791796,0.48875,1,0
300.7,312.3,1670,27.3,81,0,11.600000000000023,4774.278355660408,0.3329268292682927,0,0
300.7,312.3,1446,45.4,86,0,11.600000000000023,6874.684371997472,0.5218390804597701,0,0
300.8,312.4,1465,59.1,91,1,11.599999999999966,9066.793477892823,0.6423913043478261,1,0
300.7,312.3,1590,36.3,93,0,11.600000000000023,6044.110106241402,0.3861702127659574,1,0
300.6,312.2,2174,18.5,95,0,11.599999999999966,4211.723831157596,0.19270833333333334,0,1
300.7,312.4,1590,37.9,98,0,11.699999999999989,6310.517163265817,0.3828282828282828,1,0
300.7,312.3,1577,33.2,100,0,11.600000000000023,5482.749386946955,0.3287128712871287,1,0
300.7,312.4,1371,61.7,102,0,11.699999999999989,8858.317389400605,0.5990291262135923,0,1
300.8,312.4,1767,25.6,105,0,11.599999999999966,4737.019066788834,0.24150943396226415,1,0
300.8,312.5,1517,39.2,107,0,11.699999999999989,6227.306845847736,0.362962962962963,1,0
300.9,312.6,1555,40.6,109,0,11.700000000000045,6611.272299969481,0.3690909090909091,0,1
300.9,312.7,1416,43.8,112,0,11.800000000000011,6494.802988325395,0.38761061946902653,1,0
300.8,312.6,1588,35.6,114,0,11.800000000000011,5920.100972228703,0.3095652173913044,0,1
300.8,312.6,1422,50.0,117,0,11.800000000000011,7445.574589007809,0.423728813559322,1,0
300.8,312.6,1376,53.6,119,0,11.800000000000011,7723.458931193339,0.44666666666666666,1,0
300.8,312.5,1434,50.7,121,0,11.699999999999989,7613.524132268721,0.41557377049180333,1,0
300.8,312.5,1423,47.3,123,0,11.699999999999989,7048.466805618547,0.38145161290322577,1,0
300.9,312.4,1364,52.5,125,0,11.5,7498.981664118835,0.4166666666666667,1,0
300.8,312.4,1825,23.8,127,0,11.599999999999966,4548.502563622422,0.1859375,1,0
300.8,312.4,1365,44.5,129,0,11.599999999999966,6360.939725355934,0.3423076923076923,1,0
300.7,312.3,1430,47.2,131,0,11.600000000000023,7068.164591556558,0.3575757575757576,0,1
300.8,312.3,1435,44.8,134,0,11.5,6732.223617132688,0.33185185185185184,1,0
300.8,312.4,1811,25.1,136,0,11.599999999999966,4760.151660694767,0.1832116788321168,0,1
300.8,312.4,1465,43.7,139,0,11.599999999999966,6704.211082638179,0.31214285714285717,0,1
300.9,312.4,1372,51.0,142,0,11.5,7327.4507052328345,0.35664335664335667,1,0
300.8,312.3,1858,26.3,144,0,11.5,5117.172721824222,0.1813793103448276,1,0
300.7,312.3,1715,26.8,146,0,11.600000000000023,4813.129384809803,0.18231292517006803,1,0
300.7,312.2,1590,38.5,148,0,11.5,6410.419809649972,0.25838926174496646,1,0
300.8,312.2,1664,25.7,150,0,11.399999999999977,4478.319383741226,0.17019867549668874,0,1
300.7,312.1,1512,36.9,153,0,11.400000000000034,5842.608353440154,0.2396103896103896,1,0
300.7,312.1,1498,44.0,155,0,11.400000000000034,6902.288499447015,0.28205128205128205,1,0
300.7,312.1,1395,41.9,157,0,11.400000000000034,6120.922046621673,0.2651898734177215,1,0
300.7,312.1,1490,43.1,159,0,11.400000000000034,6724.997954029431,0.26937500000000003,0,0
300.8,312.1,1527,35.1,164,0,11.300000000000011,5612.738018976988,0.21272727272727274,0,0
300.8,312.1,1512,37.1,169,0,11.300000000000011,5874.275607388339,0.21823529411764706,1,0
300.9,312.1,1474,42.4,171,0,11.200000000000045,6544.7333675664495,0.24651162790697673,1,0
300.8,312.1,1505,41.3,173,0,11.300000000000011,6509.013459095132,0.23735632183908045,1,0
300.8,312.0,1496,40.0,175,0,11.199999999999989,6266.430146360441,0.22727272727272727,1,0
300.8,312.0,1382,49.3,177,0,11.199999999999989,7134.82918766573,0.2769662921348314,1,0
300.7,311.9,1419,47.7,179,0,11.199999999999989,7088.0927609558275,0.265,1,0
300.7,311.9,1462,39.7,181,0,11.199999999999989,6078.081194802222,0.21813186813186813,1,0
300.8,312.0,1450,45.0,183,0,11.199999999999989,6832.9640215578,0.24456521739130435,0,1
300.7,311.9,1389,46.5,186,0,11.199999999999989,6763.691903546144,0.24866310160427807,0,0
300.7,311.9,1697,28.2,191,0,11.199999999999989,5011.405769153367,0.146875,0,1
300.7,311.9,1335,57.1,194,1,11.199999999999989,7982.629853138986,0.2928205128205128,1,0
300.7,311.9,1476,42.0,196,0,11.199999999999989,6491.787059377948,0.2131979695431472,1,0
300.6,311.7,1497,43.6,198,0,11.099999999999966,6834.974640856098,0.2190954773869347,1,0
300.6,311.6,1669,29.2,200,0,11.0,5103.4963218055955,0.145273631840796,0,1
300.6,311.6,1455,48.0,203,0,11.0,7313.627697557038,0.23529411764705882,1,0
300.7,311.7,1499,38.4,205,0,11.0,6027.836656295807,0.18640776699029127,1,0
300.7,311.8,1478,41.9,207,0,11.100000000000023,6485.105939001313,0.2014423076923077,1,0
300.8,311.8,1928,21.8,209,0,11.0,4401.413195581348,0.10380952380952381,1,0
300.8,311.9,1621,28.3,211,0,11.099999999999966,4803.945462285808,0.13349056603773585,0,1
300.8,311.9,1356,44.3,214,0,11.099999999999966,6290.599465842057,0.20604651162790696,0,1
300.8,311.7,1490,46.4,217,0,10.899999999999977,7239.904989952798,0.2128440366972477,1,0
300.8,311.7,1578,31.4,219,0,10.899999999999977,5188.780090375046,0.14272727272727273,1,0
300.8,311.7,1681,31.3,221,0,10.899999999999977,5509.861331547434,0.140990990990991,1,0
300.8,311.8,1417,43.4,223,0,11.0,6440.034556397813,0.19375,1,0
300.7,311.7,1532,40.0,0,0,11.0,6417.22659373275,40.0,0,1
300.7,311.7,1499,38.9,3,0,11.0,6106.324112757992,9.725,0,1
300.8,311.7,1432,45.8,6,0,10.899999999999977,6868.107971375957,6.542857142857143,1,0
300.8,311.7,1753,29.0,8,0,10.899999999999977,5323.6381910181435,3.2222222222222223,1,0
300.8,311.7,1414,49.0,10,0,10.899999999999977,7255.612953220746,4.454545454545454,1,0
300.8,311.7,1655,32.2,12,0,10.899999999999977,5580.620470081789,2.476923076923077,1,0
300.8,311.6,1516,35.6,14,0,10.800000000000011,5651.683295905989,2.3733333333333335,1,0
300.8,311.7,1426,45.5,16,0,10.899999999999977,6794.531871428884,2.676470588235294,1,0
300.8,311.7,1479,39.4,18,0,10.899999999999977,6102.292402185886,2.0736842105263156,1,0
300.7,311.5,1569,36.4,20,0,10.800000000000011,5980.712766491961,1.7333333333333332,0,1
300.8,311.6,1568,36.0,23,0,10.800000000000011,5911.2207369945545,1.5,1,0
300.9,311.8,1843,24.5,25,0,10.900000000000034,4728.4634627955575,0.9423076923076923,0,1
300.9,311.9,1480,40.9,28,0,11.0,6338.896216903245,1.410344827586207,0,1
301.0,312.0,1447,36.8,31,0,11.0,5576.285072219835,1.15,1,0
301.0,311.9,1454,41.9,33,0,10.899999999999977,6379.799753252984,1.2323529411764707,1,0
300.9,311.9,1310,56.1,35,0,11.0,7695.9595234989165,1.5583333333333333,0,1
300.9,311.9,1513,38.0,38,0,11.0,6020.757600849719,0.9743589743589743,0,0
300.9,311.9,2140,16.5,43,0,11.0,3697.6545532751866,0.375,0,0
301.0,312.1,1377,49.9,48,0,11.100000000000023,7195.535229708598,1.0183673469387755,1,0
301.0,312.1,1585,32.3,50,0,11.100000000000023,5361.180223228541,0.6333333333333333,1,0
301.1,312.2,1491,42.6,52,0,11.099999999999966,6651.442798033381,0.8037735849056604,0,0
301.0,312.2,1264,59.0,57,0,11.199999999999989,7809.580457803748,1.0172413793103448,1,0
301.0,312.2,1372,47.0,59,0,11.199999999999989,6752.748689136141,0.7833333333333333,1,0
301.0,312.2,1510,39.9,61,0,11.199999999999989,6309.260526204381,0.6435483870967742,1,0
300.9,312.1,1423,40.2,63,0,11.200000000000045,5990.451703718089,0.628125,1,0
301.1,312.3,1464,35.3,65,0,11.199999999999989,5411.83316877992,0.5348484848484848,1,0
301.0,312.2,1602,35.9,67,0,11.199999999999989,6022.621612490849,0.5279411764705882,1,0
301.0,312.2,1629,32.6,69,0,11.199999999999989,5561.18448353158,0.46571428571428575,0,1
300.9,312.2,1811,23.2,72,0,11.300000000000011,4399.82145530353,0.31780821917808216,1,0
300.9,312.1,1711,28.8,74,0,11.200000000000045,5160.25442908045,0.384,1,0
300.9,312.1,1297,48.6,76,0,11.200000000000045,6600.925988163659,0.6311688311688312,0,1
301.0,312.1,1405,46.1,79,0,11.100000000000023,6782.750898977924,0.57625,1,0
301.1,312.2,1397,54.9,81,0,11.099999999999966,8031.513034828841,0.6695121951219511,1,0
301.1,312.3,1682,29.7,83,0,11.199999999999989,5231.317254904651,0.35357142857142854,1,0
301.2,312.3,1528,38.4,85,0,11.100000000000023,6144.452575597061,0.44651162790697674,1,0
301.2,312.3,1548,38.3,87,0,11.100000000000023,6208.666729436436,0.4352272727272727,0,1
301.2,312.4,1395,47.8,90,0,11.199999999999989,6982.817991134032,0.5252747252747253,0,0
301.2,312.4,1378,59.0,95,0,11.199999999999989,8513.925530738577,0.6145833333333334,1,0
301.2,312.4,1480,53.5,97,0,11.199999999999989,8291.71021037466,0.5459183673469388,1,0
301.2,312.4,1428,36.6,99,0,11.199999999999989,5473.157057377994,0.366,0,1
301.2,312.4,1505,39.6,102,0,11.199999999999989,6241.087965621483,0.38446601941747577,0,1
301.0,312.3,1445,36.4,105,0,11.300000000000011,5508.049679783864,0.3433962264150943,1,0
301.0,312.3,1488,42.6,107,0,11.300000000000011,6638.059613329089,0.39444444444444443,1,0
301.0,312.2,1601,33.0,109,0,11.199999999999989,5532.658822236985,0.3,1,0
301.0,312.3,1550,34.9,111,0,11.300000000000011,5664.815153197996,0.31160714285714286,1,0
301.0,312.2,1540,34.1,113,0,11.199999999999989,5499.253220353813,0.29912280701754385,1,0
301.1,312.3,1587,34.5,115,0,11.199999999999989,5733.563672434051,0.2974137931034483,1,0
301.0,312.2,1489,40.3,117,0,11.199999999999989,6283.886929538887,0.34152542372881356,0,0
301.1,312.3,1486,34.9,122,0,11.199999999999989,5430.913108162723,0.283739837398374,1,0
301.1,312.4,1430,37.9,124,0,11.299999999999955,5675.496568220201,0.30319999999999997,1,0
301.1,312.4,1809,25.1,126,0,11.299999999999955,4754.89472898776,0.19763779527559056,0,1
301.1,312.3,1534,39.0,129,0,11.199999999999989,6264.964069788765,0.3,1,0
301.1,312.3,1852,25.9,131,0,11.199999999999989,5023.071549873695,0.1962121212121212,0,1
301.1,312.3,1595,31.9,134,0,11.199999999999989,5328.193500365849,0.23629629629629628,1,0
301.0,312.3,1424,43.5,136,0,11.300000000000011,6486.7605111322055,0.3175182481751825,1,0
301.0,312.2,1776,28.8,138,0,11.199999999999989,5356.289810664453,0.20719424460431654,1,0
301.0,312.2,1499,41.5,140,0,11.199999999999989,6514.458886361354,0.29432624113475175,0,1
301.0,312.2,2710,9.7,143,1,11.199999999999989,2752.7682028304966,0.06736111111111111,0,1
300.9,312.1,1359,51.7,146,0,11.200000000000045,7357.641410633832,0.3517006802721089,1,0
300.9,312.1,1617,31.0,148,0,11.200000000000045,5249.287164883185,0.2080536912751678,0,1
300.8,312.0,1443,53.3,151,0,11.199999999999989,8054.19533378776,0.3506578947368421,0,1
300.8,312.0,1374,50.2,154,0,11.199999999999989,7223.02416542751,0.3238709677419355,1,0
300.9,312.1,1851,23.0,156,0,11.200000000000045,4458.234134709275,0.1464968152866242,0,1
300.8,312.0,1274,67.3,159,0,11.199999999999989,8978.69274791065,0.42062499999999997,0,1
300.9,312.0,1533,44.0,162,0,11.100000000000023,7063.5569223312905,0.26993865030674846,1,0
300.8,312.0,1477,37.3,164,0,11.199999999999989,5769.231221027807,0.22606060606060605,1,0
300.9,312.1,1462,46.0,166,0,11.200000000000045,7042.61297130736,0.2754491017964072,1,0
301.0,312.1,1664,28.4,168,0,11.100000000000023,4948.804299542834,0.1680473372781065,0,1
300.8,311.9,1414,41.1,171,0,11.099999999999966,6085.830456681075,0.23895348837209304,1,0
300.9,312.0,2129,17.8,173,0,11.100000000000023,3968.480783965651,0.10229885057471265,0,0
300.8,311.8,1323,61.1,178,0,11.0,8465.052821024234,0.34134078212290503,1,0
300.8,311.8,1427,43.3,180,0,11.0,6470.53942106417,0.23922651933701655,1,0
300.9,312.0,1375,56.1,182,0,11.100000000000023,8077.820110542754,0.30655737704918035,0,1
300.9,312.0,1402,50.7,185,0,11.100000000000023,7443.626801562585,0.2725806451612903,0,1
300.9,312.0,1500,44.2,188,0,11.100000000000023,6942.919764433444,0.23386243386243388,1,0
301.0,312.0,1558,37.5,190,0,11.0,6118.2516928661225,0.19633507853403143,0,1
300.9,312.0,1447,41.4,193,0,11.100000000000023,6273.320706247314,0.2134020618556701,0,1
301.0,312.0,1518,39.3,196,0,11.0,6247.308319075591,0.199492385786802,1,0
301.0,311.9,1889,23.5,198,0,10.899999999999977,4648.667009394377,0.11809045226130653,1,0
301.0,312.1,1675,30.7,200,0,11.100000000000023,5384.951607640704,0.1527363184079602,1,0
300.9,312.0,1720,27.9,202,0,11.100000000000023,5025.291608682232,0.1374384236453202,0,0
301.0,312.0,1499,34.6,207,0,11.0,5431.331987183202,0.16634615384615387,0,1
300.9,312.0,1441,43.8,210,0,11.100000000000023,6609.4711201814225,0.20758293838862557,1,0
300.9,312.0,1397,42.7,212,0,11.100000000000023,6246.732360422433,0.20046948356807512,0,0
300.9,312.0,1493,38.7,217,0,11.100000000000023,6050.613203034335,0.17752293577981654,1,0
300.8,312.0,1422,50.7,219,0,11.199999999999989,7549.812633253919,0.23045454545454547,0,1
300.7,311.9,1399,50.2,222,1,11.199999999999989,7354.447458102683,0.2251121076233184,1,0
300.6,311.9,1425,44.9,224,0,11.299999999999955,6700.23173194363,0.19955555555555554,1,0
300.6,311.8,1501,44.8,226,0,11.199999999999989,7041.858989070498,0.19735682819383257,1,0
300.6,311.9,1629,35.3,0,0,11.299999999999955,6021.773382474378,35.3,0,1
300.6,312.0,1490,42.2,3,0,11.399999999999977,6584.568762413967,10.55,1,0
300.7,312.0,1550,32.4,5,0,11.300000000000011,5259.026102109314,5.3999999999999995,1,0
300.8,312.0,1416,46.5,7,0,11.199999999999989,6895.167556098879,5.8125,1,0
300.7,311.9,1485,38.8,9,0,11.199999999999989,6033.742850484557,3.88,1,0
300.7,311.8,1564,36.8,11,0,11.100000000000023,6027.1664498630425,3.0666666666666664,1,0
300.7,311.7,1910,19.7,13,0,11.0,3940.290225887438,1.407142857142857,1,0
300.7,311.7,1460,46.1,15,0,11.0,7048.2678380838215,2.88125,1,0
300.7,311.8,1603,34.1,17,0,11.100000000000023,5724.222670277379,1.8944444444444446,1,0
300.7,311.8,1486,47.3,19,0,11.100000000000023,7360.5212038996215,2.3649999999999998,1,0
300.8,311.9,1560,31.8,21,0,11.099999999999966,5194.937611976082,1.4454545454545455,1,0
300.8,311.9,1498,39.3,23,0,11.099999999999966,6164.998591551538,1.6375,1,0
300.8,311.9,1431,48.5,25,0,11.099999999999966,7267.917524447307,1.8653846153846154,0,0
300.8,311.9,1486,45.1,30,0,11.099999999999966,7018.1713804624305,1.4548387096774194,1,0
300.7,311.9,1486,35.8,32,0,11.199999999999989,5570.9653086597555,1.0848484848484847,1,0
300.7,311.8,1441,38.1,34,0,11.100000000000023,5749.334467555073,1.0885714285714285,1,0
300.7,311.9,1366,55.1,36,0,11.199999999999989,7881.899920689385,1.4891891891891893,0,1
300.6,311.8,1471,41.4,39,0,11.199999999999989,6377.370254934208,1.035,1,0
300.6,311.9,1463,38.2,41,0,11.299999999999955,5852.431066470379,0.9095238095238096,1,0
300.6,311.9,1413,41.3,43,0,11.299999999999955,6111.120277542473,0.9386363636363636,1,0
300.6,311.9,1604,30.5,45,0,11.299999999999955,5123.099859963995,0.6630434782608695,0,0
300.7,312.0,1401,51.1,50,0,11.300000000000011,7497.002460747074,1.0019607843137255,1,0
300.6,311.8,1652,27.2,52,0,11.199999999999989,4705.51936444884,0.5132075471698113,1,0
300.5,311.9,1403,45.7,54,0,11.399999999999977,6714.327010982737,0.8309090909090909,1,0
300.5,311.9,1887,21.7,56,0,11.399999999999977,4288.054060664316,0.3807017543859649,1,0
300.4,311.8,1405,47.9,58,0,11.400000000000034,7047.587159675543,0.811864406779661,1,0
300.2,311.6,1496,41.1,60,0,11.400000000000034,6438.756975385353,0.6737704918032787,0,0
300.1,311.5,1499,43.4,65,0,11.399999999999977,6812.711220917658,0.6575757575757576,1,0
300.2,311.5,1549,37.2,67,0,11.300000000000011,6034.245505309132,0.5470588235294118,1,0
300.3,311.6,1515,44.9,69,0,11.300000000000011,7123.404262382176,0.6414285714285715,1,0
300.2,311.6,1540,37.7,71,0,11.400000000000034,6079.8195427372075,0.5236111111111111,1,0
300.2,311.5,1426,44.3,73,0,11.300000000000011,6615.335426468122,0.5986486486486486,0,0
300.2,311.6,1465,41.4,78,0,11.400000000000034,6351.357867762485,0.5240506329113924,0,1
300.3,311.6,1359,54.1,81,0,11.300000000000011,7699.195363932114,0.6597560975609756,0,1
300.3,311.7,1551,36.4,84,0,11.399999999999977,5912.10038293756,0.42823529411764705,0,1
300.5,311.8,1596,34.8,87,0,11.300000000000011,5816.218975149999,0.39545454545454545,1,0
300.5,311.9,1670,26.3,89,0,11.399999999999977,4599.396364610577,0.2922222222222222,0,1
300.4,311.9,1868,21.3,92,0,11.5,4166.631504603071,0.22903225806451613,1,0
300.6,312.0,1490,39.8,94,0,11.399999999999977,6210.090918106063,0.4189473684210526,0,1
300.5,311.9,1676,35.2,97,0,11.399999999999977,6177.962897235352,0.3591836734693878,0,1
300.5,311.9,1875,22.1,100,0,11.399999999999977,4339.324852770902,0.21881188118811884,0,1
300.5,312.0,1867,23.0,103,0,11.5,4496.771004593311,0.22115384615384615,0,1
300.5,312.0,1646,29.5,106,0,11.5,5084.87714934532,0.2757009345794392,1,0
300.5,312.0,1375,43.2,108,0,11.5,6220.35345410779,0.3963302752293578,0,0
300.5,312.0,1558,36.7,113,0,11.5,5987.728990084979,0.3219298245614035,1,0
300.4,312.0,1631,34.9,115,0,11.600000000000023,5960.847428945761,0.3008620689655172,1,0
300.4,312.0,1366,43.0,117,0,11.600000000000023,6151.028976218576,0.3644067796610169,1,0
300.3,311.8,1360,48.0,119,0,11.5,6836.10561421139,0.4,1,0
300.3,311.8,1547,39.7,121,0,11.5,6431.458008453513,0.3254098360655738,1,0
300.3,311.7,1571,31.2,123,0,11.399999999999977,5132.8597411411465,0.25161290322580643,1,0
300.2,311.5,1528,36.1,125,0,11.300000000000011,5776.425468204528,0.28650793650793654,1,0
300.2,311.5,1432,43.6,127,0,11.300000000000011,6538.198854846982,0.340625,0,0
300.2,311.6,1356,53.5,132,0,11.400000000000034,7596.999354910837,0.40225563909774437,1,0
300.1,311.5,1422,46.2,134,0,11.399999999999977,6879.710920243216,0.34222222222222226,0,0
300.1,311.4,1438,42.2,139,0,11.299999999999955,6354.771731779386,0.30142857142857143,1,0
300.2,311.4,1483,44.4,141,0,11.199999999999989,6895.29321980502,0.31267605633802814,1,0
300.2,311.4,1331,49.8,143,0,11.199999999999989,6941.2233044005025,0.3458333333333333,1,0
300.2,311.4,1463,37.5,145,0,11.199999999999989,5745.187565252335,0.2568493150684932,1,0
300.1,311.4,1446,40.6,147,0,11.299999999999955,6147.845495662938,0.27432432432432435,1,0
300.1,311.4,1356,45.7,149,0,11.299999999999955,6489.39944896122,0.3046666666666667,1,0
300.1,311.3,1676,30.3,151,0,11.199999999999989,5317.962380290658,0.1993421052631579,1,0
300.1,311.4,1910,23.0,153,0,11.299999999999955,4600.338842406653,0.14935064935064934,1,0
300.2,311.6,1375,56.9,155,0,11.400000000000034,8193.01184117438,0.3647435897435897,1,0
300.2,311.6,1513,40.8,157,0,11.400000000000034,6464.392371438645,0.2582278481012658,0,1
300.2,311.6,1511,35.7,160,0,11.400000000000034,5648.866334493271,0.22173913043478263,1,0
300.2,311.6,1662,28.8,162,0,11.400000000000034,5012.473910655586,0.17668711656441718,0,0
300.2,311.7,1493,48.3,167,0,11.5,7551.540509213394,0.2875,1,0
300.2,311.7,1555,37.4,169,0,11.5,6090.186798494053,0.22,0,1
300.3,311.7,1452,41.5,172,0,11.399999999999977,6310.203004000458,0.2398843930635838,1,0
300.2,311.6,1500,39.0,174,0,11.400000000000034,6126.105674500097,0.22285714285714286,1,0
300.2,311.7,1603,30.5,176,0,11.5,5119.905907432845,0.17231638418079095,1,0
300.3,311.7,1682,27.8,178,0,11.399999999999977,4896.653861493243,0.1553072625698324,1,0
300.3,311.8,1567,37.7,180,0,11.5,6186.4137814735095,0.20828729281767958,1,0
300.3,311.8,1413,46.0,182,0,11.5,6806.574643267646,0.25136612021857924,1,0
300.3,311.9,1429,41.6,184,0,11.599999999999966,6225.212450745343,0.22486486486486487,0,1
300.3,311.9,1692,31.5,187,0,11.599999999999966,5581.353508367626,0.1675531914893617,1,0
300.4,311.9,1476,48.7,189,0,11.5,7527.381661707288,0.2563157894736842,1,0
300.4,312.0,1596,30.4,191,0,11.600000000000023,5080.834966797701,0.15833333333333333,0,1
300.3,311.9,1390,49.0,194,0,11.599999999999966,7132.4625212000265,0.2512820512820513,0,0
300.3,311.8,1607,33.7,199,0,11.5,5671.192586284783,0.1685,0,1
300.3,311.7,1821,26.3,202,0,11.399999999999977,5015.269928117282,0.12955665024630542,1,0
300.3,311.8,2141,18.5,204,0,11.5,4147.792420657044,0.09024390243902439,0,0
300.4,311.8,1553,33.1,209,1,11.400000000000034,5383.045708097527,0.15761904761904763,0,1
300.4,311.8,1442,45.1,0,0,11.400000000000034,6810.365498402978,45.1,0,1
300.4,311.7,1459,45.6,3,0,11.300000000000011,6967.047196013013,11.4,1,0
300.4,311.8,2496,13.5,5,0,11.400000000000034,3528.6368685120556,2.25,0,0
300.4,311.8,1367,57.2,10,0,11.400000000000034,8188.288980218485,5.2,1,0
300.3,311.8,2004,19.6,12,0,11.5,4113.224429492045,1.5076923076923079,1,0
300.3,311.7,1406,47.5,14,0,11.399999999999977,6993.708845666477,3.1666666666666665,1,0
300.3,311.8,1548,33.0,16,0,11.5,5349.5039705327,1.9411764705882353,1,0
300.3,311.7,1333,55.2,18,0,11.399999999999977,7705.4471333127585,2.905263157894737,1,0
300.2,311.6,1767,26.4,20,0,11.400000000000034,4885.050912625985,1.2571428571428571,1,0
300.2,311.6,1827,27.0,22,0,11.400000000000034,5165.720800297697,1.173913043478261,1,0
300.2,311.6,1533,46.4,24,0,11.400000000000034,7448.841845367542,1.8559999999999999,0,1
300.2,311.5,1515,36.8,27,0,11.300000000000011,5838.3357874312715,1.3142857142857143,0,0
300.2,311.4,1568,41.0,32,0,11.199999999999989,6732.223617132687,1.2424242424242424,1,0
300.2,311.4,1452,47.8,34,0,11.199999999999989,7268.137435933058,1.3657142857142857,1,0
300.2,311.4,1433,37.9,36,0,11.199999999999989,5687.403204377305,1.0243243243243243,1,0
300.1,311.3,1650,33.8,38,0,11.199999999999989,5840.220743023426,0.8666666666666666,0,1
300.1,311.4,1629,31.3,41,0,11.299999999999955,5339.419458114676,0.7452380952380953,1,0
300.0,311.3,1520,39.2,43,0,11.300000000000011,6239.621889049809,0.890909090909091,1,0
300.0,311.2,1393,43.1,45,0,11.199999999999989,6287.19607380067,0.9369565217391305,0,0
299.9,311.2,1364,49.6,50,0,11.300000000000011,7084.75220076751,0.9725490196078431,0,0
299.9,311.3,1389,50.0,55,0,11.400000000000034,7272.78699306037,0.8928571428571429,0,1
299.8,311.1,1466,46.1,58,0,11.300000000000011,7077.233322349918,0.7813559322033898,1,0
299.7,311.1,1650,32.4,60,0,11.400000000000034,5598.318108697012,0.5311475409836065,1,0
299.6,311.0,1554,36.3,62,0,11.399999999999977,5907.26233025103,0.5761904761904761,1,0
299.6,310.9,1474,39.7,64,0,11.299999999999955,6127.969686141228,0.6107692307692308,0,1
299.5,310.8,1600,32.4,67,0,11.300000000000011,5428.672105403162,0.4764705882352941,0,0
299.5,310.8,1356,54.9,72,0,11.300000000000011,7795.799338029999,0.7520547945205479,1,0
299.5,310.8,1571,38.2,74,0,11.300000000000011,6284.462888192045,0.5093333333333334,1,0
299.6,310.9,1658,28.0,76,0,11.299999999999955,4861.509911675085,0.36363636363636365,1,0
299.6,310.8,1393,49.9,78,0,11.199999999999989,7279.143482196135,0.6316455696202532,1,0
299.7,311.0,1448,49.8,80,0,11.300000000000011,7551.383429580714,0.6148148148148148,0,1
299.7,310.9,1477,40.4,83,0,11.199999999999989,6248.711563794193,0.4809523809523809,1,0
299.7,311.0,1506,42.7,85,0,11.300000000000011,6734.129516675866,0.4965116279069768,0,1
299.7,310.9,1685,32.1,88,0,11.199999999999989,5664.134474789718,0.3606741573033708,0,1
299.6,310.9,1533,31.8,91,0,11.299999999999955,5105.025230230342,0.3456521739130435,1,0
299.5,310.8,1447,41.0,93,0,11.300000000000011,6212.708911984055,0.43617021276595747,1,0
299.5,310.7,1488,39.5,95,0,11.199999999999989,6155.008326913123,0.4114583333333333,0,1
299.6,310.8,1427,50.4,98,0,11.199999999999989,7531.5285640100265,0.509090909090909,0,1
299.5,310.7,1424,41.3,101,0,11.199999999999989,6158.694462293335,0.4049019607843137,0,1
299.5,310.7,1472,40.9,104,0,11.199999999999989,6304.631913028092,0.3895238095238095,1,0
299.5,310.7,1438,45.7,106,0,11.199999999999989,6881.826259296634,0.42710280373831777,1,0
299.6,310.8,1507,42.4,108,0,11.199999999999989,6691.257248929877,0.38899082568807336,1,0
299.6,310.7,1393,52.1,110,0,11.099999999999966,7600.067643735844,0.4693693693693694,1,0
299.5,310.8,1283,52.4,112,0,11.300000000000011,7040.225360890631,0.463716814159292,1,0
299.6,310.8,1644,30.9,114,0,11.199999999999989,5319.721672176668,0.26869565217391306,1,0
299.6,310.8,1498,46.9,116,0,11.199999999999989,7357.212059637841,0.4008547008547008,1,0
299.6,310.8,1400,40.8,118,0,11.199999999999989,5981.592412434965,0.34285714285714286,1,0
299.6,310.9,1679,31.2,120,0,11.299999999999955,5485.723427992352,0.2578512396694215,0,0
299.7,311.1,1618,30.3,125,0,11.400000000000034,5133.927882643368,0.24047619047619048,0,1
299.6,311.0,1714,30.2,128,0,11.399999999999977,5420.587740307925,0.23410852713178293,0,0
299.6,311.0,1574,35.0,133,0,11.399999999999977,5769.011309542057,0.26119402985074625,1,0
299.7,311.1,1574,36.4,135,0,11.400000000000034,5999.771761923738,0.2676470588235294,1,0
299.6,310.9,1472,40.9,137,0,11.299999999999955,6304.631913028092,0.29637681159420287,1,0
299.6,311.0,1552,33.2,139,0,11.399999999999977,5395.831990197637,0.23714285714285716,1,0
299.7,311.1,1603,31.4,141,0,11.400000000000034,5270.985098143979,0.22112676056338026,1,0
299.7,311.1,1353,47.1,143,0,11.400000000000034,6673.402530681974,0.32708333333333334,0,0
299.7,311.1,1690,30.6,148,0,11.400000000000034,5415.477416258086,0.20536912751677852,1,0
299.8,311.2,1745,26.3,150,0,11.399999999999977,4805.956081584106,0.1741721854304636,0,1
299.9,311.3,1522,45.7,153,0,11.400000000000034,7283.824455249984,0.29675324675324677,1,0
300.0,311.4,1641,34.5,155,0,11.399999999999977,5928.656576221978,0.22115384615384615,0,0
299.9,311.4,1596,28.9,160,0,11.5,4830.135873041235,0.1795031055900621,1,0
299.9,311.4,1497,37.0,162,0,11.5,5800.322516322834,0.22699386503067484,0,0
299.9,311.3,1371,52.3,167,0,11.400000000000034,7508.7520172715,0.3113095238095238,1,0
299.9,311.3,1445,41.2,169,0,11.400000000000034,6234.385901293825,0.2423529411764706,0,1
299.8,311.2,1564,40.0,172,0,11.399999999999977,6551.267880285915,0.23121387283236994,1,0
299.7,311.1,1439,44.9,174,0,11.400000000000034,6766.058570011848,0.25657142857142856,1,0
299.7,311.2,1352,52.1,176,0,11.5,7376.375774824739,0.2943502824858757,1,0
299.8,311.3,1560,35.4,178,0,11.5,5783.043756728091,0.1977653631284916,1,0
299.7,311.2,1616,42.3,180,0,11.5,7158.307356763558,0.23370165745856353,0,1
299.7,311.2,1835,23.7,183,0,11.5,4554.2097902764435,0.12880434782608696,1,0
299.7,311.1,1649,32.7,185,0,11.400000000000034,5646.73005148883,0.17580645161290323,0,1
299.8,311.1,1452,47.3,188,0,11.300000000000011,7192.110893716185,0.25026455026455025,1,0
299.8,311.1,2144,17.7,190,0,11.300000000000011,3973.9890430849446,0.09267015706806282,1,0
299.7,311.1,1554,41.0,192,0,11.400000000000034,6672.114477694002,0.21243523316062177,1,0
299.7,311.0,1827,25.4,194,0,11.300000000000011,4859.6040121319065,0.13025641025641024,1,0
299.6,310.9,1448,46.3,196,0,11.299999999999955,7020.663710634278,0.23502538071065987,1,0
299.6,310.9,1530,38.8,198,0,11.299999999999955,6216.583542923482,0.19497487437185929,0,1
299.7,311.0,1983,21.0,201,0,11.300000000000011,4360.844762447992,0.10396039603960396,1,0
299.7,310.9,1620,37.2,203,0,11.199999999999989,6310.831322531177,0.1823529411764706,0,1
299.6,310.9,1630,29.8,206,0,11.299999999999955,5086.657385182354,0.14396135265700483,0,1
299.6,310.9,1229,65.2,209,1,11.299999999999955,8391.277753542434,0.3104761904761905,1,0
299.5,310.8,1873,22.3,211,0,11.300000000000011,4373.924259862438,0.10518867924528302,1,0
299.4,310.7,1426,45.7,213,0,11.300000000000011,6824.397945589012,0.21355140186915889,1,0
299.4,310.8,1376,53.9,215,1,11.400000000000034,7766.687246106733,0.24953703703703703,1,0
299.4,310.8,1622,33.6,217,0,11.400000000000034,5707.142878217362,0.15412844036697249,1,0
299.4,310.7,1492,45.7,219,0,11.300000000000011,7140.25367098093,0.20772727272727273,0,1
299.3,310.7,1374,48.9,222,0,11.399999999999977,7035.973738832773,0.21928251121076234,0,1
299.2,310.7,1737,27.0,225,1,11.5,4911.251795356923,0.11946902654867257,1,0
299.3,310.8,1426,42.4,0,0,11.5,6331.607721946916,42.4,1,0
299.3,310.9,1826,25.1,2,0,11.599999999999966,4799.578648497319,8.366666666666667,0,1
299.3,310.9,1669,32.4,5,0,11.599999999999966,5662.783589948674,5.3999999999999995,1,0
299.4,310.9,1473,40.1,7,0,11.5,6185.51319157948,5.0125,0,1
299.4,310.9,1751,27.8,10,0,11.5,5097.527295763774,2.5272727272727273,1,0
299.4,310.9,1446,47.3,12,0,11.5,7162.391427213225,3.6384615384615384,0,1
299.3,310.8,1483,43.5,15,0,11.5,6755.523762646811,2.71875,1,0
299.2,310.7,1535,42.6,17,0,11.5,6847.729507029671,2.3666666666666667,1,0
299.2,310.7,1477,44.0,19,0,11.5,6805.527445716449,2.2,1,0
299.3,310.8,1391,46.9,21,0,11.5,6831.6969125208525,2.131818181818182,1,0
299.2,310.7,1636,29.4,23,0,11.5,5036.852669647444,1.2249999999999999,0,0
299.2,310.6,1675,33.3,28,0,11.400000000000034,5841.006141186823,1.1482758620689655,1,0
299.2,310.5,1329,48.9,30,0,11.300000000000011,6805.537917691961,1.5774193548387097,0,0
299.2,310.5,1548,33.5,35,0,11.300000000000011,5430.5570609953165,0.9305555555555556,0,1
299.2,310.5,1391,45.8,38,0,11.300000000000011,6671.465215212261,1.1743589743589742,1,0
299.1,310.5,1437,43.1,40,0,11.399999999999977,6485.7866174095925,1.051219512195122,1,0
299.2,310.6,1370,61.9,42,0,11.400000000000034,8880.549393412506,1.4395348837209303,1,0
299.1,310.6,1577,37.1,44,0,11.5,6126.807296859399,0.8244444444444444,1,0
299.1,310.5,1485,37.8,46,0,11.399999999999977,5878.234014131862,0.8042553191489361,1,0
299.0,310.4,1504,34.3,48,0,11.399999999999977,5402.198951308912,0.7,1,0
298.9,310.3,1551,35.2,50,0,11.400000000000034,5717.19597470885,0.6901960784313727,0,1
299.1,310.5,1428,43.0,53,0,11.399999999999977,6430.211843367588,0.7962962962962963,0,1
299.0,310.5,1755,27.9,56,0,11.5,5127.55044955658,0.4894736842105263,1,0
299.1,310.5,1329,54.9,58,0,11.399999999999977,7640.573245016129,0.9305084745762712,1,0
299.1,310.5,1496,35.2,60,0,11.399999999999977,5514.458528797189,0.5770491803278689,1,0
299.1,310.5,1532,36.6,62,0,11.399999999999977,5871.762333265467,0.580952380952381,1,0
299.1,310.5,1389,61.4,64,0,11.399999999999977,8930.982427478135,0.9446153846153846,1,0
299.1,310.4,1524,51.4,66,0,11.299999999999955,8203.07540964138,0.7671641791044775,0,1
299.1,310.4,1422,49.3,69,0,11.299999999999955,7341.3365447617,0.7042857142857143,0,1
299.1,310.5,1739,27.4,72,0,11.399999999999977,4989.74972379462,0.3753424657534246,1,0
299.1,310.5,1736,26.9,74,0,11.399999999999977,4890.245012479919,0.35866666666666663,1,0
299.1,310.5,1419,48.8,76,0,11.399999999999977,7251.549826722104,0.6337662337662338,1,0
299.1,310.6,1326,49.7,78,0,11.5,6901.262245846842,0.6291139240506329,1,0
299.1,310.6,1449,43.2,80,0,11.5,6555.12156727432,0.5333333333333333,0,1
299.2,310.6,1534,39.7,83,0,11.400000000000034,6377.412142836257,0.47261904761904766,1,0
299.2,310.6,1443,50.9,85,0,11.400000000000034,7691.529877857355,0.5918604651162791,0,1
299.2,310.6,1498,41.1,88,0,11.400000000000034,6447.364939256189,0.46179775280898877,1,0
299.1,310.6,1796,26.0,90,0,11.5,4889.993685067633,0.2857142857142857,1,0
299.1,310.4,1519,45.3,92,0,11.299999999999955,7205.839653612372,0.48709677419354835,1,0
299.0,310.4,1339,49.6,94,0,11.399999999999977,6954.899704419133,0.5221052631578947,1,0
299.0,310.4,1483,41.5,96,0,11.399999999999977,6444.9249689619,0.42783505154639173,1,0
298.9,310.2,2099,20.0,98,0,11.300000000000011,4396.135319923316,0.20202020202020202,0,1
299.0,310.3,1689,29.7,101,0,11.300000000000011,5253.088491994029,0.2911764705882353,0,1
299.1,310.4,1369,54.5,104,0,11.299999999999955,7813.193289355376,0.5190476190476191,0,0
299.0,310.4,1512,38.8,109,0,11.399999999999977,6143.4472659479125,0.3527272727272727,1,0
299.0,310.3,1303,68.6,111,1,11.300000000000011,9360.459087174882,0.6124999999999999,0,1
299.0,310.3,1552,39.9,114,0,11.300000000000011,6484.749891833906,0.34695652173913044,1,0
299.0,310.4,1713,28.0,116,0,11.399999999999977,5022.778334559362,0.23931623931623933,1,0
298.9,310.3,1456,44.1,118,0,11.400000000000034,6724.013588331307,0.37058823529411766,1,0
299.0,310.4,1524,39.8,120,0,11.399999999999977,6351.797690733986,0.32892561983471075,1,0
299.0,310.4,1394,45.2,122,0,11.399999999999977,6598.266106383619,0.367479674796748,0,1
299.0,310.4,1981,21.2,125,0,11.399999999999977,4397.936499711375,0.16825396825396824,1,0
299.0,310.4,1565,36.1,127,0,11.399999999999977,5916.299645117858,0.28203125,1,0
299.1,310.4,1657,31.0,129,0,11.299999999999955,5379.139661231564,0.23846153846153847,1,0
299.0,310.4,1625,37.1,131,0,11.399999999999977,6313.292236776489,0.28106060606060607,0,1
299.0,310.4,1606,31.1,134,0,11.399999999999977,5230.395721059599,0.2303703703703704,1,0
299.0,310.5,1336,56.8,136,0,11.5,7946.637673304359,0.4145985401459854,0,0
299.0,310.6,1587,34.2,141,0,11.600000000000023,5683.706597021582,0.24084507042253522,0,1
299.1,310.6,1602,39.7,144,0,11.5,6660.113593757291,0.2737931034482759,1,0
299.1,310.5,1471,38.4,146,0,11.399999999999977,5915.24197559115,0.26122448979591834,1,0
299.1,310.6,1332,48.0,148,0,11.5,6695.362263330567,0.3221476510067114,0,0
299.2,310.6,1434,48.4,153,0,11.400000000000034,7268.1374359330575,0.3142857142857143,0,0
299.1,310.6,1921,23.9,158,0,11.5,4807.8829250783065,0.15031446540880503,1,0
299.2,310.6,1704,30.6,160,0,11.400000000000034,5460.339359351348,0.19006211180124225,0,0
299.1,310.6,1397,49.5,165,0,11.5,7241.528146157152,0.29819277108433734,0,1
299.1,310.6,1791,28.0,168,0,11.5,5251.486279740698,0.16568047337278108,0,0
299.1,310.6,1818,24.1,173,0,11.5,4588.17040686175,0.1385057471264368,1,0
299.2,310.7,1540,36.3,175,0,11.5,5854.04375069922,0.20625,1,0
299.2,310.8,1502,39.8,177,0,11.600000000000023,6260.105073151212,0.2235955056179775,0,1
299.2,310.8,1761,30.4,180,0,11.600000000000023,5606.1092584779135,0.16795580110497238,0,0
299.1,310.8,1517,38.4,185,0,11.699999999999989,6100.218951034517,0.2064516129032258,0,1
299.1,310.7,1309,51.1,188,0,11.599999999999966,7004.69394797853,0.27037037037037037,1,0
298.9,310.6,1363,52.6,190,0,11.700000000000045,7507.757179597864,0.2753926701570681,1,0
299.0,310.6,1787,22.2,192,0,11.600000000000023,4154.37929325407,0.11502590673575129,0,1
298.9,310.5,1640,29.2,195,0,11.600000000000023,5014.8196331702675,0.1489795918367347,1,0
298.9,310.6,1720,25.3,197,0,11.700000000000045,4556.984863787115,0.12777777777777777,0,1
298.8,310.5,1384,52.8,200,0,11.699999999999989,7652.417049320161,0.2626865671641791,1,0
298.8,310.5,1294,55.8,202,0,11.699999999999989,7561.310862366057,0.2748768472906404,0,0
298.8,310.5,1464,46.4,207,0,11.699999999999989,7113.5710773764395,0.22307692307692306,1,0
298.8,310.6,1803,25.4,209,0,11.800000000000011,4795.766849410963,0.12095238095238095,1,0
298.8,310.6,1602,39.1,211,0,11.800000000000011,6559.4569651362735,0.18443396226415096,1,0
298.9,310.6,1519,38.8,213,0,11.700000000000045,6171.889151438411,0.18130841121495325,0,0
298.9,310.7,1638,33.6,218,0,11.800000000000011,5763.440218569691,0.15342465753424658,0,1
298.9,310.6,1615,33.0,221,0,11.700000000000045,5581.039349102268,0.14864864864864866,0,0
298.8,310.6,1651,33.3,0,0,11.800000000000011,5757.31411289519,33.3,1,0
298.9,310.6,1387,52.7,2,0,11.700000000000045,7654.480028496018,17.566666666666666,1,0
298.8,310.5,1678,32.8,4,0,11.699999999999989,5763.607770177882,6.56,0,1
298.9,310.6,1585,38.1,7,0,11.700000000000045,6323.868932043574,4.7625,1,0
298.8,310.6,1640,33.8,9,0,11.800000000000011,5804.82546579298,3.38,0,1
298.9,310.6,1406,43.8,12,0,11.700000000000045,6448.9357355829825,3.369230769230769,1,0
298.9,310.6,1679,35.8,14,0,11.700000000000045,6294.515984683532,2.3866666666666663,0,1
298.9,310.5,1717,26.9,17,0,11.600000000000023,4836.722745638261,1.4944444444444445,1,0
298.9,310.5,1429,39.9,19,0,11.600000000000023,5970.816749633153,1.9949999999999999,0,0
298.9,310.4,1533,44.4,24,0,11.5,7127.771076170665,1.776,0,1
298.9,310.5,1525,38.5,27,0,11.600000000000023,6148.358622463024,1.375,0,1
298.9,310.4,1739,26.3,30,0,11.5,4789.431304226223,0.8483870967741935,1,0
298.9,310.3,1436,39.0,32,0,11.400000000000034,5864.725165721426,1.1818181818181819,1,0
298.8,310.2,1595,33.1,34,0,11.399999999999977,5528.627111664879,0.9457142857142857,0,1
298.7,310.1,1435,45.6,37,0,11.400000000000034,6852.4418960100575,1.2,0,0
298.7,310.0,1637,31.8,42,0,11.300000000000011,5451.3544043620805,0.7395348837209302,1,0
298.7,310.1,1558,37.6,44,0,11.400000000000034,6134.567030713766,0.8355555555555556,1,0
298.7,310.1,1644,34.1,46,0,11.400000000000034,5870.631359910175,0.725531914893617,0,1
298.7,310.1,1641,31.1,49,0,11.400000000000034,5344.3831745073485,0.622,1,0
298.8,310.2,1504,41.0,51,0,11.399999999999977,6457.438979698701,0.7884615384615384,1,0
298.7,310.1,1506,50.7,53,0,11.400000000000034,7995.793126357527,0.938888888888889,0,1
298.8,310.1,1380,44.0,56,0,11.300000000000011,6358.583530865742,0.7719298245614035,0,0
298.7,310.1,1549,42.5,61,0,11.400000000000034,6893.963278915002,0.6854838709677419,0,1
298.7,310.1,1402,69.7,64,1,11.400000000000034,10233.151638440082,1.0723076923076924,0,1
298.7,310.1,1401,45.3,67,0,11.400000000000034,6646.070674595742,0.6661764705882353,1,0
298.7,310.0,1459,40.2,69,0,11.300000000000011,6142.002133327262,0.5742857142857143,0,1
298.7,309.9,1465,39.7,72,0,11.199999999999989,6090.553317636973,0.5438356164383562,1,0
298.8,310.0,1295,52.7,74,0,11.199999999999989,7146.75676777386,0.7026666666666667,0,1
298.8,310.0,1529,38.5,77,0,11.199999999999989,6164.485464751452,0.4935897435897436,0,1
298.8,310.0,1484,44.9,80,0,11.199999999999989,6977.644835231122,0.5543209876543209,0,1
298.8,309.9,1739,30.6,83,0,11.099999999999966,5572.494217084503,0.3642857142857143,1,0
298.7,309.8,1422,40.7,85,0,11.100000000000023,6060.697715452357,0.4732558139534884,0,0
298.8,309.8,1463,40.0,90,0,11.0,6128.200069602491,0.43956043956043955,1,0
298.7,309.7,1667,30.4,92,0,11.0,5306.862086247973,0.3268817204301075,1,0
298.7,309.7,1565,39.3,94,0,11.0,6440.736178757113,0.41368421052631577,0,0
298.7,309.7,1393,45.7,99,0,11.0,6666.4700828930545,0.457,1,0
298.8,309.7,1453,47.7,101,0,10.899999999999977,7257.927259808892,0.4676470588235294,0,1
298.8,309.6,1442,50.0,104,0,10.800000000000011,7550.294344127469,0.47619047619047616,1,0
298.7,309.6,1364,44.9,106,0,10.900000000000034,6413.4147946463945,0.41962616822429905,1,0
298.7,309.5,1453,40.4,108,0,10.800000000000011,6147.175289230172,0.37064220183486235,0,0
298.7,309.5,1394,46.0,113,0,10.800000000000011,6715.0495772930635,0.40350877192982454,0,1
298.7,309.5,1500,38.8,116,0,10.800000000000011,6094.689747964198,0.3316239316239316,0,1
298.6,309.5,1523,34.2,119,0,10.899999999999977,5454.4959970156715,0.28500000000000003,0,0
298.7,309.6,1254,57.1,124,0,10.900000000000034,7498.290513735047,0.4568,0,1
298.6,309.5,1325,52.2,127,0,10.899999999999977,7242.9418628512685,0.4078125,1,0
298.8,309.7,1424,49.6,129,0,10.899999999999977,7396.3981920036185,0.38153846153846155,1,0
298.8,309.7,1505,39.0,131,0,10.899999999999977,6146.52602674843,0.29545454545454547,1,0
298.8,309.7,1392,48.7,133,0,10.899999999999977,7098.994087463784,0.36343283582089553,0,1
298.8,309.7,1529,44.0,136,0,10.899999999999977,7045.126245430231,0.32116788321167883,1,0
298.8,309.7,1477,48.5,138,0,10.899999999999977,7501.547298119267,0.3489208633093525,0,1
298.8,309.7,1459,47.3,141,0,10.899999999999977,7226.783604636304,0.3330985915492958,0,1
299.0,309.8,2240,15.9,144,0,10.800000000000011,3729.698798341802,0.1096551724137931,0,1
298.9,309.7,1449,48.8,147,0,10.800000000000011,7404.859548217287,0.3297297297297297,1,0
298.8,309.7,1589,35.3,149,0,10.899999999999977,5873.90908824542,0.2353333333333333,0,1
298.8,309.7,1740,28.5,152,0,10.899999999999977,5193.0526563839285,0.18627450980392157,1,0
298.8,309.7,1499,40.3,154,0,10.899999999999977,6326.08899085211,0.26,0,1
298.8,309.7,1480,38.1,157,0,10.899999999999977,5904.937551687375,0.24113924050632912,0,1
298.8,309.7,1751,29.6,160,0,10.899999999999977,5427.583019949919,0.18385093167701863,1,0
298.7,309.7,1510,40.6,162,0,11.0,6419.949307365861,0.249079754601227,1,0
298.8,309.8,1437,48.2,164,0,11.0,7253.246286755044,0.2921212121212121,0,0
298.8,309.7,1609,40.4,169,0,10.899999999999977,6807.1610738963145,0.2376470588235294,1,0
298.8,309.8,1490,35.9,171,0,11.0,5601.564421105721,0.20872093023255814,0,0
298.7,309.7,1601,35.7,176,0,11.0,5985.330907692738,0.2016949152542373,1,0
298.7,309.6,1665,31.1,178,0,10.900000000000034,5422.5459997286625,0.17374301675977655,1,0
298.7,309.6,1452,42.7,180,0,10.900000000000034,6492.666705320954,0.23591160220994475,0,1
298.7,309.5,1487,33.6,183,0,10.800000000000011,5232.1340689945855,0.1826086956521739,0,1
298.7,309.6,1382,48.1,186,0,10.900000000000034,6961.161945775288,0.2572192513368984,0,1
298.7,309.6,1686,26.2,189,0,10.900000000000034,4625.806686851755,0.13789473684210526,0,1
298.6,309.6,1491,36.9,192,0,11.0,5761.461015197929,0.19119170984455958,1,0
298.7,309.6,1442,55.6,194,0,10.900000000000034,8395.927310669746,0.28512820512820514,1,0
298.6,309.6,1390,50.3,196,0,11.0,7321.691118701252,0.25532994923857866,1,0
298.7,309.6,1502,46.7,198,0,10.900000000000034,7345.399671260343,0.23467336683417087,1,0
298.6,309.6,1344,59.4,200,0,11.0,8360.15504232087,0.2955223880597015,0,1
298.5,309.5,1385,46.3,203,1,11.0,6715.206656925743,0.2269607843137255,1,0
298.7,309.7,1547,37.4,0,0,11.0,6058.85464776225,37.4,1,0
298.6,309.6,1525,42.4,2,0,11.0,6771.1793660372,14.133333333333333,0,1
298.6,309.6,1540,35.8,5,0,11.0,5773.4095392570825,5.966666666666666,1,0
298.6,309.5,1450,44.3,7,0,10.899999999999977,6726.6734701113455,5.5375,1,0
298.6,309.6,1353,62.5,9,0,11.0,8855.364292306229,6.25,1,0
298.8,309.7,1582,45.0,11,0,10.899999999999977,7454.999366968579,3.75,1,0
298.9,309.8,1396,49.0,13,0,10.900000000000034,7163.2501292052075,3.5,1,0
298.8,309.8,1551,36.6,15,0,11.0,5944.58445097568,2.2875,0,1
298.9,309.8,1836,22.8,18,0,10.900000000000034,4383.652725113054,1.2,0,1
298.9,309.8,1390,49.9,21,0,10.900000000000034,7263.466934854721,2.268181818181818,1,0
298.9,309.8,1534,42.1,23,0,10.900000000000034,6762.948393284796,1.7541666666666667,1,0
298.8,309.7,1953,20.6,25,0,10.899999999999977,4213.064244023129,0.7923076923076924,1,0
298.8,309.8,1634,33.6,27,0,11.0,5749.365883481609,1.2,1,0
298.7,309.7,1881,21.7,29,0,11.0,4274.419548547737,0.7233333333333333,1,0
298.8,309.7,1448,44.8,31,0,10.899999999999977,6793.212402514377,1.4,0,1
298.7,309.7,1362,50.5,34,0,11.0,7202.729476885318,1.4428571428571428,0,1
298.8,309.7,1225,63.4,37,0,10.899999999999977,8133.059781368376,1.6684210526315788,1,0
298.8,309.6,1384,48.2,39,0,10.800000000000011,6985.72920032636,1.205,0,1
298.8,309.8,1334,49.3,42,0,11.0,6887.020359150568,1.1465116279069767,1,0
298.8,309.7,1336,50.3,44,0,10.899999999999977,7037.251319845233,1.1177777777777778,1,0
298.8,309.9,1331,61.6,46,0,11.099999999999966,8585.930834358856,1.3106382978723405,0,1
298.8,309.9,1629,31.9,49,0,11.099999999999966,5441.772546768631,0.638,1,0
298.9,310.0,1776,25.7,51,0,11.100000000000023,4779.744726877655,0.4942307692307692,1,0
298.8,310.0,1530,38.3,53,0,11.199999999999989,6136.472930256942,0.7092592592592593,0,0
298.9,310.0,1719,27.3,58,0,11.100000000000023,4914.361972083978,0.4627118644067797,1,0
298.8,309.9,1495,35.2,60,0,11.099999999999966,5510.772393416976,0.5770491803278689,0,1
298.8,309.7,1450,43.1,63,0,10.899999999999977,6544.4610962031375,0.6734375,1,0
298.8,309.8,1563,38.8,65,0,11.0,6350.666717378695,0.5878787878787879,0,0
298.9,309.9,1501,37.1,70,0,11.0,5831.539475324007,0.5225352112676056,0,1
298.8,309.9,1351,47.2,73,0,11.099999999999966,6677.685568666368,0.6378378378378379,1,0
298.9,309.9,1365,46.5,75,0,11.0,6646.824656832605,0.6118421052631579,1,0
298.8,309.9,1525,39.7,77,0,11.099999999999966,6339.995774332003,0.508974358974359,1,0
298.8,309.8,1288,61.9,79,0,11.0,8349.012860376139,0.7737499999999999,0,1
298.6,309.6,1423,42.7,82,0,11.0,6362.992232556279,0.5144578313253012,1,0
298.5,309.6,1502,39.4,84,0,11.100000000000023,6197.189444275321,0.46352941176470586,0,1
298.5,309.5,1428,43.5,87,0,11.0,6504.981748523025,0.4943181818181818,1,0
298.6,309.5,1566,38.1,89,0,10.899999999999977,6248.062301312452,0.42333333333333334,0,1
298.5,309.5,1483,44.8,92,0,11.0,6957.412978542003,0.48172043010752685,0,1
298.6,309.6,1593,33.3,95,0,11.0,5555.058377857079,0.346875,0,0
298.5,309.6,1724,26.4,100,0,11.100000000000023,4766.173046614146,0.2613861386138614,1,0
298.5,309.7,2617,12.1,102,1,11.199999999999989,3316.0243496926105,0.1174757281553398,1,0
298.6,309.7,1294,59.4,104,0,11.099999999999966,8049.137369615481,0.5657142857142857,1,0
298.6,309.6,1533,40.7,106,0,11.0,6533.790153156444,0.38037383177570094,1,0
298.5,309.4,1671,31.8,108,0,10.899999999999977,5564.577403597457,0.29174311926605506,0,0
298.5,309.5,1370,52.4,113,0,11.0,7517.621780530135,0.45964912280701753,1,0
298.5,309.6,1462,45.1,115,0,11.100000000000023,6904.822717520911,0.3887931034482759,1,0
298.4,309.5,1545,36.6,117,0,11.100000000000023,5921.5879927514015,0.3101694915254237,1,0
298.4,309.5,1484,41.7,119,0,11.100000000000023,6480.351662118882,0.34750000000000003,0,1
298.4,309.5,1344,45.3,122,0,11.100000000000023,6375.6737949012695,0.36829268292682926,0,1
298.4,309.5,1357,50.1,125,0,11.100000000000023,7119.4458556386535,0.39761904761904765,1,0
298.5,309.6,1572,33.0,127,0,11.100000000000023,5432.44201658747,0.2578125,0,1
298.5,309.6,1861,26.9,130,0,11.100000000000023,5242.365189069776,0.20534351145038165,1,0
298.5,309.5,1548,44.5,132,0,11.0,7213.7250511728835,0.33458646616541354,1,0
298.6,309.8,1496,37.7,134,0,11.199999999999989,5906.110412944716,0.27925925925925926,1,0
298.6,309.7,1314,49.7,136,0,11.099999999999966,6838.807383893478,0.36277372262773727,0,1
298.6,309.7,1422,49.7,139,0,11.099999999999966,7400.901141473762,0.35500000000000004,0,1
298.6,309.8,1842,20.1,142,0,11.199999999999989,3877.165157501308,0.14055944055944056,1,0
298.7,309.9,1434,53.0,144,0,11.199999999999989,7958.910828604382,0.36551724137931035,0,1
298.8,310.1,1585,31.3,147,0,11.300000000000011,5195.199411363881,0.2114864864864865,0,1
298.8,310.1,1704,30.7,150,0,11.300000000000011,5478.183605623738,0.2033112582781457,0,0
298.9,310.2,1971,23.2,155,0,11.300000000000011,4788.541186307706,0.14871794871794872,1,0
299.0,310.3,1431,39.9,157,0,11.300000000000011,5979.173386091702,0.25253164556962027,1,0
298.9,310.4,1546,37.7,159,0,11.5,6103.507151345274,0.23562500000000003,1,0
298.9,310.3,1496,36.3,161,0,11.400000000000034,5686.785357822099,0.22407407407407406,1,0
298.9,310.3,1243,63.0,163,0,11.400000000000034,8200.499303665438,0.38414634146341464,0,0
299.0,310.4,1452,46.2,168,0,11.399999999999977,7024.852500839065,0.2733727810650888,1,0
299.1,310.6,1380,44.7,170,0,11.5,6459.742814311334,0.26140350877192986,1,0
299.2,310.6,1567,38.4,172,0,11.400000000000034,6301.280880864263,0.22196531791907514,1,0
299.1,310.5,1628,35.9,174,0,11.399999999999977,6120.36703191954,0.20514285714285713,1,0
299.1,310.4,1505,46.1,176,0,11.299999999999955,7265.508970079555,0.26045197740112996,1,0
299.0,310.3,1827,28.0,178,0,11.300000000000011,5357.043792901315,0.1564245810055866,0,1
299.0,310.3,1577,40.0,181,0,11.300000000000011,6605.7221529481385,0.21978021978021978,1,0
298.9,310.2,1304,57.2,183,0,11.300000000000011,7810.92087066928,0.31086956521739134,1,0
298.9,310.1,1324,54.6,185,0,11.200000000000045,7570.232985502253,0.2935483870967742,0,0
298.8,310.0,1537,39.9,190,0,11.199999999999989,6422.075118394791,0.2089005235602094,1,0
298.8,310.1,1501,48.7,192,0,11.300000000000011,7654.8779635654755,0.2523316062176166,0,1
298.7,309.9,1654,29.1,195,0,11.199999999999989,5040.308421566392,0.14846938775510204,0,1
298.7,310.0,1519,38.1,198,0,11.300000000000011,6060.540635819678,0.1914572864321608,0,1
298.7,309.9,1371,51.3,201,0,11.199999999999989,7365.181233002447,0.25396039603960396,1,0
298.7,309.8,1181,65.9,203,1,11.100000000000023,8150.11862947737,0.32303921568627453,1,0
298.6,309.8,1469,42.8,205,0,11.199999999999989,6584.066107589392,0.2077669902912621,1,0
298.6,309.8,1637,34.6,207,0,11.199999999999989,5931.347873928553,0.16634615384615387,1,0
298.6,309.8,1370,56.0,0,0,11.199999999999989,8034.099612780297,56.0,1,0
298.6,309.9,1630,30.6,2,0,11.299999999999955,5223.21194585839,10.200000000000001,1,0
298.6,310.0,1517,39.0,4,0,11.399999999999977,6195.534872144432,7.8,1,0
298.6,309.9,1668,32.3,6,0,11.299999999999955,5641.923414728837,4.614285714285714,0,1
298.6,309.9,1818,24.9,9,0,11.299999999999955,4740.474818707783,2.4899999999999998,0,1
298.6,310.0,1541,36.9,12,0,11.399999999999977,5954.668963393701,2.838461538461538,0,1
298.5,309.9,1482,42.1,15,0,11.399999999999977,6533.695905376838,2.63125,1,0
298.6,310.1,1439,49.9,17,0,11.5,7519.517208097801,2.772222222222222,1,0
298.5,310.0,1492,41.2,19,0,11.5,6437.1652351075345,2.06,1,0
298.4,309.9,1725,27.8,21,0,11.5,5021.835856763284,1.2636363636363637,1,0
298.4,310.0,1559,44.2,23,0,11.600000000000023,7216.007941834492,1.8416666666666668,1,0
298.5,310.0,1435,42.5,25,0,11.5,6386.596065360251,1.6346153846153846,1,0
298.6,310.0,1512,37.5,27,0,11.399999999999977,5937.6101152847095,1.3392857142857142,0,1
298.6,309.9,1564,37.1,30,0,11.299999999999955,6076.300958965187,1.196774193548387,1,0
298.6,310.0,1522,40.3,32,0,11.399999999999977,6423.153731872522,1.2212121212121212,1,0
298.6,309.9,1356,59.5,34,0,11.299999999999955,8448.999282564388,1.7,1,0
298.6,309.9,1556,38.6,36,0,11.299999999999955,6289.636044094958,1.0432432432432432,1,0
298.6,309.9,1393,45.5,38,0,11.299999999999955,6637.295159116717,1.1666666666666667,1,0
298.7,309.9,1753,26.8,40,0,11.199999999999989,4919.775983423664,0.6536585365853659,1,0
298.7,309.9,1651,29.5,42,0,11.199999999999989,5100.323313225469,0.686046511627907,1,0
298.7,309.9,1372,54.7,44,0,11.199999999999989,7859.050070122275,1.2155555555555557,1,0
298.7,309.9,1446,43.3,46,0,11.199999999999989,6556.692363601113,0.9212765957446808,1,0
298.7,309.8,1501,44.7,48,0,11.100000000000023,7026.140553827038,0.9122448979591837,0,1
298.7,309.9,1411,45.1,51,0,11.199999999999989,6663.956808770181,0.8673076923076923,0,1
298.6,309.7,1672,27.5,54,0,11.099999999999966,4815.014340401957,0.5,0,0
298.7,309.8,1475,40.5,59,0,11.100000000000023,6255.696371460675,0.675,0,1
298.7,309.8,1469,38.4,62,0,11.100000000000023,5907.199498397959,0.6095238095238095,1,0
298.6,309.8,1704,28.3,64,0,11.199999999999989,5049.921695086377,0.43538461538461537,1,0
298.6,309.7,1463,39.1,66,0,11.099999999999966,5990.315568036435,0.5835820895522388,0,0
298.6,309.7,1280,64.1,71,0,11.099999999999966,8592.046468057844,0.8902777777777777,0,1
298.7,309.9,1464,38.0,74,0,11.199999999999989,5825.769416816912,0.5066666666666667,1,0
298.6,309.8,1332,46.4,76,0,11.199999999999989,6472.183521219547,0.6025974025974026,1,0
298.5,309.7,1634,37.8,78,0,11.199999999999989,6468.036618916809,0.4784810126582278,1,0
298.6,309.8,1430,43.1,80,0,11.199999999999989,6454.192667289992,0.5320987654320988,0,1
298.5,309.7,1523,44.6,83,0,11.199999999999989,7113.173142306986,0.530952380952381,0,1
298.5,309.7,1557,37.7,86,0,11.199999999999989,6146.934433793397,0.43333333333333335,0,1
298.5,309.6,1585,32.2,89,0,11.100000000000023,5344.582142042076,0.3577777777777778,1,0
298.5,309.6,1579,33.5,91,0,11.100000000000023,5539.308526687082,0.3641304347826087,0,0
298.5,309.7,1354,60.8,96,0,11.199999999999989,8620.865344666776,0.6268041237113402,0,1
298.6,309.7,1627,33.4,99,0,11.099999999999966,5690.6599887615275,0.33399999999999996,1,0
298.4,309.6,1477,35.6,101,0,11.200000000000045,5506.290387897854,0.3490196078431373,1,0
298.3,309.4,1595,29.0,103,0,11.099999999999966,4843.812273059863,0.27884615384615385,0,1
298.4,309.5,1520,38.1,106,0,11.100000000000023,6064.530458489738,0.3560747663551402,1,0
298.3,309.4,1618,31.5,108,0,11.099999999999966,5337.2517591836995,0.2889908256880734,1,0
298.4,309.5,1397,50.3,110,0,11.100000000000023,7358.562944478884,0.45315315315315313,1,0
298.4,309.5,1450,47.9,112,0,11.100000000000023,7273.31059183597,0.42389380530973453,1,0
298.5,309.5,1501,40.2,114,0,11.0,6318.810967871295,0.34956521739130436,0,1
298.4,309.4,1392,50.1,117,0,11.0,7303.071946240977,0.4245762711864407,1,0
298.4,309.4,1385,43.2,119,0,11.0,6265.592388319485,0.36000000000000004,1,0
298.4,309.4,1461,46.3,121,0,11.0,7083.694531240801,0.3795081967213115,1,0
298.5,309.6,1364,58.7,123,0,11.100000000000023,8384.575689214775,0.47338709677419355,0,1
298.5,309.5,1579,38.6,126,0,11.0,6382.606242690191,0.3039370078740158,1,0
298.4,309.5,1514,38.8,128,0,11.100000000000023,6151.573518945197,0.3007751937984496,0,1
298.3,309.5,1560,36.9,131,0,11.199999999999989,6028.087983708095,0.27954545454545454,0,1
298.3,309.5,1542,36.7,134,0,11.199999999999989,5926.237549878714,0.2718518518518519,1,0
298.3,309.4,1668,27.1,136,0,11.099999999999966,4733.626146722957,0.1978102189781022,1,0
298.3,309.4,1816,22.6,138,0,11.099999999999966,4297.866301719028,0.16258992805755396,0,1
298.3,309.4,1509,34.2,141,0,11.099999999999966,5404.356178264378,0.24084507042253522,0,1
298.4,309.6,1479,37.8,144,0,11.200000000000045,5854.483573670723,0.26068965517241377,1,0
298.4,309.6,1655,30.2,146,0,11.200000000000045,5233.998080635715,0.20544217687074828,1,0
298.3,309.5,1711,30.3,148,0,11.199999999999989,5429.017680595057,0.20335570469798658,1,0
298.4,309.7,1581,34.6,150,0,11.300000000000011,5728.4428764087015,0.22913907284768212,1,0
298.6,309.8,1279,55.9,152,0,11.199999999999989,7487.054084010707,0.365359477124183,0,0
298.5,309.8,1468,40.9,157,0,11.300000000000011,6287.499761090517,0.2588607594936709,1,0
298.4,309.7,1419,41.3,159,0,11.300000000000011,6137.069832861124,0.258125,1,0
298.4,309.7,1530,38.6,161,0,11.300000000000011,6184.539297856867,0.23827160493827163,1,0
298.4,309.6,1710,27.3,163,1,11.200000000000045,4888.6323282510775,0.16646341463414635,1,0
298.4,309.7,1518,39.8,165,0,11.300000000000011,6326.790613211413,0.2397590361445783,1,0
298.4,309.7,1679,33.3,167,0,11.300000000000011,5854.954812568761,0.1982142857142857,0,1
298.4,309.7,1870,22.5,170,0,11.300000000000011,4406.083696659684,0.13157894736842105,0,1
298.3,309.7,1484,44.3,173,0,11.399999999999977,6884.402365272576,0.25459770114942526,1,0
298.4,309.7,1457,44.2,175,0,11.300000000000011,6743.889397853018,0.25113636363636366,1,0
298.3,309.6,1546,36.2,177,0,11.300000000000011,5860.662039222782,0.20337078651685395,0,0
298.2,309.5,1478,36.5,182,0,11.300000000000011,5649.316629440285,0.1994535519125683,0,1
298.2,309.4,1447,47.1,185,0,11.199999999999989,7137.038774498756,0.2532258064516129,1,0
298.2,309.4,1443,45.4,187,0,11.199999999999989,6860.421541350175,0.24148936170212765,1,0
298.3,309.6,1527,30.9,189,0,11.300000000000011,4941.128341492562,0.1626315789473684,1,0
298.3,309.6,1469,54.8,191,0,11.300000000000011,8430.065950838754,0.28541666666666665,0,1
298.3,309.6,1681,27.1,194,0,11.300000000000011,4770.518916451612,0.13897435897435897,0,1
298.3,309.6,1420,44.1,197,0,11.300000000000011,6557.760505103334,0.22272727272727275,1,0
298.3,309.5,1543,49.9,199,0,11.199999999999989,8062.970849266787,0.2495,0,1
298.4,309.5,1376,50.4,202,0,11.100000000000023,7262.356905450452,0.2482758620689655,1,0
298.3,309.4,1631,29.8,0,0,11.099999999999966,5089.778033884919,29.8,0,0
298.3,309.3,1529,41.7,5,0,11.0,6676.858282600924,6.95,0,0
298.3,309.4,1468,46.2,10,0,11.099999999999966,7102.2613438235185,4.2,1,0
298.3,309.4,1378,52.3,12,0,11.099999999999966,7547.089919620807,4.023076923076923,1,0
298.3,309.3,1401,51.9,14,0,11.0,7614.3723622851885,3.46,1,0
298.4,309.3,1531,37.4,16,0,10.900000000000034,5996.190346298647,2.1999999999999997,1,0
298.4,309.3,1512,35.8,18,0,10.900000000000034,5668.438456725135,1.8842105263157893,1,0
298.5,309.4,1522,47.4,20,0,10.899999999999977,7554.7763496465905,2.257142857142857,0,1
298.5,309.3,1615,31.8,23,0,10.800000000000011,5378.0924636803675,1.325,0,1
298.6,309.3,1449,46.5,26,0,10.699999999999989,7055.860020329997,1.7222222222222223,1,0
298.6,309.4,1315,55.5,28,0,10.799999999999955,7642.709528020569,1.9137931034482758,1,0
298.6,309.4,1465,41.1,30,0,10.799999999999955,6305.3335353873945,1.3258064516129033,0,1
298.6,309.5,1404,43.3,33,0,10.899999999999977,6366.2490169405,1.2735294117647058,0,1
298.6,309.5,1547,44.8,36,0,10.899999999999977,7257.665460421092,1.2108108108108107,1,0
298.6,309.5,1426,45.4,38,0,10.899999999999977,6779.598834348821,1.164102564102564,0,1
298.6,309.5,1730,30.2,41,0,10.899999999999977,5471.188325981744,0.719047619047619,1,0
298.5,309.4,1548,37.7,43,0,10.899999999999977,6111.403020881297,0.8568181818181819,1,0
298.5,309.4,1517,40.2,45,0,10.899999999999977,6386.16671436426,0.8739130434782609,1,0
298.6,309.5,1687,29.3,47,0,10.899999999999977,5176.203247785174,0.6104166666666667,1,0
298.5,309.5,1738,25.2,49,0,11.0,4586.473946828811,0.504,1,0
298.4,309.4,1512,35.3,51,0,11.0,5589.270321854673,0.6788461538461538,0,0
298.5,309.4,1365,48.7,56,0,10.899999999999977,6961.298081456944,0.8543859649122808,0,1
298.5,309.4,2011,21.0,59,0,10.899999999999977,4422.419978458352,0.35,0,0
298.4,309.3,1806,27.6,64,0,10.900000000000034,5219.8190257925135,0.4246153846153846,1,0
298.4,309.3,1716,28.4,66,0,10.900000000000034,5103.454433903547,0.42388059701492536,1,0
298.4,309.4,1666,24.3,68,0,11.0,4239.453622313283,0.3521739130434783,0,1
298.5,309.4,1578,36.3,71,0,10.899999999999977,5998.494180911279,0.5041666666666667,1,0
298.3,309.3,1558,37.2,73,0,11.0,6069.305679323194,0.5027027027027028,1,0
298.3,309.2,1456,45.5,75,0,10.899999999999977,6937.474337167221,0.5986842105263158,1,0
298.2,309.1,1457,49.0,77,0,10.900000000000034,7476.25747725787,0.6282051282051282,0,1
298.2,309.1,1467,44.5,80,0,10.900000000000034,6836.262693844069,0.5493827160493827,1,0
298.1,309.0,1661,38.2,82,0,10.899999999999977,6644.489406293437,0.46024096385542174,0,1
298.1,309.0,1592,33.9,85,0,10.899999999999977,5651.599520101894,0.39418604651162786,1,0
298.2,309.0,1596,37.2,87,0,10.800000000000011,6217.337525160345,0.4227272727272728,1,0
298.2,309.0,1489,40.6,89,0,10.800000000000011,6330.6652441508395,0.45111111111111113,1,0
298.3,309.0,1471,48.3,91,0,10.699999999999989,7440.265297423242,0.525,1,0
298.3,309.0,1505,41.3,93,0,10.699999999999989,6509.013459095132,0.43936170212765957,0,1
298.3,309.0,1519,40.0,96,0,10.699999999999989,6362.772321070528,0.41237113402061853,1,0
298.3,309.0,1408,45.4,98,0,10.699999999999989,6694.021850465035,0.4585858585858586,1,0
298.2,308.9,1332,44.4,100,0,10.699999999999989,6193.210093580774,0.4396039603960396,1,0
298.1,308.9,1351,52.4,102,0,10.799999999999955,7413.362792333001,0.5087378640776699,1,0
298.0,308.9,1500,36.7,104,0,10.899999999999977,5764.822519337271,0.34952380952380957,1,0
298.0,308.7,1614,30.7,106,0,10.699999999999989,5188.842922228118,0.2869158878504673,0,1
298.0,308.8,1489,36.5,109,0,10.800000000000011,5691.3616111208285,0.33181818181818185,1,0
297.9,308.7,1751,26.6,111,0,10.800000000000011,4877.490146306345,0.23750000000000002,0,1
298.0,308.7,1511,45.8,114,0,10.699999999999989,7247.00498934991,0.3982608695652174,1,0
297.9,308.6,1691,29.6,116,0,10.700000000000045,5241.600734857403,0.252991452991453,1,0
297.9,308.6,1757,27.5,118,0,10.700000000000045,5059.796767994161,0.23109243697478993,1,0
297.9,308.7,1545,35.9,120,0,10.800000000000011,5808.333577589489,0.29669421487603304,0,0
297.9,308.6,2262,15.7,125,0,10.700000000000045,3718.954551466525,0.12460317460317459,1,0
297.7,308.5,1559,35.2,127,0,10.800000000000011,5746.685057750546,0.275,0,1
297.6,308.4,1626,32.4,130,0,10.799999999999955,5516.888027115963,0.24732824427480915,1,0
297.6,308.3,1424,53.9,132,0,10.699999999999989,8037.618196552319,0.4052631578947368,1,0
297.6,308.3,1648,29.1,134,0,10.699999999999989,5022.024352322499,0.21555555555555556,0,1
297.6,308.3,1523,39.5,137,0,10.699999999999989,6299.783388366052,0.286231884057971,1,0
297.6,308.3,1502,43.2,139,0,10.699999999999989,6794.8879185962915,0.3085714285714286,1,0
297.5,308.2,1489,40.7,141,0,10.699999999999989,6346.258015688157,0.28661971830985916,1,0
297.4,308.1,1620,31.2,143,0,10.700000000000045,5292.955302768083,0.21666666666666667,0,1
297.5,308.1,1631,30.6,146,0,10.600000000000023,5226.416370365051,0.20816326530612245,1,0
297.5,308.0,1429,45.8,148,0,10.5,6853.719477022517,0.30738255033557044,0,1
297.5,308.1,1334,72.0,151,1,10.600000000000023,10058.123039733082,0.47368421052631576,0,1
297.4,308.0,1423,38.0,154,0,10.600000000000023,5662.616038340482,0.24516129032258063,1,0
297.4,307.9,1390,47.7,156,0,10.5,6943.233923698802,0.30382165605095546,1,0
297.4,307.9,1338,48.5,158,0,10.5,6795.5790689800815,0.3050314465408805,0,1
297.3,307.9,1461,37.5,161,0,10.599999999999966,5737.33358361836,0.23148148148148148,0,0
297.4,307.9,1627,34.3,166,0,10.5,5844.001126183245,0.20538922155688621,0,1
297.3,307.8,1385,44.4,169,0,10.5,6439.636621328358,0.2611764705882353,1,0
297.3,307.8,1538,48.0,171,0,10.5,7730.8312019537625,0.27906976744186046,0,1
297.4,307.9,1557,35.5,174,0,10.5,5788.2273846065145,0.20285714285714285,1,0
297.4,307.9,1606,33.4,176,0,10.5,5617.209552520598,0.18870056497175142,1,0
297.5,308.0,1430,44.5,178,0,10.5,6663.84161703955,0.24860335195530725,0,1
297.4,308.0,1601,34.6,181,0,10.600000000000023,5800.908946951506,0.19010989010989013,0,1
297.4,308.0,1356,51.9,184,0,10.600000000000023,7369.799374203222,0.2805405405405405,1,0
297.5,308.2,1624,30.9,186,0,10.699999999999989,5255.004863512719,0.16524064171122993,0,1
297.5,308.2,1327,56.5,189,0,10.699999999999989,7851.415999974051,0.29736842105263156,1,0
297.6,308.3,1410,47.0,191,0,10.699999999999989,6939.778171779853,0.24479166666666666,1,0
297.6,308.3,1478,42.3,193,0,10.699999999999989,6547.016258228056,0.21804123711340204,1,0
297.6,308.4,1460,40.3,195,0,10.799999999999955,6161.500951730542,0.20561224489795918,1,0
297.5,308.3,1435,40.3,197,0,10.800000000000011,6055.995798447484,0.2035353535353535,1,0
297.4,308.2,1359,46.9,199,0,10.800000000000011,6674.5335040372665,0.2345,0,0
297.4,308.1,1729,31.7,204,0,10.700000000000045,5739.616474279968,0.1546341463414634,1,0
297.3,308.0,1384,49.1,206,0,10.699999999999989,7116.168127303408,0.23719806763285026,0,0
297.4,308.2,1297,52.1,211,0,10.800000000000011,7076.301316529354,0.24575471698113208,1,0
297.5,308.4,1633,33.3,213,0,10.899999999999977,5694.545091676467,0.155607476635514,1,0
297.5,308.4,1505,37.2,215,0,10.899999999999977,5862.840210129272,0.17222222222222225,0,1
297.5,308.4,1433,50.0,218,0,10.899999999999977,7503.170454323622,0.228310502283105,1,0
297.4,308.4,1369,50.6,220,1,11.0,7254.084044796,0.22895927601809957,1,0
297.4,308.3,1475,40.5,222,1,10.900000000000034,6255.696371460675,0.18161434977578475,1,0
297.4,308.3,1561,38.3,0,0,10.900000000000034,6260.806695510514,38.3,1,0
297.4,308.3,1472,45.5,2,0,10.900000000000034,7013.710318894332,15.166666666666666,1,0
297.5,308.4,1441,44.5,4,0,10.899999999999977,6715.101937170623,8.9,1,0
297.5,308.5,1401,50.5,6,0,11.0,7408.975034593488,7.214285714285714,0,1
297.5,308.5,1691,33.1,9,0,11.0,5861.38460553311,3.31,1,0
297.6,308.6,1382,47.1,11,0,11.0,6816.439244199918,3.9250000000000003,1,0
297.6,308.6,1355,46.4,13,0,11.0,6583.94044388325,3.314285714285714,1,0
297.6,308.6,1529,45.3,15,0,11.0,7253.277702681578,2.83125,1,0
297.7,308.7,1829,24.9,17,0,11.0,4769.157559635058,1.3833333333333333,1,0
297.6,308.6,1480,39.8,19,0,11.0,6168.412455568438,1.9899999999999998,0,0
297.6,308.5,1475,42.4,24,0,10.899999999999977,6549.173485183522,1.696,1,0
297.6,308.5,1431,52.6,26,0,10.899999999999977,7882.318799709863,1.9481481481481482,0,1
297.5,308.3,1437,42.3,29,0,10.800000000000011,6365.400786924031,1.41,1,0
297.5,308.3,1476,45.6,31,0,10.800000000000011,7048.2259501817725,1.425,0,1
297.5,308.4,1490,39.7,34,0,10.899999999999977,6194.487674593235,1.1342857142857143,0,0
297.4,308.3,1632,33.5,39,0,10.900000000000034,5725.238451902039,0.8375,1,0
297.4,308.2,1402,49.7,41,0,10.800000000000011,7296.809704884822,1.1833333333333333,1,0
297.4,308.3,1347,45.8,43,0,10.900000000000034,6460.433964695123,1.0409090909090908,1,0
297.5,308.4,1747,31.0,45,0,10.899999999999977,5671.307778015414,0.6739130434782609,1,0
297.5,308.5,1557,39.1,47,0,11.0,6375.202556003232,0.8145833333333333,0,0
297.4,308.4,1371,57.4,52,0,11.0,8240.963017043674,1.0830188679245283,1,0
297.3,308.3,1506,37.0,54,0,11.0,5835.194194777682,0.6727272727272727,0,0
297.3,308.3,1590,35.5,59,0,11.0,5910.906577729195,0.5916666666666667,1,0
297.4,308.3,1336,53.7,61,0,10.900000000000034,7512.930335500777,0.8661290322580646,1,0
297.3,308.3,1411,43.2,63,0,11.0,6383.213617269886,0.675,1,0
297.4,308.3,1704,27.3,65,0,10.900000000000034,4871.479232362477,0.41363636363636364,1,0
297.5,308.4,1723,27.3,67,0,10.899999999999977,4925.797369343045,0.40147058823529413,1,0
297.5,308.5,1459,39.7,69,0,11.0,6065.609071967469,0.5671428571428572,1,0
297.6,308.5,1572,35.9,71,0,10.899999999999977,5909.838436226974,0.4986111111111111,1,0
297.5,308.4,1384,56.0,73,0,10.899999999999977,8116.19990079411,0.7567567567567568,1,0
297.6,308.6,1383,47.5,75,0,11.0,6879.3025131982495,0.625,1,0
297.6,308.5,1360,48.6,77,0,10.899999999999977,6921.556934389033,0.6230769230769231,0,1
297.5,308.4,1596,36.6,80,0,10.899999999999977,6117.057887657758,0.4518518518518519,0,1
297.5,308.5,1448,54.3,83,0,11.0,8233.737353940416,0.6464285714285714,1,0
297.6,308.5,1443,38.2,85,0,10.899999999999977,5772.425173558959,0.44418604651162796,0,1
297.6,308.6,1492,35.5,88,0,11.0,5546.5865496679,0.398876404494382,0,1
297.5,308.6,1497,43.9,91,0,11.100000000000023,6882.004282880336,0.4771739130434782,1,0
297.5,308.5,1530,38.5,93,0,11.0,6168.517175323559,0.4095744680851064,1,0
297.4,308.4,1478,46.2,95,0,11.0,7150.6418706888,0.48125,0,1
297.4,308.4,1328,61.8,98,0,11.0,8594.392190572526,0.6242424242424243,1,0
297.4,308.3,1771,27.4,100,0,10.900000000000034,5081.568005083538,0.27128712871287125,0,0
297.4,308.4,1564,35.0,105,0,11.0,5732.359395250176,0.330188679245283,0,1
297.3,308.3,1461,41.5,108,0,11.0,6349.315832537652,0.38073394495412843,0,0
297.4,308.3,1335,57.9,113,0,10.900000000000034,8094.470551606782,0.5078947368421053,0,1
297.4,308.4,1441,46.8,116,0,11.0,7062.174621563711,0.39999999999999997,0,1
297.3,308.3,1268,60.6,119,0,11.0,8046.749759198753,0.505,1,0
297.3,308.3,1697,27.4,121,0,11.0,4869.238229602916,0.2245901639344262,0,1
297.4,308.4,1421,46.0,124,0,11.0,6845.111513151681,0.368,1,0
297.4,308.5,1496,36.4,126,0,11.100000000000023,5702.451433188001,0.2866141732283464,1,0
297.5,308.5,1375,55.6,128,0,11.0,8005.825278897988,0.4310077519379845,1,0
297.4,308.5,1295,52.1,130,0,11.100000000000023,7065.389518045884,0.39770992366412217,1,0
297.4,308.5,1643,33.8,132,0,11.100000000000023,5815.444048962113,0.25413533834586466,1,0
297.5,308.6,1514,36.9,134,0,11.100000000000023,5850.336671367983,0.2733333333333333,1,0
297.5,308.6,1671,29.4,136,0,11.100000000000023,5144.609297665574,0.2145985401459854,1,0
297.5,308.6,1355,58.9,138,0,11.100000000000023,8357.631296222487,0.42374100719424457,0,0
297.6,308.7,1365,50.6,143,0,11.099999999999966,7232.888766359781,0.3513888888888889,1,0
297.5,308.7,1407,42.5,145,0,11.199999999999989,6261.979556767855,0.2910958904109589,1,0
297.5,308.8,1455,46.1,147,0,11.300000000000011,7024.129934528739,0.31148648648648647,0,1
297.5,308.8,1502,45.9,150,0,11.300000000000011,7219.5684135085585,0.3039735099337748,1,0
297.5,308.8,1471,52.3,152,0,11.300000000000011,8056.436336547321,0.34183006535947713,0,1
297.5,308.9,1581,30.4,155,0,11.399999999999977,5033.082758463136,0.19487179487179487,1,0
297.5,308.8,1530,37.8,157,0,11.300000000000011,6056.362317590402,0.2392405063291139,1,0
297.5,308.8,1312,50.3,159,0,11.300000000000011,6910.833631464778,0.31437499999999996,1,0
297.4,308.6,1494,42.6,161,0,11.200000000000045,6664.825982737675,0.26296296296296295,1,0
297.4,308.6,1528,29.1,163,0,11.200000000000045,4656.342967444648,0.17743902439024392,0,1
297.3,308.6,1688,29.4,166,0,11.300000000000011,5196.948231274379,0.17604790419161676,0,0
297.3,308.5,1520,42.4,171,0,11.199999999999989,6748.978777951834,0.24651162790697673,0,1
297.3,308.5,1664,28.9,174,0,11.199999999999989,5035.931135802391,0.16514285714285715,0,1
297.3,308.5,1514,44.5,177,0,11.199999999999989,7055.284061676837,0.25,1,0
297.3,308.5,1456,54.2,179,0,11.199999999999989,8263.980419218975,0.3011111111111111,1,0
297.2,308.5,1494,39.6,181,0,11.300000000000011,6195.47204029136,0.2175824175824176,1,0
297.2,308.4,1605,30.0,183,0,11.199999999999989,5042.256209011618,0.16304347826086957,1,0
297.2,308.5,1353,46.5,185,0,11.300000000000011,6588.391033475834,0.25,0,1
297.2,308.5,1447,47.9,188,0,11.300000000000011,7258.262363025274,0.2534391534391534,1,0
297.2,308.5,1588,40.4,190,0,11.300000000000011,6718.316833652796,0.21151832460732983,1,0
297.2,308.5,1524,41.4,192,0,11.300000000000011,6607.146341617765,0.21450777202072538,0,0
297.2,308.5,1611,31.6,197,0,11.300000000000011,5331.031405729592,0.1595959595959596,0,1
297.2,308.5,1604,34.9,200,0,11.300000000000011,5862.170003696505,0.1736318407960199,0,1
297.1,308.5,1483,46.9,203,0,11.399999999999977,7283.541711911159,0.2299019607843137,1,0
297.1,308.4,1543,39.6,205,0,11.299999999999955,6398.670253125547,0.19223300970873788,1,0
297.1,308.5,1323,44.4,207,1,11.399999999999977,6151.3640794349585,0.21346153846153845,1,0
297.1,308.5,1555,36.2,0,0,11.399999999999977,5894.7797354407685,36.2,1,0
297.1,308.4,1583,31.9,2,0,11.299999999999955,5288.106778106044,10.633333333333333,1,0
297.2,308.5,1584,40.0,4,0,11.300000000000011,6635.043684381643,8.0,0,1
297.2,308.5,1766,25.8,7,0,11.300000000000011,4771.325258566034,3.225,1,0
297.2,308.6,1498,44.4,9,0,11.400000000000034,6965.036576714715,4.4399999999999995,0,1
297.2,308.6,1413,49.8,12,0,11.400000000000034,7368.856896407146,3.8307692307692305,1,0
297.3,308.6,1505,33.5,14,0,11.300000000000011,5279.708253745446,2.2333333333333334,1,0
297.3,308.7,1438,46.2,16,0,11.399999999999977,6957.119763227669,2.7176470588235295,0,0
297.3,308.7,1655,34.1,21,0,11.399999999999977,5909.911740055559,1.55,0,1
297.3,308.7,1451,43.8,24,0,11.399999999999977,6655.338372923832,1.7519999999999998,0,1
297.3,308.7,1466,38.4,27,0,11.399999999999977,5895.135782608174,1.3714285714285714,0,1
297.2,308.6,1774,23.0,30,0,11.400000000000034,4272.775448392358,0.7419354838709677,1,0
297.2,308.6,1284,51.3,32,0,11.400000000000034,6897.806493927893,1.5545454545454545,0,1
297.1,308.5,1425,40.0,35,0,11.399999999999977,5969.026041820606,1.1111111111111112,1,0
297.2,308.6,1437,52.4,37,0,11.400000000000034,7885.271896804237,1.3789473684210527,1,0
297.2,308.6,1335,53.0,39,0,11.400000000000034,7409.446273491528,1.325,1,0
297.2,308.5,1471,41.7,41,0,11.300000000000011,6423.583082868515,0.9928571428571429,1,0
297.2,308.5,1364,54.0,43,0,11.300000000000011,7713.238283093659,1.2272727272727273,0,1
297.1,308.5,1578,35.6,46,0,11.399999999999977,5882.820739406103,0.7574468085106383,1,0
297.1,308.5,1712,32.1,48,0,11.399999999999977,5754.895086551926,0.6551020408163266,1,0
297.1,308.5,1733,28.7,50,0,11.399999999999977,5208.45693236203,0.5627450980392157,1,0
297.2,308.6,1652,32.1,52,0,11.400000000000034,5553.204838191463,0.6056603773584905,1,0
297.2,308.6,1917,24.1,54,0,11.400000000000034,4838.021270601746,0.43818181818181823,1,0
297.2,308.6,1444,41.1,56,0,11.400000000000034,6214.949914743615,0.7210526315789474,0,1
297.1,308.6,1442,37.1,59,0,11.5,5602.318403342582,0.6183333333333334,1,0
297.1,308.6,1717,31.3,61,0,11.5,5627.859551616267,0.5048387096774194,0,1
297.1,308.7,1474,42.3,64,0,11.599999999999966,6529.297675661811,0.6507692307692308,1,0
297.2,308.7,1509,39.3,66,0,11.5,6210.2689416897665,0.5865671641791045,1,0
297.2,308.8,1451,43.1,68,0,11.600000000000023,6548.974517648795,0.6246376811594203,1,0
297.3,308.8,1554,36.1,70,0,11.5,5874.715430359841,0.5084507042253521,1,0
297.2,308.7,1669,30.7,72,0,11.5,5365.662228747663,0.42054794520547945,1,0
297.2,308.6,1366,50.4,74,0,11.400000000000034,7209.578148870145,0.6719999999999999,1,0
297.2,308.6,1578,34.4,76,0,11.400000000000034,5684.523411111515,0.44675324675324674,1,0
297.2,308.6,1513,39.0,78,0,11.400000000000034,6179.198590345764,0.4936708860759494,0,1
297.1,308.5,1515,42.1,81,0,11.399999999999977,6679.18306116458,0.5134146341463415,0,1
297.2,308.6,1562,33.0,84,0,11.400000000000034,5397.884497397983,0.38823529411764707,1,0
297.2,308.7,1501,38.5,86,0,11.5,6051.59756873246,0.4425287356321839,1,0
297.2,308.7,1398,38.1,88,0,11.5,5577.772092742534,0.4280898876404495,0,1
297.3,308.7,1352,53.8,91,0,11.399999999999977,7617.063659991764,0.5847826086956521,1,0
297.3,308.7,1569,33.9,93,0,11.399999999999977,5569.949527035095,0.3606382978723404,0,0
297.2,308.6,1486,46.6,98,0,11.400000000000034,7251.591714624152,0.47070707070707074,0,0
297.2,308.6,1864,23.6,103,0,11.400000000000034,4606.663915615882,0.22692307692307695,1,0
297.3,308.7,1447,44.5,105,0,11.399999999999977,6743.062111787572,0.419811320754717,0,1
297.2,308.6,1392,41.5,108,0,11.400000000000034,6049.450813752505,0.38073394495412843,1,0
297.3,308.6,1358,47.6,110,0,11.300000000000011,6769.168746738904,0.42882882882882883,1,0
297.3,308.7,1491,40.2,112,0,11.399999999999977,6276.7136263131915,0.35575221238938054,1,0
297.3,308.7,1556,36.7,114,0,11.399999999999977,5980.042560059196,0.3191304347826087,1,0
297.3,308.7,1531,36.7,116,0,11.399999999999977,5883.962184736908,0.3136752136752137,1,0
297.4,308.7,1429,37.6,118,0,11.300000000000011,5626.634330481368,0.31596638655462184,0,0
297.4,308.8,1573,33.9,123,0,11.400000000000034,5584.149525829322,0.27338709677419354,0,1
297.4,308.8,1538,41.2,126,0,11.400000000000034,6635.630115010314,0.32440944881889766,1,0
297.4,308.8,1467,39.0,128,0,11.400000000000034,5991.3313496610945,0.3023255813953488,1,0
297.4,308.7,1323,51.1,130,0,11.300000000000011,7079.610460791135,0.3900763358778626,0,0
297.4,308.7,1798,23.0,135,0,11.300000000000011,4330.580753218411,0.16911764705882354,0,1
297.4,308.6,1411,46.3,138,0,11.200000000000045,6841.268298138789,0.3330935251798561,1,0
297.3,308.5,1528,44.5,140,0,11.199999999999989,7120.524469116385,0.31560283687943264,1,0
297.3,308.5,1504,42.0,142,0,11.199999999999989,6614.9374913986685,0.2937062937062937,1,0
297.3,308.5,1384,39.6,144,0,11.199999999999989,5739.312786990121,0.2731034482758621,1,0
297.2,308.4,1677,26.4,146,0,11.199999999999989,4636.236774461673,0.17959183673469387,1,0
297.3,308.5,1764,30.8,148,0,11.199999999999989,5689.549959357259,0.20671140939597316,1,0
297.4,308.5,1472,42.0,150,0,11.100000000000023,6474.194140517845,0.2781456953642384,0,1
297.4,308.5,1465,55.9,153,0,11.100000000000023,8575.867265891857,0.36298701298701297,0,1
297.4,308.6,1657,33.1,156,0,11.200000000000045,5743.532993121444,0.21082802547770702,0,1
297.4,308.6,1635,30.5,159,0,11.200000000000045,5222.112388429633,0.190625,1,0
297.4,308.7,1582,31.9,161,0,11.300000000000011,5284.766217917726,0.19691358024691358,0,1
297.5,308.7,1761,26.2,164,0,11.199999999999989,4831.581005661887,0.15878787878787878,1,0
297.5,308.8,1587,34.9,166,0,11.300000000000011,5800.0397729840115,0.2089820359281437,1,0
297.5,308.7,1446,53.0,168,0,11.199999999999989,8025.512592860486,0.3136094674556213,0,1
297.5,308.7,1352,53.0,171,0,11.199999999999989,7503.798772854341,0.3081395348837209,0,1
297.4,308.7,1392,46.4,174,0,11.300000000000011,6763.7233194726805,0.2651428571428571,0,1
297.5,308.8,1417,49.8,177,0,11.300000000000011,7389.717071626983,0.2797752808988764,1,0
297.5,308.8,1824,24.0,179,0,11.300000000000011,4584.212000118227,0.13333333333333333,0,0
297.5,308.8,1603,36.7,184,0,11.300000000000011,6160.673665665096,0.1983783783783784,1,0
297.4,308.8,1620,33.4,186,0,11.400000000000034,5666.17651001455,0.17860962566844918,1,0
297.4,308.8,1353,49.4,188,0,11.400000000000034,6999.279936638843,0.2613756613756614,1,0
297.5,308.8,1360,50.7,190,0,11.300000000000011,7220.636555010781,0.26544502617801047,1,0
297.5,308.6,1380,53.5,192,0,11.100000000000023,7731.459520484482,0.2772020725388601,1,0
297.5,308.7,1363,53.6,194,0,11.199999999999989,7650.49020582596,0.27487179487179486,0,1
297.4,308.6,1452,41.2,197,0,11.200000000000045,6264.587078670335,0.2080808080808081,0,1
297.4,308.6,1680,32.8,200,0,11.200000000000045,5770.477386113732,0.16318407960199002,1,0
297.5,308.6,1536,39.0,202,0,11.100000000000023,6273.132210688099,0.1921182266009852,1,0
297.5,308.6,1621,28.9,0,0,11.100000000000023,4905.795896115189,28.9,1,0
297.5,308.6,1585,37.6,2,0,11.100000000000023,6240.878526111243,12.533333333333333,1,0
297.6,308.7,1408,51.5,4,0,11.099999999999966,7593.438883236769,10.3,0,1
297.5,308.6,1536,38.7,7,0,11.100000000000023,6224.87734752896,4.8375,0,0
297.5,308.6,1352,52.6,12,0,11.100000000000023,7447.166329285629,4.046153846153846,1,0
297.5,308.6,1481,38.8,14,0,11.100000000000023,6017.490344489986,2.5866666666666664,0,0
297.5,308.7,1454,45.0,19,0,11.199999999999989,6851.813577479339,2.25,1,0
297.5,308.6,1349,51.5,21,0,11.100000000000023,7275.247907305683,2.340909090909091,0,1
297.5,308.6,1327,52.1,24,0,11.100000000000023,7239.9782937813825,2.084,0,1
297.6,308.7,1552,42.3,27,0,11.099999999999966,6874.810035703615,1.5107142857142857,1,0
297.5,308.7,1456,44.7,29,0,11.199999999999989,6815.496766403841,1.49,1,0
297.6,308.6,1254,45.8,31,0,11.0,6014.3906397384435,1.43125,0,1
297.5,308.6,1437,43.3,34,0,11.100000000000023,6515.883075030983,1.237142857142857,1,0
297.5,308.6,1694,27.1,36,0,11.100000000000023,4807.4116861802695,0.7324324324324325,1,0
297.5,308.5,1306,50.7,38,0,11.0,6933.934809444177,1.3,1,0
297.5,308.5,1699,30.1,40,0,11.0,5355.3578048438885,0.7341463414634146,0,1
297.4,308.5,1369,53.2,43,0,11.100000000000023,7626.8235411689175,1.2090909090909092,1,0
297.4,308.5,1471,43.9,45,0,11.100000000000023,6762.477154386757,0.9543478260869565,1,0
297.4,308.5,1410,43.9,47,0,11.100000000000023,6482.04812215182,0.9145833333333333,1,0
297.4,308.5,1412,45.5,49,0,11.100000000000023,6727.825387417663,0.91,0,1
297.4,308.5,1418,51.2,52,0,11.100000000000023,7602.821773295492,0.9660377358490566,1,0
297.4,308.5,1782,25.9,54,0,11.100000000000023,4833.214633841753,0.4709090909090909,1,0
297.4,308.5,1497,36.4,56,0,11.100000000000023,5706.263232274356,0.6385964912280702,0,1
297.3,308.4,1459,39.4,59,0,11.099999999999966,6019.773235151593,0.6566666666666666,1,0
297.2,308.3,1796,23.8,61,0,11.100000000000023,4476.224988638834,0.3838709677419355,1,0
297.2,308.3,1569,31.2,63,0,11.100000000000023,5126.325228421681,0.4875,1,0
297.3,308.4,1469,46.7,65,0,11.099999999999966,7184.016056645436,0.7075757575757576,1,0
297.3,308.4,1472,41.3,67,0,11.099999999999966,6366.290904842547,0.6073529411764705,1,0
297.4,308.5,1475,47.2,69,0,11.100000000000023,7290.589351430714,0.6742857142857144,1,0
297.4,308.6,1488,36.4,71,0,11.200000000000045,5671.9570404971555,0.5055555555555555,1,0
297.4,308.6,1524,43.1,73,0,11.200000000000045,6878.45428318178,0.5824324324324325,1,0
297.4,308.5,1486,48.6,75,0,11.100000000000023,7562.818826839781,0.6394736842105263,1,0
297.5,308.6,1255,60.7,77,0,11.100000000000023,7977.393865383002,0.7782051282051282,0,1
297.4,308.6,1469,42.6,80,0,11.200000000000045,6553.299443535237,0.5259259259259259,0,1
297.4,308.5,1692,34.3,83,0,11.100000000000023,6077.473820222525,0.4083333333333333,1,0
297.4,308.6,1604,32.8,85,0,11.200000000000045,5509.431980551443,0.38139534883720927,0,1
297.4,308.6,1446,48.1,88,0,11.200000000000045,7283.531239935649,0.5404494382022472,1,0
297.3,308.5,1503,43.3,90,0,11.199999999999989,6815.151191211945,0.4758241758241758,1,0
297.3,308.5,1625,32.8,92,0,11.199999999999989,5581.562947877866,0.35268817204301073,0,1
297.2,308.5,1574,35.8,95,0,11.300000000000011,5900.874425188732,0.3729166666666666,1,0
297.2,308.4,1378,41.9,97,0,11.199999999999989,6046.330165049939,0.42755102040816323,0,1
297.1,308.4,1693,29.5,100,0,11.299999999999955,5230.071089818727,0.29207920792079206,1,0
297.2,308.4,1462,51.2,102,0,11.199999999999989,7838.734437629061,0.49708737864077673,1,0
297.3,308.5,1435,55.0,104,0,11.199999999999989,8265.006672819149,0.5238095238095238,0,0
297.2,308.5,1425,45.8,109,0,11.300000000000011,6834.534817884593,0.4163636363636363,0,1
297.3,308.6,1376,53.5,112,0,11.300000000000011,7709.049492888873,0.47345132743362833,0,0
297.4,308.7,1481,48.0,117,0,11.300000000000011,7444.317951946374,0.4067796610169492,0,1
297.4,308.7,1349,48.9,120,0,11.300000000000011,6907.953838198988,0.4041322314049587,0,0
297.3,308.7,1551,40.0,125,0,11.399999999999977,6496.813607623693,0.31746031746031744,1,0
297.4,308.7,1623,33.8,127,0,11.300000000000011,5744.653494501223,0.2640625,0,0
297.4,308.8,1462,49.7,132,0,11.400000000000034,7609.0840146516475,0.3736842105263158,1,0
297.3,308.8,1447,57.4,134,0,11.5,8697.792476777677,0.42518518518518517,0,1
297.3,308.9,1799,24.5,137,0,11.599999999999966,4615.575566776564,0.17753623188405798,0,1
297.3,308.8,1548,41.3,140,0,11.5,6694.985272212136,0.2929078014184397,0,1
297.2,308.8,1485,47.9,143,0,11.600000000000023,7448.873261294079,0.3326388888888889,0,1
297.2,308.7,1463,49.9,146,0,11.5,7644.929586829107,0.33945578231292517,1,0
297.3,308.7,1587,35.8,148,0,11.399999999999977,5949.6109992214215,0.2402684563758389,1,0
297.3,308.8,1469,44.1,150,0,11.5,6784.049423941407,0.29205298013245035,0,1
297.3,308.7,1430,42.8,153,0,11.399999999999977,6409.267892343657,0.2779220779220779,0,0
297.4,308.7,1726,26.8,158,0,11.300000000000011,4844.000768619078,0.16855345911949687,0,0
297.4,308.8,1651,34.1,163,0,11.400000000000034,5895.627965457237,0.2079268292682927,1,0
297.4,308.8,1529,41.3,165,0,11.400000000000034,6612.811680369739,0.24879518072289156,1,0
297.4,308.8,1473,46.2,167,0,11.400000000000034,7126.451607256159,0.275,1,0
297.4,308.8,1324,53.5,169,0,11.400000000000034,7417.719134145979,0.31470588235294117,0,0
297.4,308.9,1708,28.8,174,0,11.5,5151.206642238112,0.16457142857142856,1,0
297.5,309.1,1540,38.5,176,0,11.600000000000023,6208.8342810446275,0.2175141242937853,0,1
297.5,309.0,1320,54.7,179,0,11.5,7561.185198659914,0.30388888888888893,1,0
297.4,308.9,1376,39.0,181,0,11.5,5619.680938741421,0.21428571428571427,0,1
297.3,308.7,1542,37.0,184,0,11.399999999999977,5974.680908597069,0.2,0,1
297.3,308.7,1506,39.3,187,0,11.399999999999977,6197.922482561159,0.20904255319148934,1,0
297.3,308.7,1492,43.6,189,0,11.399999999999977,6812.145734240012,0.22947368421052633,1,0
297.3,308.8,1564,38.0,191,0,11.5,6223.70448627162,0.19791666666666666,0,0
297.4,308.9,1645,30.8,196,0,11.5,5305.731112892682,0.15634517766497463,0,0
297.4,308.9,1348,59.1,201,0,11.5,8342.687787166911,0.29257425742574256,0,1
297.4,308.8,1325,62.4,204,1,11.400000000000034,8658.22935329347,0.304390243902439,0,1
297.5,308.9,1443,43.5,0,0,11.399999999999977,6573.311388738604,43.5,1,0
297.5,308.9,1436,44.8,2,0,11.399999999999977,6736.915062162047,14.933333333333332,0,1
297.5,308.9,1596,30.7,5,0,11.399999999999977,5130.974785548994,5.116666666666666,1,0
297.6,309.0,1491,43.2,7,0,11.399999999999977,6745.125090963429,5.4,1,0
297.7,308.9,1573,35.1,9,0,11.199999999999989,5781.818535593192,3.5100000000000002,0,1
297.7,308.9,1575,39.9,12,0,11.199999999999989,6580.85121110722,3.069230769230769,1,0
297.7,308.9,1458,41.1,14,0,11.199999999999989,6275.205661839467,2.74,1,0
297.7,309.0,1433,41.8,16,0,11.300000000000011,6272.650499814547,2.4588235294117644,0,1
297.7,308.9,1662,28.1,19,0,11.199999999999989,4890.642947549374,1.405,1,0
297.7,308.9,1327,63.7,21,0,11.199999999999989,8851.950428289329,2.8954545454545455,0,1
297.7,308.9,1742,26.3,24,0,11.199999999999989,4797.693692905164,1.052,1,0
297.8,308.9,1506,33.5,26,0,11.099999999999966,5283.216365541955,1.2407407407407407,1,0
297.9,309.1,1457,44.4,28,0,11.200000000000045,6774.404734494886,1.5310344827586206,1,0
297.9,309.1,1488,37.3,30,0,11.200000000000045,5812.197736553404,1.2032258064516128,0,1
297.9,309.1,1619,34.7,33,0,11.200000000000045,5883.082538793903,1.0205882352941178,1,0
298.0,309.2,1558,41.7,35,0,11.199999999999989,6803.4958824671285,1.1583333333333334,0,1
298.0,309.2,1731,28.7,38,0,11.199999999999989,5202.446018418161,0.7358974358974358,1,0
298.0,309.1,1574,34.8,40,0,11.100000000000023,5736.0455306303875,0.848780487804878,0,1
297.9,309.0,1290,49.8,43,0,11.100000000000023,6727.406508397183,1.1318181818181818,1,0
297.9,308.9,1416,39.6,45,0,11.0,5872.013660677755,0.8608695652173913,0,0
297.9,308.9,1566,41.9,50,0,11.0,6871.228620078523,0.8215686274509804,1,0
297.9,309.0,1456,46.5,52,0,11.100000000000023,7089.9463006214455,0.8773584905660378,1,0
297.9,309.0,1528,37.5,54,0,11.100000000000023,6000.441968356505,0.6818181818181818,1,0
297.9,309.1,1338,49.6,56,0,11.200000000000045,6949.705604565197,0.8701754385964913,0,1
297.9,309.1,1558,39.2,59,0,11.200000000000045,6395.612436276054,0.6533333333333334,0,1
297.9,309.1,1614,38.1,62,0,11.200000000000045,6439.573789475287,0.6047619047619048,0,1
298.0,309.1,1557,36.4,65,0,11.100000000000023,5934.971177455694,0.5515151515151515,0,0
298.1,309.3,1443,45.3,70,0,11.199999999999989,6845.3104806864085,0.6380281690140844,1,0
298.1,309.3,1332,51.0,72,0,11.199999999999989,7113.822404788727,0.6986301369863014,0,0
298.1,309.3,1752,25.2,77,0,11.199999999999989,4623.419076435027,0.3230769230769231,0,1
298.1,309.2,1460,45.8,80,0,11.099999999999966,7002.40058534141,0.5654320987654321,0,1
298.1,309.2,1802,26.9,83,0,11.099999999999966,5076.164465719363,0.3202380952380952,1,0
298.0,309.2,1527,39.5,85,0,11.199999999999989,6316.329109674958,0.45930232558139533,1,0
298.0,309.2,1458,39.8,87,0,11.199999999999989,6076.719837985664,0.4522727272727272,1,0
298.0,309.2,1520,37.9,89,0,11.199999999999989,6032.69565293336,0.4211111111111111,0,0
298.0,309.2,1378,49.7,94,0,11.199999999999989,7171.899980978091,0.5231578947368422,1,0
297.9,309.2,1529,38.1,96,0,11.300000000000011,6100.438862520268,0.39278350515463917,0,1
298.0,309.2,1527,32.4,99,0,11.199999999999989,5180.988940594142,0.324,1,0
298.0,309.2,1438,42.9,101,0,11.199999999999989,6460.182637282835,0.42058823529411765,0,1
297.9,309.0,1583,36.7,104,0,11.100000000000023,6083.809365407267,0.34952380952380957,1,0
297.8,308.9,1530,37.6,106,0,11.099999999999966,6024.318072523787,0.3514018691588785,1,0
297.7,308.9,1530,39.1,108,0,11.199999999999989,6264.649910523406,0.3587155963302752,0,1
297.7,308.8,2089,19.1,111,0,11.100000000000023,4178.307757298913,0.1705357142857143,0,1
297.7,308.8,1616,34.2,114,0,11.100000000000023,5787.567650149261,0.2973913043478261,1,0
297.7,308.9,1681,28.3,116,0,11.199999999999989,4981.7596064789905,0.24188034188034188,0,1
297.6,308.8,1475,43.0,119,0,11.199999999999989,6641.850468464421,0.35833333333333334,1,0
297.5,308.7,1371,46.5,121,0,11.199999999999989,6676.04146851099,0.38114754098360654,1,0
297.5,308.7,1546,38.0,123,0,11.199999999999989,6152.076173769771,0.3064516129032258,0,1
297.4,308.6,1461,40.1,126,0,11.200000000000045,6135.122045415899,0.315748031496063,0,0
297.4,308.7,1638,31.9,131,0,11.300000000000011,5471.837588463486,0.24166666666666667,1,0
297.3,308.7,1577,35.6,133,0,11.399999999999977,5879.092716123843,0.2656716417910448,0,1
297.4,308.6,1532,38.7,136,0,11.200000000000045,6208.666729436437,0.28248175182481755,1,0
297.3,308.5,1710,27.7,138,0,11.199999999999989,4960.260640752925,0.19928057553956835,0,1
297.3,308.6,1584,29.4,141,0,11.300000000000011,4876.757108020507,0.20704225352112676,0,1
297.3,308.6,1446,50.1,144,0,11.300000000000011,7586.380771741705,0.34551724137931034,1,0
297.4,308.7,1522,46.3,146,0,11.300000000000011,7379.454535625256,0.3149659863945578,0,0
297.4,308.7,1382,49.9,151,0,11.300000000000011,7221.662808610953,0.3282894736842105,0,1
297.4,308.7,1584,38.2,154,0,11.300000000000011,6336.466718584469,0.24645161290322581,1,0
297.3,308.6,1385,55.2,156,0,11.300000000000011,8006.034718408229,0.3515923566878981,1,0
297.3,308.7,1592,34.4,158,0,11.399999999999977,5734.956445177143,0.21635220125786161,1,0
297.2,308.6,1404,43.7,160,0,11.400000000000034,6425.059631415702,0.27142857142857146,0,1
297.2,308.5,1518,44.3,163,0,11.300000000000011,7042.131260433809,0.27012195121951216,1,0
297.1,308.4,1529,40.4,165,0,11.299999999999955,6468.706825349575,0.2433734939759036,1,0
297.1,308.4,1550,37.0,167,0,11.299999999999955,6005.677956112489,0.22023809523809523,1,0
297.1,308.3,1773,23.8,169,0,11.199999999999989,4418.9013946863315,0.14,1,0
297.2,308.5,1446,43.7,171,0,11.300000000000011,6617.262269962325,0.2540697674418605,1,0
297.2,308.5,1487,46.9,173,0,11.300000000000011,7303.1871379716085,0.26954022988505744,0,1
297.3,308.5,1524,49.3,176,0,11.199999999999989,7867.930305356421,0.27853107344632766,0,1
297.1,308.3,1403,54.1,179,0,11.199999999999989,7948.4702690189515,0.3005555555555556,1,0
297.1,308.2,2267,15.7,181,0,11.099999999999966,3727.175052243418,0.08626373626373626,1,0
297.1,308.2,1529,37.9,183,0,11.099999999999966,6068.415561404676,0.20597826086956522,0,1
297.1,308.2,1402,51.2,186,0,11.099999999999966,7517.035349901466,0.2737967914438503,1,0
297.2,308.3,1693,28.0,188,0,11.100000000000023,4964.135271692352,0.14814814814814814,1,0
297.1,308.3,1496,45.8,190,0,11.199999999999989,7175.0625175827045,0.23979057591623035,1,0
297.1,308.1,1633,33.3,192,0,11.0,5694.545091676467,0.17253886010362693,1,0
297.1,308.2,1399,42.6,194,0,11.099999999999966,6241.025133768412,0.21846153846153846,1,0
297.0,308.1,1363,45.3,196,0,11.100000000000023,6465.80608813276,0.2299492385786802,0,1
297.1,308.2,1527,42.2,199,0,11.099999999999966,6748.078188057803,0.21100000000000002,0,0
297.2,308.2,1405,42.5,204,0,11.0,6253.078377582685,0.2073170731707317,0,1
297.3,308.3,1459,59.6,207,1,11.0,9106.052914087182,0.2865384615384615,0,1
297.4,308.4,1789,25.0,210,0,11.0,4683.5910477267835,0.11848341232227488,0,1
297.4,308.4,1531,41.5,213,0,11.0,6653.526721160263,0.1939252336448598,1,0
297.4,308.4,1620,35.8,215,0,11.0,6073.326917919787,0.16574074074074072,0,1
297.4,308.4,1571,39.4,0,0,11.0,6481.880570543628,39.4,1,0
297.4,308.4,1434,39.9,2,0,11.0,5991.708340779525,13.299999999999999,1,0
297.4,308.4,1474,43.6,4,0,11.0,6729.961670422103,8.72,1,0
297.3,308.3,1544,41.7,6,0,11.0,6742.360489428271,5.957142857142857,0,1
297.3,308.2,1601,35.7,9,0,10.899999999999977,5985.330907692738,3.5700000000000003,1,0
297.4,308.3,1801,26.9,11,0,10.900000000000034,5073.347504306645,2.2416666666666667,1,0
297.4,308.3,1465,42.0,13,0,10.900000000000034,6443.406532512666,3.0,1,0
297.4,308.4,1340,52.6,15,0,11.0,7381.0672198541,3.2875,0,1
297.4,308.4,1517,41.0,18,0,11.0,6513.254609177478,2.1578947368421053,0,1
297.3,308.4,1434,44.8,21,0,11.099999999999966,6727.532172103326,2.036363636363636,0,1
297.3,308.3,1935,19.3,24,0,11.0,3910.811614821254,0.772,0,0
297.3,308.3,1595,32.2,29,0,11.0,5378.301903190607,1.0733333333333335,0,1
297.3,308.3,2188,17.0,32,0,11.0,3895.1560114308645,0.5151515151515151,1,0
297.3,308.4,1449,44.4,34,0,11.099999999999966,6737.208277476384,1.2685714285714285,0,1
297.3,308.3,1471,38.2,37,0,11.0,5884.433423634946,1.0052631578947369,1,0
297.4,308.2,1639,33.8,39,0,10.800000000000011,5801.285938069936,0.845,1,0
297.3,308.2,1846,24.5,41,0,10.899999999999977,4736.160364796852,0.5833333333333334,0,1
297.3,308.2,1452,38.2,44,0,10.899999999999977,5808.427825369097,0.8488888888888889,0,1
297.4,308.3,1483,41.9,47,0,10.900000000000034,6507.044727698882,0.8729166666666667,0,1
297.4,308.3,1284,60.3,50,0,10.900000000000034,8107.947984090681,1.1823529411764706,1,0
297.4,308.2,1419,50.0,52,0,10.800000000000011,7429.866625739861,0.9433962264150944,1,0
297.3,308.1,1763,28.4,54,0,10.800000000000011,5243.234363037269,0.5163636363636364,1,0
297.2,308.0,1478,42.5,56,0,10.800000000000011,6577.971417841428,0.7456140350877193,0,1
297.3,308.0,1518,36.0,59,0,10.699999999999989,5722.725177779168,0.6,1,0
297.3,308.0,1447,49.0,61,0,10.699999999999989,7424.944797249236,0.7903225806451613,1,0
297.4,308.0,1355,55.1,63,0,10.600000000000023,7818.42927711136,0.8609375,0,1
297.4,308.1,1348,57.4,66,0,10.700000000000045,8102.711996334699,0.8567164179104477,1,0
297.4,308.1,1348,53.7,68,0,10.700000000000045,7580.411745699884,0.7782608695652175,1,0
297.4,308.1,1734,27.7,70,0,10.700000000000045,5029.878333956474,0.3901408450704225,0,1
297.3,308.0,1420,46.5,73,0,10.699999999999989,6914.645430551134,0.6283783783783784,1,0
297.3,307.9,1797,24.7,75,0,10.599999999999966,4648.080578765706,0.325,1,0
297.3,308.0,1403,45.0,77,0,10.699999999999989,6611.481739479719,0.5769230769230769,0,1
297.3,307.9,1628,30.2,80,0,10.599999999999966,5148.609592311145,0.3728395061728395,1,0
297.2,307.9,1687,30.4,82,0,10.699999999999989,5370.531697360727,0.36626506024096384,0,1
297.2,307.9,1456,44.9,85,0,10.699999999999989,6845.991159094686,0.522093023255814,0,1
297.1,307.9,1496,44.7,88,0,10.799999999999955,7002.735688557793,0.5022471910112359,1,0
297.1,307.8,1636,30.3,90,0,10.699999999999989,5191.042037085631,0.33296703296703295,1,0
297.1,307.8,1536,40.4,92,0,10.699999999999989,6498.321572097415,0.4344086021505376,1,0
297.1,307.8,1454,50.6,94,0,10.699999999999989,7704.483711565657,0.5326315789473685,1,0
297.0,307.8,1396,50.0,96,0,10.800000000000011,7309.4389073522525,0.5154639175257731,1,0
297.0,307.6,1575,37.4,98,0,10.600000000000023,6168.517175323559,0.37777777777777777,1,0
296.9,307.6,1514,35.7,100,0,10.700000000000045,5660.081820266587,0.3534653465346535,1,0
296.8,307.4,1455,49.9,102,0,10.599999999999966,7603.125460585337,0.4844660194174757,0,1
296.8,307.4,1549,48.3,105,0,10.599999999999966,7834.786502861049,0.4556603773584905,1,0
296.8,307.5,1474,42.4,107,0,10.699999999999989,6544.7333675664495,0.3925925925925926,1,0
296.7,307.4,1661,34.2,109,0,10.699999999999989,5948.731353278417,0.3109090909090909,0,0
296.7,307.4,1535,34.6,114,0,10.699999999999989,5561.77091416025,0.30086956521739133,1,0
296.9,307.5,1556,31.2,116,0,10.600000000000023,5083.850895745147,0.26666666666666666,0,1
296.9,307.6,1435,45.0,119,0,10.700000000000045,6762.278186852031,0.375,1,0
296.9,307.5,1332,51.1,121,0,10.600000000000023,7127.771076170666,0.41885245901639345,0,1
297.0,307.6,1513,42.4,124,0,10.600000000000023,6717.897954632318,0.3392,1,0
297.0,307.7,1502,39.4,126,0,10.699999999999989,6197.189444275321,0.3102362204724409,1,0
297.0,307.7,1315,60.1,128,0,10.699999999999989,8276.159326739391,0.4658914728682171,1,0
297.0,307.7,1261,51.1,130,0,10.699999999999989,6747.8373326210285,0.3900763358778626,0,1
297.1,307.8,1406,60.4,133,0,10.699999999999989,8893.052932173794,0.4507462686567164,1,0
297.1,307.8,1584,42.3,135,0,10.699999999999989,7016.558696233587,0.3110294117647059,1,0
297.1,307.8,1443,43.9,137,0,10.699999999999989,6633.755631393672,0.3181159420289855,0,1
297.2,307.9,1580,35.8,140,0,10.699999999999989,5923.368228588435,0.25390070921985813,1,0
297.2,307.9,1825,24.6,142,0,10.699999999999989,4701.393406097125,0.17202797202797204,1,0
297.2,307.9,1469,48.2,144,0,10.699999999999989,7414.766037051606,0.3324137931034483,1,0
297.2,307.9,1493,38.4,146,0,10.699999999999989,6003.709224716239,0.26122448979591834,1,0
297.3,308.0,1598,29.4,148,0,10.699999999999989,4919.859759227758,0.19731543624161074,0,1
297.2,307.9,1450,37.2,151,0,10.699999999999989,5648.583591154449,0.24473684210526317,0,0
297.2,307.9,1632,37.5,156,0,10.699999999999989,6408.849013323178,0.23885350318471338,0,1
297.1,307.9,1980,20.3,159,0,10.799999999999955,4209.105837279605,0.12687500000000002,0,1
297.2,308.0,1474,43.7,162,0,10.800000000000011,6745.397362326742,0.26809815950920246,1,0
297.2,307.9,1540,37.1,164,0,10.699999999999989,5983.058489006642,0.22484848484848485,1,0
297.1,307.9,1609,38.9,166,0,10.799999999999955,6554.419944915016,0.23293413173652694,0,1
297.1,308.0,1467,42.8,169,0,10.899999999999977,6575.10209655115,0.25176470588235295,1,0
297.1,307.9,1492,39.4,171,0,10.799999999999955,6155.929860758176,0.22906976744186044,1,0
297.0,307.9,1493,46.1,173,0,10.899999999999977,7207.57800154736,0.2649425287356322,1,0
297.0,307.8,1500,39.9,175,0,10.800000000000011,6267.477343911637,0.22670454545454544,1,0
297.1,307.8,1477,36.6,177,0,10.699999999999989,5660.961466209591,0.20561797752808988,1,0
297.1,307.9,1342,49.1,179,0,10.799999999999955,6900.215048295646,0.2727777777777778,1,0
297.1,307.8,1538,34.3,181,0,10.699999999999989,5524.32312972946,0.18846153846153846,0,1
297.2,307.9,1337,58.1,184,0,10.699999999999989,8134.599161768634,0.31405405405405407,1,0
297.3,307.9,1417,41.8,186,0,10.599999999999966,6202.61392759052,0.22352941176470587,1,0
297.4,308.0,1383,46.2,188,0,10.600000000000023,6691.026865468614,0.24444444444444446,1,0
297.4,308.0,1440,42.4,190,0,10.600000000000023,6393.769368585947,0.22198952879581152,0,1
297.3,307.9,1579,34.4,193,0,10.599999999999966,5688.12577068763,0.17731958762886596,1,0
297.2,307.9,1441,40.0,195,0,10.699999999999989,6036.04668509719,0.20408163265306123,1,0
297.2,307.9,1530,35.9,197,0,10.699999999999989,5751.941989457552,0.18131313131313131,0,1
297.2,308.0,1705,26.0,200,0,10.800000000000011,4642.226744454518,0.12935323383084577,1,0
297.2,308.0,1435,43.0,202,0,10.800000000000011,6461.732489658607,0.21182266009852216,0,0
297.2,308.1,1340,61.3,207,1,10.900000000000034,8601.890125039092,0.29471153846153847,0,1
297.2,308.1,1431,49.7,210,1,10.900000000000034,7447.742287938788,0.23554502369668248,1,0
297.3,308.2,1396,52.7,212,1,10.899999999999977,7704.148608349275,0.24741784037558687,1,0
297.3,308.1,1369,52.0,214,0,10.800000000000011,7454.78992745834,0.24186046511627907,0,1
297.3,308.1,1615,35.4,217,1,10.800000000000011,5986.9331199460685,0.1623853211009174,1,0
297.2,308.1,1662,31.3,0,0,10.900000000000034,5447.584493177773,31.3,1,0
297.3,308.2,1553,33.5,2,0,10.899999999999977,5448.097619977859,11.166666666666666,1,0
297.4,308.2,1536,34.6,4,0,10.800000000000011,5565.394217687391,6.92,0,1
297.4,308.3,1548,46.6,7,0,10.900000000000034,7554.148031115874,5.825,1,0
297.4,308.3,1706,30.9,9,0,10.900000000000034,5520.343779034912,3.09,1,0
297.4,308.3,1366,45.5,11,0,10.900000000000034,6508.646939952214,3.7916666666666665,1,0
297.5,308.4,1440,35.9,13,0,10.899999999999977,5413.592460665931,2.564285714285714,1,0
297.5,308.4,1685,28.1,15,0,10.899999999999977,4958.3233252832115,1.75625,0,1
297.4,308.3,1444,44.0,18,0,10.900000000000034,6653.474361282702,2.3157894736842106,0,1
297.4,308.3,1395,48.7,21,0,10.900000000000034,7114.293643686766,2.213636363636364,1,0
297.4,308.3,1483,38.8,23,0,10.900000000000034,6025.61659748727,1.6166666666666665,1,0
297.5,308.4,1403,44.3,25,0,10.899999999999977,6508.636467976701,1.7038461538461538,0,1
297.5,308.4,1793,23.9,28,0,10.899999999999977,4487.524250216245,0.8241379310344827,0,0
297.4,308.3,1723,28.8,33,0,10.900000000000034,5196.445576449805,0.8470588235294118,1,0
297.4,308.2,1386,41.0,35,0,10.800000000000011,5950.804804429786,1.1388888888888888,1,0
297.4,308.2,1585,46.2,37,0,10.800000000000011,7668.313508147326,1.2157894736842105,0,0
297.3,308.1,1731,27.7,42,0,10.800000000000011,5021.17612230603,0.6441860465116279,0,1
297.3,308.3,1519,37.7,45,0,11.0,5996.912912608973,0.8195652173913044,1,0
297.3,308.2,1896,24.4,47,0,10.899999999999977,4844.587199247748,0.5083333333333333,1,0
297.3,308.3,2358,14.9,49,0,11.0,3679.24482032515,0.298,1,0
297.3,308.3,1341,51.9,51,0,11.0,7288.2750448425695,0.9980769230769231,0,1
297.3,308.3,1550,37.0,54,0,11.0,6005.677956112489,0.6727272727272727,1,0
297.3,308.3,1309,61.5,56,0,11.0,8430.30680627553,1.0789473684210527,1,0
297.3,308.4,1599,32.9,58,0,11.099999999999966,5509.0026295554535,0.5576271186440678,0,1
297.4,308.4,1343,40.0,61,0,11.0,5625.545245028123,0.6451612903225806,1,0
297.4,308.4,1378,39.9,63,0,11.0,5757.722519940157,0.6234375,1,0
297.4,308.4,1603,34.6,65,0,11.0,5808.155554005786,0.5242424242424243,1,0
297.4,308.4,1664,28.1,67,0,11.0,4896.5281977871,0.4132352941176471,1,0
297.3,308.4,1488,37.4,69,0,11.099999999999966,5827.780036115209,0.5342857142857143,1,0
297.3,308.4,1370,50.5,71,0,11.099999999999966,7245.03625795366,0.7013888888888888,0,1
297.3,308.5,1545,34.3,74,0,11.199999999999989,5549.466342933691,0.4573333333333333,1,0
297.4,308.5,1566,31.4,76,0,11.100000000000023,5149.321686645958,0.40779220779220776,0,1
297.4,308.6,1820,24.6,79,0,11.200000000000045,4688.512876217407,0.3075,1,0
297.4,308.6,1901,22.1,81,0,11.200000000000045,4399.496824062658,0.26951219512195124,0,1
297.4,308.5,1638,32.2,84,0,11.100000000000023,5523.296876129288,0.3788235294117647,0,1
297.3,308.4,1521,38.2,87,0,11.099999999999966,6084.448155913496,0.43409090909090914,0,1
297.3,308.4,1864,23.1,90,0,11.099999999999966,4509.065103844358,0.2538461538461539,0,0
297.3,308.3,1430,41.9,95,0,11.0,6274.493567504655,0.43645833333333334,1,0
297.3,308.4,1686,34.5,97,0,11.099999999999966,6091.23399604525,0.3520408163265306,0,1
297.2,308.3,1326,57.2,100,0,11.100000000000023,7942.700210511858,0.5663366336633664,0,1
297.2,308.3,1805,25.6,103,0,11.100000000000023,4838.890444569239,0.24615384615384617,1,0
297.2,308.3,1453,45.8,105,0,11.100000000000023,6968.827431850046,0.43207547169811317,0,0
297.2,308.4,1863,26.0,110,0,11.199999999999989,5072.41549848608,0.23423423423423423,0,1
297.2,308.3,1576,35.3,113,0,11.100000000000023,5825.853192621007,0.3096491228070175,1,0
297.2,308.3,1419,39.7,115,0,11.100000000000023,5899.31410083745,0.3422413793103449,1,0
297.2,308.4,1833,25.2,117,0,11.199999999999989,4837.173040585276,0.2135593220338983,1,0
297.2,308.4,2182,17.3,119,0,11.199999999999989,3953.024148109989,0.14416666666666667,0,0
297.2,308.3,1656,30.3,124,0,11.100000000000023,5254.5022086881445,0.2424,1,0
297.1,308.2,1351,56.6,126,0,11.099999999999966,8007.563626832975,0.4456692913385827,1,0
297.1,308.2,1790,30.3,128,0,11.099999999999966,5679.6853584249875,0.23488372093023258,0,0
297.2,308.2,1678,28.1,133,0,11.0,4937.724949451173,0.20970149253731343,0,1
297.1,308.2,1427,45.2,136,0,11.099999999999966,6754.466093120104,0.3299270072992701,1,0
297.0,308.1,1429,54.0,138,0,11.100000000000023,8080.804623563667,0.38848920863309355,1,0
297.2,308.1,1770,27.2,140,0,10.900000000000034,5041.6278904809,0.19290780141843972,0,0
297.2,308.1,1689,31.2,145,0,10.900000000000034,5518.395991589687,0.21369863013698628,1,0
297.2,308.1,1554,41.3,147,0,10.900000000000034,6720.934827530787,0.27905405405405403,0,1
297.3,308.1,1506,36.0,150,0,10.800000000000011,5677.486243567475,0.23841059602649006,1,0
297.2,308.1,1474,44.3,152,0,10.900000000000034,6838.011513754568,0.2895424836601307,1,0
297.3,308.1,1762,26.1,154,0,10.800000000000011,4815.873042393938,0.16838709677419356,1,0
297.3,308.1,1566,35.7,156,0,10.800000000000011,5854.483573670723,0.22738853503184714,1,0
297.3,308.1,1554,42.4,158,0,10.800000000000011,6899.942776932334,0.26666666666666666,0,0
297.2,308.0,1869,25.4,163,0,10.800000000000011,4971.319046893561,0.1548780487804878,1,0
297.3,308.0,1527,35.1,165,0,10.699999999999989,5612.738018976988,0.21144578313253012,1,0
297.2,307.9,1309,49.6,167,0,10.699999999999989,6799.076708801078,0.29523809523809524,1,0
297.2,307.9,1541,35.7,169,0,10.699999999999989,5761.021192226427,0.21000000000000002,0,1
297.2,307.9,1326,75.4,172,1,10.699999999999989,10469.923004765631,0.4358381502890174,1,0
297.1,307.9,1365,54.0,174,0,10.799999999999955,7718.893149870121,0.30857142857142855,0,0
297.1,307.8,1428,43.7,179,0,10.699999999999989,6534.8897105852,0.2427777777777778,1,0
297.1,307.8,1681,27.6,181,0,10.699999999999989,4858.5358706296865,0.15164835164835166,1,0
297.1,307.9,1662,26.9,183,0,10.799999999999955,4681.7898679387245,0.14619565217391303,0,1
297.2,307.9,1989,20.3,186,0,10.699999999999989,4228.238136539967,0.10855614973262033,1,0
297.2,307.9,1747,29.0,188,0,10.699999999999989,5305.416953627323,0.15343915343915343,0,1
297.2,308.0,1765,31.1,191,0,10.800000000000011,5748.224438150804,0.16197916666666667,0,1
297.3,308.1,1568,34.4,194,0,10.800000000000011,5648.499815350352,0.1764102564102564,1,0
297.3,308.1,1709,30.6,196,0,10.800000000000011,5476.361481884656,0.15532994923857868,0,1
297.3,308.1,1370,58.8,199,0,10.800000000000011,8435.80459341931,0.294,0,1
297.3,308.1,1458,45.7,202,0,10.800000000000011,6977.540115476002,0.22512315270935962,1,0
297.2,308.1,1712,30.9,204,0,10.900000000000034,5539.758821634097,0.15073170731707317,1,0
297.3,308.1,1642,36.9,206,0,10.800000000000011,6344.94901874916,0.1782608695652174,1,0
297.3,308.1,1468,49.8,0,0,10.800000000000011,7655.684305679895,49.8,1,0
297.3,308.1,1477,52.3,2,0,10.800000000000011,8089.2973957038685,17.433333333333334,0,0
297.3,308.2,1446,53.5,7,0,10.899999999999977,8101.224975812,6.6875,1,0
297.3,308.2,1653,31.4,9,0,10.899999999999977,5435.395113681844,3.1399999999999997,0,0
297.3,308.3,1494,38.2,14,0,11.0,5976.440200483079,2.546666666666667,1,0
297.3,308.2,1490,41.0,16,0,10.899999999999977,6397.329840260016,2.411764705882353,1,0
297.4,308.3,1550,47.8,18,0,10.900000000000034,7758.686656815592,2.5157894736842104,0,1
297.3,308.2,1677,34.9,21,0,10.899999999999977,6128.964523814863,1.5863636363636362,0,1
297.4,308.3,1854,21.8,24,0,10.900000000000034,4232.479286622312,0.872,1,0
297.5,308.5,1662,30.3,26,0,11.0,5273.540260168898,1.1222222222222222,0,1
297.5,308.6,1440,38.8,29,0,11.100000000000023,5850.90215804563,1.2933333333333332,0,1
297.5,308.6,1513,39.7,32,0,11.100000000000023,6290.107282992996,1.2030303030303031,1,0
297.6,308.6,1389,49.0,34,0,11.0,7127.331253199163,1.4,0,1
297.6,308.6,1351,51.0,37,0,11.0,7215.295847499678,1.3421052631578947,1,0
297.6,308.6,1482,38.3,39,0,11.0,5943.9561324449605,0.9574999999999999,0,1
297.6,308.6,1744,28.5,42,0,11.0,5204.990708467569,0.6627906976744186,1,0
297.6,308.7,1476,39.0,44,0,11.099999999999966,6028.087983708095,0.8666666666666667,1,0
297.6,308.6,1444,48.2,46,0,11.0,7288.578732132415,1.025531914893617,0,1
297.6,308.7,1659,32.1,49,0,11.099999999999966,5576.73536716685,0.642,0,0
297.6,308.7,1475,46.6,54,0,11.099999999999966,7197.912368149815,0.8472727272727273,0,1
297.6,308.6,1526,42.1,57,0,11.0,6727.678779760496,0.7258620689655173,1,0
297.4,308.4,1675,29.5,59,0,11.0,5174.464899850189,0.49166666666666664,0,1
297.4,308.4,1525,38.7,62,0,11.0,6180.298147774522,0.6142857142857143,1,0
297.3,308.3,1396,45.9,64,0,11.0,6710.064916949367,0.7061538461538461,1,0
297.4,308.4,1580,41.2,66,0,11.0,6816.837179269372,0.6149253731343284,1,0
297.4,308.5,1462,42.8,68,0,11.100000000000023,6552.692068955543,0.6202898550724637,1,0
297.4,308.4,1426,50.4,70,0,11.0,7526.2506883519945,0.7098591549295774,1,0
297.4,308.5,1569,34.2,72,0,11.100000000000023,5619.24111576992,0.4684931506849315,1,0
297.4,308.5,1477,40.7,74,0,11.100000000000023,6295.112887287715,0.5426666666666667,1,0
297.4,308.5,1761,27.2,76,0,11.100000000000023,5015.992494427607,0.35324675324675325,1,0
297.5,308.6,1486,45.9,78,0,11.100000000000023,7142.662225348681,0.5810126582278481,0,1
297.6,308.6,1664,30.1,81,0,11.0,5245.035542825328,0.3670731707317073,1,0
297.6,308.6,1576,32.7,83,0,11.0,5396.7535240426905,0.38928571428571435,1,0
297.6,308.6,1463,46.7,85,0,11.0,7154.673581260909,0.5430232558139535,0,0
297.6,308.6,1585,42.0,90,0,11.0,6971.19409831575,0.46153846153846156,0,1
297.7,308.7,1479,45.7,93,0,11.0,7078.039664464341,0.48617021276595745,1,0
297.7,308.7,1449,40.2,95,0,11.0,6099.904791769159,0.41875,1,0
297.7,308.8,1404,50.3,97,0,11.100000000000023,7395.4347702565165,0.5132653061224489,0,0
297.7,308.7,1694,29.1,102,0,11.0,5162.202216525677,0.2825242718446602,1,0
297.7,308.7,1731,28.4,104,0,11.0,5148.065049584521,0.2704761904761905,1,0
297.6,308.6,1522,37.0,106,0,11.0,5897.18828980852,0.34579439252336447,1,0
297.5,308.5,1536,36.9,108,0,11.0,5935.348168574124,0.3385321100917431,1,0
297.5,308.5,1373,39.9,110,0,11.0,5736.8309287937855,0.35945945945945945,1,0
297.5,308.5,1597,36.4,112,0,11.0,6087.443140909918,0.3221238938053097,1,0
297.6,308.5,1678,34.2,114,0,10.899999999999977,6009.615418904988,0.2973913043478261,1,0
297.6,308.5,1452,42.6,116,0,10.899999999999977,6477.461396877579,0.36410256410256414,1,0
297.5,308.5,1447,41.6,118,0,11.0,6303.626603378943,0.34957983193277314,0,1
297.6,308.5,1574,37.1,121,0,10.899999999999977,6115.1519881145805,0.3040983606557377,1,0
297.6,308.6,1528,40.0,123,0,11.0,6400.471432913605,0.3225806451612903,1,0
297.7,308.7,1688,27.2,125,0,11.0,4808.060948662011,0.21587301587301586,1,0
297.6,308.6,1393,40.4,127,0,11.0,5893.334602820118,0.315625,1,0
297.5,308.6,1429,50.5,129,0,11.100000000000023,7557.048768332688,0.38846153846153847,0,1
297.5,308.6,1347,57.0,132,0,11.100000000000023,8040.278078332359,0.42857142857142855,0,1
297.6,308.6,1553,40.5,135,0,11.0,6586.5060778836805,0.2977941176470588,1,0
297.5,308.6,1260,53.6,137,0,11.100000000000023,7072.3533817613425,0.3884057971014493,1,0
297.5,308.6,1546,33.8,139,0,11.100000000000023,5472.109859826796,0.2414285714285714,1,0
297.5,308.6,1596,36.0,141,0,11.100000000000023,6016.778250155172,0.2535211267605634,1,0
297.5,308.5,1340,57.4,143,0,11.0,8054.62468478375,0.3986111111111111,1,0
297.5,308.4,1369,54.8,145,0,10.899999999999977,7856.201692783019,0.3753424657534246,0,1
297.5,308.5,1462,52.3,148,0,11.0,8007.144747812497,0.35100671140939593,1,0
297.4,308.4,1487,46.2,150,0,11.0,7194.184344867555,0.30596026490066225,0,0
297.5,308.6,1510,35.5,155,0,11.100000000000023,5613.502473189362,0.22756410256410256,0,1
297.5,308.5,1671,28.0,158,0,11.0,4899.627902538641,0.1761006289308176,0,0
297.5,308.5,1612,30.0,163,0,11.0,5064.247357586746,0.18292682926829268,0,1
297.6,308.6,1509,39.7,166,0,11.0,6273.477785879994,0.2377245508982036,0,1
297.6,308.6,1415,47.3,169,0,11.0,7008.840850281268,0.278235294117647,1,0
297.6,308.6,2384,14.4,171,0,11.0,3594.987305355872,0.08372093023255814,1,0
297.6,308.6,1326,62.4,173,0,11.0,8664.763866012936,0.3586206896551724,1,0
297.6,308.6,1390,53.4,175,0,11.0,7772.928543511865,0.3034090909090909,0,1
297.6,308.7,1392,41.2,178,0,11.099999999999966,6005.719844014536,0.23016759776536314,0,1
297.6,308.8,1385,44.4,181,0,11.199999999999989,6439.636621328358,0.24395604395604395,0,0
297.7,308.8,1896,24.5,186,0,11.100000000000023,4864.442064818435,0.13101604278074866,1,0
297.7,308.7,1474,46.8,188,0,11.0,7223.903811370515,0.2476190476190476,1,0
297.7,308.8,1388,45.6,190,0,11.100000000000023,6628.006516837602,0.2387434554973822,0,1
297.7,308.9,1715,27.2,193,0,11.199999999999989,4884.967136821889,0.1402061855670103,1,0
297.8,308.9,1650,32.2,195,0,11.099999999999966,5563.760589507525,0.1642857142857143,0,0
297.8,308.9,1871,25.6,200,1,11.099999999999966,5015.824942819416,0.127363184079602,1,0
297.8,309.0,1403,64.2,0,1,11.199999999999989,9432.380614991067,64.2,1,0
297.8,308.9,1518,40.4,2,0,11.099999999999966,6422.169366174399,13.466666666666667,1,0
297.9,309.1,1504,43.0,4,0,11.200000000000045,6772.436003098637,8.6,1,0
297.8,309.0,1340,56.9,6,0,11.199999999999989,7984.462448853578,8.128571428571428,1,0
297.9,309.1,1435,44.7,8,0,11.200000000000045,6717.196332273017,4.966666666666667,0,0
297.9,309.1,1507,36.9,13,0,11.200000000000045,5823.287558620577,2.6357142857142857,1,0
297.9,309.1,1521,36.1,15,0,11.200000000000045,5749.96278608579,2.25625,1,0
297.8,309.0,1576,45.0,17,0,11.199999999999989,7426.725033086271,2.5,0,1
297.9,309.1,1543,36.6,20,0,11.200000000000045,5913.922506676642,1.7428571428571429,1,0
298.0,309.2,1665,36.6,22,0,11.199999999999989,6381.517157236947,1.591304347826087,1,0
297.9,309.1,1442,50.3,24,0,11.200000000000045,7595.596110192234,2.012,1,0
297.9,309.0,1629,29.0,26,0,11.100000000000023,4947.065951607847,1.0740740740740742,1,0
297.9,309.0,1379,47.3,28,0,11.100000000000023,6830.524051263512,1.6310344827586205,1,0
297.9,309.0,1502,40.2,30,0,11.100000000000023,6323.020702027105,1.2967741935483872,1,0
297.9,309.1,1595,32.0,32,0,11.200000000000045,5344.896301307435,0.9696969696969697,1,0
298.0,309.0,1439,38.5,34,0,11.0,5801.63151326183,1.1,0,1
297.9,309.0,1970,21.6,37,0,11.100000000000023,4456.035019851763,0.5684210526315789,0,1
297.9,309.0,1562,35.8,40,0,11.100000000000023,5855.886818389326,0.873170731707317,1,0
297.9,309.0,1530,40.9,42,0,11.100000000000023,6553.048116122949,0.9511627906976744,0,1
297.9,308.9,1393,40.6,45,0,11.0,5922.509526596455,0.8826086956521739,1,0
297.9,309.0,1532,37.6,47,0,11.100000000000023,6032.192998108786,0.7833333333333333,1,0
298.0,308.9,1607,37.7,49,0,10.899999999999977,6344.331172193956,0.754,1,0
297.9,308.8,1469,49.0,51,0,10.900000000000034,7537.83269326823,0.9423076923076923,0,1
297.9,308.8,1538,37.6,54,0,10.900000000000034,6055.817774863781,0.6836363636363637,0,1
297.9,308.8,1613,31.4,57,0,10.900000000000034,5303.8671012515515,0.5413793103448276,1,0
297.9,308.8,1602,32.1,59,0,10.900000000000034,5385.1296312244085,0.535,0,1
297.8,308.7,1404,44.2,62,0,10.899999999999977,6498.572899509703,0.7015873015873016,1,0
297.8,308.8,1548,36.9,64,0,11.0,5981.71807614111,0.5676923076923077,1,0
297.8,308.8,1559,35.2,66,0,11.0,5746.685057750546,0.5253731343283583,1,0
297.8,308.8,1621,36.1,68,0,11.0,6128.001102067763,0.5231884057971015,1,0
297.8,308.8,1579,32.9,70,0,11.0,5440.097030686717,0.46338028169014084,1,0
297.9,308.9,1547,44.0,72,0,11.0,7128.064291485001,0.6027397260273972,0,1
297.9,308.8,1386,48.6,75,0,10.900000000000034,7053.880816958234,0.6394736842105263,1,0
298.0,308.9,1406,40.9,77,0,10.899999999999977,6021.951406058082,0.5243589743589744,1,0
298.0,309.0,1393,55.9,79,0,11.0,8154.3911954862515,0.69875,0,1
297.9,309.0,2456,13.9,82,0,11.100000000000023,3574.9648881769936,0.1674698795180723,0,1
298.0,309.0,1409,49.1,85,0,11.0,7244.71162671279,0.5709302325581396,0,1
298.0,308.9,1390,53.9,88,0,10.899999999999977,7845.70877332003,0.6056179775280899,1,0
298.0,309.0,1679,32.4,90,0,11.0,5696.712790607443,0.35604395604395606,1,0
298.0,308.9,1508,37.1,92,0,10.899999999999977,5858.735195728581,0.3989247311827957,1,0
297.9,308.8,1681,31.7,94,0,10.900000000000034,5580.274894889893,0.3336842105263158,1,0
297.7,308.8,1469,43.7,96,0,11.100000000000023,6722.516095833095,0.4505154639175258,0,0
297.8,308.8,1421,49.6,101,0,11.0,7380.815892441812,0.48627450980392156,1,0
297.7,308.8,1354,50.2,103,0,11.100000000000023,7117.885531287371,0.4826923076923077,1,0
297.7,308.8,1350,57.0,105,0,11.100000000000023,8058.185156457819,0.5377358490566038,0,1
297.8,308.9,1282,58.1,108,0,11.099999999999966,7799.967184283763,0.5330275229357798,1,0
297.8,309.0,1675,30.0,110,0,11.199999999999989,5262.167694762904,0.2702702702702703,0,1
297.9,309.0,1525,38.5,113,0,11.100000000000023,6148.358622463024,0.33771929824561403,0,1
297.9,309.0,1382,43.9,116,0,11.100000000000023,6353.326599158734,0.3752136752136752,1,0
297.9,309.0,1450,46.8,118,0,11.100000000000023,7106.282582420112,0.39327731092436974,1,0
298.0,309.1,1820,23.6,120,0,11.100000000000023,4497.922921899627,0.1950413223140496,1,0
298.0,309.1,1822,23.5,122,0,11.100000000000023,4483.785754958472,0.1910569105691057,1,0
298.0,309.1,1473,44.3,124,0,11.100000000000023,6833.372428602766,0.3544,1,0
298.1,309.1,1572,37.5,126,0,11.0,6173.229564303943,0.2952755905511811,0,1
298.1,309.0,2042,17.8,129,0,10.899999999999977,3806.3117711873456,0.13692307692307693,0,1
298.2,309.2,1922,22.6,132,0,11.0,4548.732947083686,0.1699248120300752,1,0
298.2,309.1,1539,36.5,134,0,10.900000000000034,5882.475164214209,0.27037037037037037,1,0
298.2,309.1,1350,52.0,136,0,10.900000000000034,7351.326809400116,0.3795620437956204,1,0
298.3,309.1,1403,45.1,138,0,10.800000000000011,6626.173921123008,0.32446043165467625,1,0
298.3,309.1,1904,20.3,140,0,10.800000000000011,4047.5441990809936,0.14397163120567377,1,0
298.2,308.9,1592,35.2,142,0,10.699999999999989,5868.327525297543,0.24615384615384617,0,1
298.1,308.7,1556,31.6,145,0,10.599999999999966,5149.028471331623,0.21643835616438356,1,0
298.1,308.8,1811,25.4,147,0,10.699999999999989,4817.0459036512775,0.17162162162162162,0,1
298.2,308.8,1456,41.2,150,0,10.600000000000023,6281.844894314056,0.2728476821192053,0,1
298.2,308.8,1436,51.9,153,0,10.600000000000023,7804.595797460051,0.337012987012987,0,0
298.1,308.7,1362,49.6,158,0,10.599999999999966,7074.364001059639,0.3119496855345912,0,1
298.1,308.7,1683,29.1,161,0,10.599999999999966,5128.681422911874,0.17962962962962964,1,0
298.2,308.7,1269,60.9,163,0,10.5,8092.962587133058,0.37134146341463414,0,1
298.3,308.8,1454,49.0,166,0,10.5,7460.86367325528,0.2934131736526946,1,0
298.3,308.8,1767,27.3,168,0,10.5,5051.58673919278,0.16153846153846155,1,0
298.3,308.9,1708,27.3,170,0,10.599999999999966,4882.914629621544,0.15964912280701754,1,0
298.3,308.9,1862,27.0,172,0,10.599999999999966,5264.680968885776,0.15606936416184972,1,0
298.3,308.9,1695,30.7,174,0,10.599999999999966,5449.249537284175,0.17542857142857143,1,0
298.3,309.1,1488,40.6,176,0,10.800000000000011,6326.413622092982,0.22937853107344633,0,1
298.3,309.0,1657,32.2,179,0,10.699999999999989,5587.364422311495,0.1788888888888889,1,0
298.3,309.0,1823,25.9,181,0,10.699999999999989,4944.41654180332,0.1423076923076923,0,0
298.2,309.1,1651,28.8,186,0,10.900000000000034,4979.298692233679,0.15401069518716579,0,1
298.1,309.0,1533,36.1,189,0,10.899999999999977,5795.327384003627,0.19,0,1
298.2,309.0,1508,40.5,192,0,10.800000000000011,6395.6543241781,0.20984455958549222,0,1
298.3,309.1,1616,31.1,195,0,10.800000000000011,5262.963564901813,0.15867346938775512,1,0
298.2,309.0,1651,31.5,197,0,10.800000000000011,5446.107944630586,0.1590909090909091,1,0
298.2,309.1,1569,35.2,199,0,10.900000000000034,5783.5464115526665,0.17600000000000002,1,0
298.3,309.1,1296,58.7,201,0,10.800000000000011,7966.576314679141,0.29059405940594063,0,1
298.3,309.0,1379,43.2,0,0,10.699999999999989,6238.449027792468,43.2,0,0
298.2,309.0,1694,28.0,5,0,10.800000000000011,4967.067424835703,4.666666666666667,0,1
298.2,309.0,1377,57.8,8,0,10.800000000000011,8334.708141826794,6.422222222222222,1,0
298.3,309.0,1470,38.4,10,0,10.699999999999989,5911.2207369945545,3.4909090909090907,0,0
298.3,309.1,1404,47.0,15,0,10.800000000000011,6910.247200836109,2.9375,0,1
298.3,309.1,1593,40.1,18,0,10.800000000000011,6689.424653215282,2.110526315789474,1,0
298.3,309.0,1526,36.9,20,0,10.699999999999989,5896.706578934971,1.7571428571428571,0,1
298.3,308.9,1390,49.7,23,0,10.599999999999966,7234.354842931456,2.0708333333333333,0,1
298.2,308.9,1737,25.5,26,0,10.699999999999989,4638.404473392649,0.9444444444444444,1,0
298.2,308.8,1362,57.3,28,0,10.600000000000023,8172.601960901558,1.975862068965517,1,0
298.2,308.8,1666,31.5,30,0,10.600000000000023,5495.588028924626,1.0161290322580645,1,0
298.2,308.8,1354,60.9,32,0,10.600000000000023,8635.044399509978,1.8454545454545455,1,0
298.2,308.8,1302,60.4,34,0,10.600000000000023,8235.24531841414,1.7257142857142858,1,0
298.2,308.7,1991,20.5,36,0,10.5,4274.189165086474,0.5540540540540541,1,0
298.2,308.6,1353,54.1,38,0,10.400000000000034,7665.203331420272,1.3871794871794871,1,0
298.2,308.7,1520,35.7,40,0,10.5,5682.512791813219,0.8707317073170733,0,0
298.2,308.7,1428,54.9,45,0,10.5,8209.73558606699,1.193478260869565,1,0
298.2,308.7,1605,29.4,47,0,10.5,4941.411084831385,0.6124999999999999,1,0
298.1,308.7,1691,30.3,49,0,10.599999999999966,5365.557508992544,0.606,1,0
298.2,308.7,1447,48.4,51,0,10.5,7334.027105854348,0.9307692307692308,1,0
298.2,308.8,1606,39.9,53,0,10.600000000000023,6710.379076214726,0.7388888888888888,0,0
298.2,308.8,1645,28.2,58,0,10.600000000000023,4857.8447202458965,0.47796610169491527,0,1
298.2,308.8,1470,43.3,61,0,10.600000000000023,6665.517133121463,0.6983870967741935,0,0
298.2,308.9,1336,45.0,66,0,10.699999999999989,6295.751677793946,0.6716417910447762,1,0
298.2,308.9,1414,44.3,68,0,10.699999999999989,6559.666404646511,0.6420289855072463,0,1
298.3,309.0,1802,27.5,71,0,10.699999999999989,5189.38746495474,0.3819444444444444,0,1
298.2,308.9,1683,31.7,74,0,10.699999999999989,5586.914127364481,0.42266666666666663,1,0
298.2,309.0,1410,47.6,76,0,10.800000000000011,7028.371084611086,0.6181818181818182,0,1
298.2,308.9,1605,32.0,79,0,10.699999999999989,5378.406622945726,0.4,1,0
298.2,308.9,1709,28.1,81,0,10.699999999999989,5028.946328135909,0.3426829268292683,1,0
298.2,308.9,1444,53.1,83,0,10.699999999999989,8029.533831457079,0.6321428571428571,1,0
298.2,308.9,1367,45.0,85,0,10.699999999999989,6441.835736185871,0.5232558139534884,1,0
298.2,309.0,1418,44.2,87,0,10.800000000000011,6563.373483977749,0.5022727272727273,1,0
298.2,309.0,1353,57.8,89,0,10.800000000000011,8189.4408975248,0.6422222222222221,1,0
298.2,309.0,1643,34.1,91,0,10.800000000000011,5867.060416260594,0.3706521739130435,1,0
298.3,309.1,1437,38.0,93,0,10.800000000000011,5718.326948064142,0.40425531914893614,1,0
298.1,309.0,1437,36.2,95,0,10.899999999999977,5447.45882947163,0.3770833333333334,1,0
298.2,309.0,1413,47.9,97,0,10.800000000000011,7087.715769837396,0.4887755102040816,0,1
298.2,309.0,1524,39.1,100,0,10.800000000000011,6240.082655972335,0.38712871287128714,0,0
298.1,308.9,1479,43.4,105,0,10.799999999999955,6721.814473473793,0.4094339622641509,0,1
298.1,308.9,1313,50.6,108,0,10.799999999999955,6957.350146688932,0.46422018348623856,1,0
298.1,308.9,1335,50.4,110,0,10.799999999999955,7045.964003471188,0.454054054054054,0,1
298.1,308.9,1367,41.9,113,0,10.799999999999955,5998.064829915288,0.3675438596491228,1,0
298.1,308.9,1459,50.3,115,0,10.799999999999955,7685.141972795055,0.43362068965517236,0,1
298.1,308.9,1804,25.1,118,0,10.799999999999955,4741.752399720243,0.21092436974789916,0,1
298.2,309.0,1491,38.3,121,0,10.800000000000011,5980.053032034706,0.3139344262295082,1,0
298.3,309.1,1537,43.0,123,0,10.800000000000011,6921.033335613434,0.3467741935483871,1,0
298.3,309.1,1646,30.2,125,0,10.800000000000011,5205.535251194192,0.23968253968253966,0,0
298.3,309.2,1783,28.3,130,0,10.899999999999977,5284.0436516074005,0.21603053435114505,0,1
298.3,309.1,1395,49.8,133,0,10.800000000000011,7274.986107917883,0.37164179104477607,1,0
298.4,309.1,1423,48.0,135,0,10.700000000000045,7152.778153693242,0.35294117647058826,1,0
298.3,309.2,1562,37.6,137,0,10.899999999999977,6150.316881883763,0.27246376811594203,1,0
298.4,309.3,1549,40.8,139,0,10.900000000000034,6618.204747758401,0.2914285714285714,1,0
298.4,309.4,1540,43.2,141,0,11.0,6966.795868600726,0.3042253521126761,1,0
298.5,309.4,1573,33.6,143,0,10.899999999999977,5534.732273388355,0.23333333333333334,0,0
298.5,309.4,1418,45.1,148,0,10.899999999999977,6697.016835461459,0.30268456375838926,1,0
298.5,309.4,1565,33.7,150,0,10.899999999999977,5522.972244888416,0.22317880794701989,0,1
298.5,309.5,1569,41.0,153,0,11.0,6736.517127092594,0.2662337662337662,1,0
298.5,309.4,1417,41.2,155,0,10.899999999999977,6113.581191787785,0.2641025641025641,0,0
298.5,309.5,1480,38.1,160,0,11.0,5904.937551687375,0.23664596273291927,1,0
298.5,309.4,1364,44.5,162,0,10.899999999999977,6356.279696253108,0.27300613496932513,1,0
298.5,309.4,1911,21.5,164,0,10.899999999999977,4302.568218723902,0.1303030303030303,1,0
298.4,309.3,1409,43.1,166,0,10.900000000000034,6359.410816931187,0.25808383233532933,1,0
298.4,309.2,1335,53.5,168,0,10.800000000000011,7479.3467100339,0.3165680473372781,1,0
298.5,309.3,1512,38.1,170,0,10.800000000000011,6032.611877129265,0.22280701754385965,0,1
298.6,309.4,1447,40.2,173,0,10.799999999999955,6091.485323457537,0.2310344827586207,1,0
298.6,309.3,1537,37.6,175,0,10.699999999999989,6051.880312071283,0.21363636363636365,1,0
298.6,309.3,1510,40.8,177,0,10.699999999999989,6451.574673411998,0.2292134831460674,0,1
298.6,309.3,1677,31.2,180,0,10.699999999999989,5479.188915272886,0.1723756906077348,1,0
298.5,309.2,1504,33.7,182,0,10.699999999999989,5307.699844288933,0.18415300546448088,1,0
298.5,309.1,2051,19.0,184,0,10.600000000000023,4080.824137258022,0.10270270270270271,0,0
298.5,309.1,1474,41.3,189,0,10.600000000000023,6374.940756615432,0.21736842105263157,1,0
298.4,309.0,1507,36.1,191,0,10.600000000000023,5697.037421848316,0.18802083333333333,0,1
298.4,308.9,1496,37.9,194,0,10.5,5937.442563676517,0.19435897435897434,1,0
298.5,309.0,1921,22.0,196,0,10.5,4425.6662908670605,0.1116751269035533,0,1
298.5,309.0,1450,40.5,199,0,10.5,6149.66761940202,0.2025,1,0
298.4,308.9,1402,44.8,201,0,10.5,6577.405931163782,0.22178217821782176,1,0
298.4,308.9,1501,50.0,203,0,10.5,7859.217621730467,0.24509803921568626,1,0
298.5,308.9,1725,31.9,205,0,10.399999999999977,5762.466324847077,0.15485436893203883,1,0
298.5,308.9,1500,40.3,207,0,10.399999999999977,6330.309196983433,0.19374999999999998,0,0
298.5,309.0,1531,30.8,212,0,10.5,4938.039108716533,0.14460093896713616,0,0
298.5,309.0,1458,44.8,217,0,10.5,6840.126852807984,0.2055045871559633,1,0
298.4,308.9,1577,37.1,0,0,10.5,6126.807296859399,37.1,0,0
298.3,308.9,1363,46.1,5,0,10.599999999999966,6579.992509115238,7.683333333333334,0,1
298.3,308.9,1706,31.8,8,0,10.599999999999966,5681.130491045638,3.533333333333333,0,0
298.3,308.8,1391,50.4,13,0,10.5,7341.525040320917,3.6,0,1
298.2,308.8,1616,33.7,16,0,10.600000000000023,5702.954088012575,1.9823529411764707,1,0
298.2,308.8,1442,47.0,18,0,10.600000000000023,7097.276683479821,2.473684210526316,1,0
298.2,308.8,1626,40.4,20,0,10.600000000000023,6879.082601712498,1.9238095238095236,0,1
298.2,308.7,1426,42.6,23,0,10.5,6361.473796107044,1.7750000000000001,0,1
298.2,308.7,1436,49.1,26,0,10.5,7383.538606074923,1.8185185185185186,1,0
298.2,308.7,1599,36.2,28,0,10.5,6061.5773613953625,1.2482758620689656,0,1
298.2,308.7,2186,17.8,31,0,10.5,4074.729447510058,0.55625,1,0
298.3,308.8,1645,30.4,33,0,10.5,5236.825514023945,0.8941176470588235,1,0
298.2,308.7,1780,27.9,35,0,10.5,5200.592478752544,0.7749999999999999,1,0
298.2,308.8,1345,44.3,37,0,10.600000000000023,6239.569529172247,1.1657894736842105,1,0
298.2,308.8,1607,31.9,39,0,10.600000000000023,5368.2802226256545,0.7975,0,1
298.3,308.9,1708,28.0,42,0,10.599999999999966,5008.117568842609,0.6511627906976745,1,0
298.3,308.9,1270,52.7,44,0,10.599999999999966,7008.788490403708,1.1711111111111112,1,0
298.3,308.9,1646,25.4,46,0,10.599999999999966,4378.165409944783,0.5404255319148936,0,1
298.2,308.7,1407,45.1,49,0,10.5,6645.065364946595,0.902,1,0
298.1,308.7,1581,47.4,51,0,10.599999999999966,7847.635616814232,0.9115384615384615,0,1
298.0,308.6,1532,42.6,54,0,10.600000000000023,6834.346322325379,0.7745454545454545,1,0
298.0,308.6,1610,33.1,56,0,10.600000000000023,5580.620470081789,0.5807017543859649,1,0
298.0,308.5,1682,33.0,58,0,10.5,5812.574727671836,0.559322033898305,0,1
297.9,308.5,1519,34.3,61,0,10.600000000000023,5456.077265317977,0.5532258064516129,1,0
297.9,308.5,1683,28.5,63,0,10.600000000000023,5022.935414192041,0.4453125,1,0
298.0,308.6,1254,55.8,65,0,10.600000000000023,7327.576368938977,0.8454545454545455,0,1
298.0,308.5,1461,48.0,68,0,10.5,7343.786987031501,0.6956521739130435,1,0
297.9,308.5,1472,45.1,70,0,10.600000000000023,6952.0513270798765,0.6352112676056338,1,0
297.7,308.4,1510,38.6,72,0,10.699999999999989,6103.695646904489,0.5287671232876713,1,0
297.7,308.3,1547,36.8,74,0,10.600000000000023,5961.653771060182,0.49066666666666664,0,1
297.7,308.4,1418,51.9,77,0,10.699999999999989,7706.766602227266,0.6653846153846154,0,0
297.7,308.4,1289,51.3,82,0,10.699999999999989,6924.667111116085,0.6180722891566265,1,0
297.7,308.4,1487,41.4,84,0,10.699999999999989,6446.736620725471,0.48705882352941177,1,0
297.7,308.5,1453,45.5,86,0,10.800000000000011,6923.180090593387,0.5229885057471264,1,0
297.8,308.5,1466,44.7,88,0,10.699999999999989,6862.3064969423285,0.5022471910112359,0,1
297.7,308.4,1288,49.5,91,0,10.699999999999989,6676.512707409028,0.5380434782608695,0,0
297.7,308.4,1738,27.7,96,0,10.699999999999989,5041.481282823733,0.28556701030927834,0,0
297.7,308.3,1488,41.0,101,0,10.600000000000023,6388.742820340203,0.4019607843137255,0,0
297.6,308.3,1816,28.8,106,0,10.699999999999989,5476.926968562302,0.2691588785046729,1,0
297.5,308.2,1419,48.5,108,0,10.699999999999989,7206.970626967665,0.44495412844036697,1,0
297.4,308.1,1435,45.7,110,0,10.700000000000045,6867.469180869729,0.4117117117117117,1,0
297.5,308.1,1480,42.4,112,0,10.600000000000023,6571.374073268889,0.3752212389380531,0,1
297.5,308.2,1610,33.6,115,0,10.699999999999989,5664.9198729531145,0.2896551724137931,1,0
297.5,308.1,1548,38.2,117,0,10.600000000000023,6192.456111343914,0.32372881355932204,0,0
297.6,308.1,1379,57.4,122,0,10.5,8289.050328594622,0.4666666666666667,0,1
297.5,308.1,1907,23.5,125,0,10.600000000000023,4692.963465809993,0.1865079365079365,0,1
297.5,308.0,2033,16.7,128,0,10.5,3555.3508780430807,0.12945736434108526,0,1
297.4,307.9,1390,52.0,131,0,10.5,7569.143900049008,0.3939393939393939,0,0
297.5,307.9,1544,37.9,136,0,10.399999999999977,6127.948742190202,0.27664233576642333,0,1
297.6,308.0,1258,57.4,139,0,10.399999999999977,7561.729741386536,0.41,1,0
297.5,308.0,1560,39.0,141,0,10.5,6371.1499014801,0.2746478873239437,0,1
297.6,308.2,2071,18.5,144,0,10.599999999999966,4012.180337777085,0.12758620689655173,0,0
297.6,308.1,1437,46.3,149,0,10.5,6967.3299393518355,0.30866666666666664,1,0
297.7,308.2,1489,43.0,151,0,10.5,6704.891761046456,0.28289473684210525,0,0
297.7,308.2,1334,53.0,156,0,10.5,7403.896126470185,0.3375796178343949,1,0
297.7,308.2,1500,39.9,158,0,10.5,6267.477343911637,0.2509433962264151,1,0
297.8,308.3,1498,47.3,160,0,10.5,7419.960136905541,0.2937888198757764,1,0
297.7,308.2,1370,53.4,162,0,10.5,7661.087845044069,0.3276073619631902,0,1
297.7,308.2,1526,40.1,165,0,10.5,6408.074087135294,0.24156626506024098,0,0
297.8,308.3,1477,44.8,170,0,10.5,6929.264308365838,0.2619883040935672,1,0
297.7,308.2,1446,43.9,172,0,10.5,6647.54722314293,0.253757225433526,1,0
297.7,308.2,1720,25.6,174,0,10.5,4611.020257428859,0.1462857142857143,0,1
297.7,308.1,1734,30.7,177,0,10.400000000000034,5574.630500088944,0.17247191011235954,1,0
297.7,308.1,1697,29.1,179,0,10.400000000000034,5171.344251147623,0.16166666666666668,1,0
297.7,308.2,2007,19.3,181,0,10.5,4056.3301865355334,0.10604395604395604,1,0
297.7,308.1,1469,48.8,183,0,10.400000000000034,7507.066029214074,0.2652173913043478,0,1
297.7,308.1,2189,15.6,186,0,10.400000000000034,3576.0120857281895,0.08342245989304813,0,1
297.8,308.3,1435,50.1,189,0,10.5,7528.66971469526,0.2636842105263158,1,0
297.9,308.4,1637,34.5,191,0,10.5,5914.205250015465,0.1796875,0,0
298.0,308.5,1664,28.3,196,0,10.5,4931.378932290922,0.14365482233502538,1,0
298.0,308.5,1666,31.0,198,0,10.5,5408.356472909949,0.15577889447236182,0,1
298.0,308.5,1404,46.6,201,0,10.5,6851.436586360908,0.2306930693069307,1,0
298.0,308.5,1702,26.7,203,0,10.5,4758.821719804747,0.13088235294117648,1,0
298.1,308.6,1439,44.9,205,0,10.5,6766.058570011848,0.21796116504854368,1,0
298.1,308.6,1354,53.9,207,1,10.5,7642.510560485842,0.25913461538461535,1,0
298.2,308.7,1361,44.2,0,0,10.5,6299.542532929278,44.2,0,1
298.1,308.5,1463,45.9,3,0,10.399999999999977,7032.109579868858,11.475,0,1
298.1,308.4,1515,43.8,6,0,10.299999999999955,6948.888790475263,6.257142857142857,0,0
298.0,308.4,1432,46.2,11,0,10.399999999999977,6928.091447108499,3.85,1,0
298.0,308.4,1911,22.0,13,0,10.399999999999977,4402.627944740736,1.5714285714285714,1,0
298.0,308.4,1472,42.0,15,0,10.399999999999977,6474.194140517845,2.625,1,0
298.1,308.5,1382,54.5,17,0,10.399999999999977,7887.387235857654,3.0277777777777777,0,1
298.1,308.5,1665,29.6,20,0,10.399999999999977,5161.0084113173125,1.4095238095238096,1,0
298.1,308.5,1676,30.5,22,0,10.399999999999977,5353.064442206768,1.326086956521739,1,0
298.0,308.5,1585,33.0,24,0,10.5,5477.366791533804,1.32,0,1
298.1,308.6,1415,46.3,27,0,10.5,6860.66239678695,1.6535714285714285,0,1
298.1,308.7,1341,55.7,30,0,10.599999999999966,7821.9059729813325,1.7967741935483872,1,0
298.2,308.8,1540,34.8,32,0,10.600000000000023,5612.141116372806,1.0545454545454545,1,0
298.2,308.8,1837,28.4,34,0,10.600000000000023,5463.313400396746,0.8114285714285714,0,0
298.2,308.8,1498,36.0,39,0,10.600000000000023,5647.326954093012,0.9,1,0
298.1,308.7,1671,28.8,41,0,10.599999999999966,5039.617271182603,0.6857142857142857,1,0
298.0,308.6,1430,57.0,43,0,10.600000000000023,8535.707239803469,1.2954545454545454,1,0
298.0,308.7,1619,40.1,45,0,10.699999999999989,6798.60546990304,0.8717391304347827,1,0
298.0,308.7,1430,51.9,47,0,10.699999999999989,7771.986065715791,1.08125,0,1
298.0,308.6,1626,33.3,50,0,10.600000000000023,5670.134916758074,0.6529411764705881,1,0
298.0,308.7,1443,49.3,52,0,10.699999999999989,7449.752907237084,0.9301886792452829,1,0
298.0,308.6,1481,42.5,54,0,10.600000000000023,6591.323186619185,0.7727272727272727,1,0
298.1,308.7,1527,43.0,56,0,10.599999999999966,6876.00384091198,0.7543859649122807,0,1
298.1,308.7,1315,56.8,59,0,10.599999999999966,7821.727949397627,0.9466666666666667,0,1
298.1,308.8,1433,48.2,62,0,10.699999999999989,7233.056317967972,0.7650793650793651,0,1
298.1,308.8,1378,53.5,65,0,10.699999999999989,7720.254506686677,0.8106060606060606,0,1
298.1,308.8,1432,43.4,68,0,10.699999999999989,6508.20711698071,0.6289855072463768,1,0
298.1,308.8,1394,47.9,70,0,10.699999999999989,6992.410320702994,0.6746478873239437,0,1
298.0,308.8,1411,53.8,73,0,10.800000000000011,7949.465106692588,0.727027027027027,0,0
298.1,308.9,2136,15.9,78,0,10.799999999999955,3556.5342112759326,0.20126582278481014,1,0
298.2,309.0,1446,45.8,80,0,10.800000000000011,6935.254278358683,0.5654320987654321,0,1
298.1,308.9,1388,53.5,83,0,10.799999999999955,7776.279575675695,0.6369047619047619,0,0
298.1,308.9,1323,51.7,88,0,10.799999999999955,7162.7370024051215,0.5808988764044944,0,1
298.2,309.0,1780,29.3,91,0,10.800000000000011,5461.554108510736,0.3184782608695652,1,0
298.1,308.8,1434,41.8,93,0,10.699999999999989,6277.02778557855,0.44468085106382976,0,1
298.0,308.7,1494,42.6,96,0,10.699999999999989,6664.825982737675,0.43917525773195876,0,1
298.0,308.7,1536,39.6,99,0,10.699999999999989,6369.641937006378,0.396,0,0
298.0,308.7,1392,53.4,104,0,10.699999999999989,7784.112613358646,0.5085714285714286,0,1
298.2,309.0,1360,56.8,107,0,10.800000000000011,8089.391643483478,0.5259259259259259,0,0
298.4,309.2,1583,35.4,112,0,10.800000000000011,5868.306581346518,0.31327433628318585,1,0
298.5,309.2,1983,20.2,114,0,10.699999999999989,4194.717342926164,0.17565217391304347,1,0
298.5,309.3,1630,33.3,116,0,10.800000000000011,5684.083588140013,0.2846153846153846,1,0
298.5,309.3,1692,26.7,118,0,10.800000000000011,4730.861545187797,0.22436974789915967,0,1
298.4,309.1,1417,40.6,121,0,10.700000000000045,6024.548455985051,0.33278688524590166,1,0
298.4,309.1,1579,36.1,123,0,10.700000000000045,5969.225009355334,0.2911290322580645,1,0
298.4,309.2,1399,45.2,125,0,10.800000000000011,6621.932771040663,0.35873015873015873,0,1
298.4,309.2,1414,46.4,128,0,10.800000000000011,6870.621245498829,0.35968992248062015,0,1
298.5,309.3,1570,40.1,131,0,10.800000000000011,6592.8416230684215,0.3037878787878788,1,0
298.5,309.3,1552,36.8,133,0,10.800000000000011,5980.922206002199,0.2746268656716418,0,1
298.6,309.4,1440,48.2,136,0,10.799999999999955,7268.388763345346,0.3518248175182482,1,0
298.6,309.4,1460,43.8,138,0,10.799999999999955,6696.6189003920035,0.3151079136690647,0,1
298.6,309.4,1471,48.0,141,0,10.799999999999955,7394.052469488937,0.3380281690140845,1,0
298.6,309.3,1702,27.6,143,0,10.699999999999989,4919.231440697043,0.19166666666666668,1,0
298.6,309.4,1375,55.4,145,0,10.799999999999955,7977.027346240082,0.37945205479452054,1,0
298.6,309.4,1698,33.2,147,0,10.799999999999955,5903.429587213652,0.22432432432432434,1,0
298.6,309.4,1439,47.1,149,0,10.799999999999955,7097.580370769668,0.314,0,0
298.6,309.4,1774,27.5,154,0,10.799999999999955,5108.753253512603,0.1774193548387097,0,1
298.7,309.4,1375,48.3,157,0,10.699999999999989,6954.700736884403,0.30569620253164553,0,1
298.7,309.5,1446,40.0,160,0,10.800000000000011,6056.9906361211215,0.2484472049689441,1,0
298.7,309.6,1455,46.8,162,0,10.900000000000034,7130.787005118112,0.2871165644171779,0,1
298.8,309.6,1523,41.9,165,0,10.800000000000011,6682.555037279432,0.2524096385542169,1,0
298.8,309.6,1692,31.9,167,0,10.800000000000011,5652.227838632612,0.18988095238095237,0,1
298.8,309.6,1693,33.3,170,0,10.800000000000011,5903.775162405546,0.19473684210526315,0,1
298.8,309.6,1890,24.0,173,0,10.800000000000011,4750.0880922277665,0.13793103448275862,1,0
298.9,309.6,1600,33.5,175,0,10.700000000000045,5612.978874413764,0.1903409090909091,0,0
298.9,309.6,1434,43.8,180,0,10.700000000000045,6577.364043261734,0.24198895027624306,0,1
298.9,309.6,1365,50.9,183,0,10.700000000000045,7275.771506081281,0.2766304347826087,1,0
298.8,309.6,1309,57.4,185,0,10.800000000000011,7868.286352523828,0.3086021505376344,0,0
298.9,309.6,1546,35.3,190,0,10.700000000000045,5714.954971949287,0.18481675392670155,0,0
298.9,309.6,1663,33.7,195,0,10.700000000000045,5868.819708146605,0.1719387755102041,1,0
298.9,309.6,1589,34.2,197,0,10.700000000000045,5690.869428271768,0.17272727272727273,1,0
298.9,309.6,1472,46.0,199,0,10.700000000000045,7090.784058662402,0.23,0,1
298.9,309.6,1583,39.8,202,0,10.700000000000045,6597.700619705973,0.1960591133004926,1,0
298.9,309.6,1567,34.5,204,0,10.700000000000045,5661.3070414014865,0.16829268292682928,0,1
298.9,309.7,1407,41.9,207,0,10.800000000000011,6173.575139495838,0.2014423076923077,1,0
299.0,309.7,1418,44.7,209,0,10.699999999999989,6637.619790357588,0.21285714285714288,0,1
299.0,309.7,1489,40.7,212,0,10.699999999999989,6346.258015688157,0.19107981220657277,0,1
299.1,309.9,1586,36.6,215,0,10.799999999999955,6078.730457283963,0.16944444444444445,1,0
299.1,309.8,1398,55.4,217,1,10.699999999999989,8110.461258213553,0.25412844036697246,1,0
299.2,309.9,1516,41.4,219,0,10.699999999999989,6572.463158722134,0.18818181818181817,1,0
299.3,310.0,1373,44.8,221,0,10.699999999999989,6441.35402531232,0.2018018018018018,0,0
299.2,310.0,1349,50.4,226,0,10.800000000000011,7119.854262683619,0.22202643171806166,0,1
299.1,309.9,1443,40.3,0,0,10.799999999999955,6089.757447498063,40.3,0,0
299.2,310.1,1542,36.1,5,0,10.900000000000034,5829.350832442005,6.016666666666667,0,0
299.2,310.1,1534,37.7,10,0,10.900000000000034,6056.13193412914,3.4272727272727277,1,0
299.2,310.2,1697,30.6,12,0,11.0,5437.908387804718,2.353846153846154,1,0
299.3,310.3,1396,47.4,14,0,11.0,6929.348084169935,3.1599999999999997,1,0
299.3,310.2,1495,49.2,16,0,10.899999999999977,7702.556868071455,2.894117647058824,1,0
299.2,310.3,1551,44.8,18,0,11.100000000000023,7276.431240538535,2.357894736842105,0,1
299.2,310.3,1440,47.0,21,0,11.100000000000023,7087.433026498573,2.1363636363636362,1,0
299.2,310.3,1429,40.1,23,0,11.100000000000023,6000.745655646352,1.6708333333333334,1,0
299.3,310.4,1548,41.6,25,0,11.099999999999966,6743.617126489707,1.6,0,0
299.3,310.5,1505,38.8,30,0,11.199999999999989,6115.005380457412,1.2516129032258063,1,0
299.2,310.4,1611,36.4,32,0,11.199999999999989,6140.8083281188965,1.103030303030303,1,0
299.2,310.4,1502,39.8,34,0,11.199999999999989,6260.105073151212,1.137142857142857,0,1
299.2,310.4,1504,43.3,37,0,11.199999999999989,6819.685556608627,1.1394736842105262,0,1
299.1,310.3,1449,40.7,40,0,11.199999999999989,6175.774254353352,0.9926829268292684,1,0
299.0,310.2,1575,37.8,42,0,11.199999999999989,6234.490621048944,0.8790697674418604,1,0
299.0,310.2,1598,33.4,44,0,11.199999999999989,5589.228433952624,0.7422222222222222,0,1
299.0,310.1,1416,45.9,47,0,11.100000000000023,6806.197652149215,0.9562499999999999,1,0
299.0,310.2,1682,28.8,49,0,11.199999999999989,5072.792489604511,0.5760000000000001,1,0
298.9,310.1,1341,54.5,51,0,11.200000000000045,7653.390943042775,1.0480769230769231,1,0
298.9,310.1,1523,39.1,53,0,11.200000000000045,6235.988113547156,0.7240740740740741,1,0
299.0,310.1,1580,41.9,55,0,11.100000000000023,6932.657228431716,0.7482142857142857,1,0
299.0,310.1,1531,36.0,57,0,11.100000000000023,5771.734023175169,0.6206896551724138,1,0
299.0,310.1,1375,48.9,59,0,11.100000000000023,7041.094534858123,0.815,1,0
298.9,310.1,1484,40.4,61,0,11.200000000000045,6278.326310542034,0.6516129032258065,0,1
299.0,310.2,1657,32.3,64,0,11.199999999999989,5604.716485734822,0.49692307692307686,0,1
299.0,310.2,1494,40.6,67,0,11.199999999999989,6351.923354440131,0.5970588235294118,1,0
299.0,310.3,1658,27.6,69,0,11.300000000000011,4792.059770079727,0.3942857142857143,0,0
299.1,310.3,1411,42.1,74,0,11.199999999999989,6220.678085348662,0.5613333333333334,1,0
299.2,310.4,1395,55.4,76,0,11.199999999999989,8093.056834912665,0.7194805194805195,0,1
299.1,310.4,1550,43.9,79,0,11.299999999999955,7125.655737117249,0.54875,1,0
299.1,310.3,1233,59.0,81,0,11.199999999999989,7618.04802568989,0.7195121951219512,0,1
299.1,310.3,1459,46.7,84,0,11.199999999999989,7135.111931004554,0.5494117647058824,1,0
299.1,310.4,1405,53.6,86,0,11.299999999999955,7886.235318551339,0.6160919540229886,0,0
299.2,310.5,1458,44.1,91,0,11.300000000000011,6733.24987073286,0.47934782608695653,1,0
299.2,310.5,1384,48.7,93,0,11.300000000000011,7058.195270869164,0.5180851063829788,1,0
299.2,310.5,1705,29.5,95,0,11.300000000000011,5267.1418831310875,0.3072916666666667,1,0
299.3,310.6,1443,45.7,97,0,11.300000000000011,6905.754723341477,0.46632653061224494,1,0
299.3,310.6,1609,31.4,99,0,11.300000000000011,5290.714300008522,0.314,0,1
299.3,310.5,1818,26.0,102,0,11.199999999999989,4949.893384996079,0.2524271844660194,1,0
299.3,310.6,1457,42.1,104,0,11.300000000000011,6423.478363113394,0.40095238095238095,0,1
299.3,310.6,1480,45.1,107,0,11.300000000000011,6989.8342147270505,0.4175925925925926,1,0
299.4,310.8,1424,47.7,109,0,11.400000000000034,7113.068422551867,0.43363636363636365,1,0
299.4,310.8,1628,40.2,111,0,11.400000000000034,6853.447205659207,0.35892857142857143,0,1
299.5,310.8,1754,31.3,114,0,11.300000000000011,5749.135500020346,0.27217391304347827,0,1
299.6,310.9,1716,28.5,117,0,11.299999999999955,5121.424343882081,0.24152542372881355,1,0
299.5,310.9,1378,48.7,119,0,11.399999999999977,7027.5961584232,0.4058333333333334,0,1
299.6,311.0,1708,31.0,122,0,11.399999999999977,5544.7015940757465,0.25203252032520324,1,0
299.6,311.0,1430,38.3,124,0,11.399999999999977,5735.396268148646,0.30639999999999995,1,0
299.7,311.2,1560,43.9,126,0,11.5,7171.627709614779,0.34566929133858265,0,1
299.6,311.1,1679,30.7,129,0,11.5,5397.811193569398,0.23615384615384616,1,0
299.6,311.1,1521,37.2,131,0,11.5,5925.169408376493,0.28181818181818186,1,0
299.6,311.1,1649,33.8,133,0,11.5,5836.68121530038,0.25223880597014925,0,1
299.5,311.0,1451,43.3,136,0,11.5,6579.364190584519,0.3160583941605839,0,1
299.4,310.8,1391,48.9,139,0,11.400000000000034,7123.027271263746,0.34928571428571425,1,0
299.3,310.8,1523,40.9,141,0,11.5,6523.0668502321905,0.2880281690140845,0,1
299.3,310.7,1495,39.2,144,0,11.399999999999977,6136.996529032541,0.2703448275862069,1,0
299.3,310.7,1440,45.5,146,0,11.399999999999977,6861.2383554401085,0.30952380952380953,0,1
299.4,310.8,1585,31.4,149,0,11.400000000000034,5211.797492550347,0.20933333333333332,0,0
299.5,310.8,1374,48.3,154,0,11.300000000000011,6949.642772712125,0.3116129032258064,1,0
299.5,310.8,1507,40.2,156,0,11.300000000000011,6344.069372806158,0.25605095541401274,0,1
299.5,310.9,1577,34.6,159,0,11.399999999999977,5713.9496623001405,0.21625,0,1
299.5,310.9,1496,38.5,162,0,11.399999999999977,6031.439015871924,0.2361963190184049,1,0
299.6,310.9,1487,42.5,164,0,11.299999999999955,6618.026724174699,0.25757575757575757,1,0
299.6,310.9,1853,26.3,166,0,11.299999999999955,5103.4020740259875,0.15748502994011976,1,0
299.7,311.0,1435,50.1,168,0,11.300000000000011,7528.66971469526,0.2964497041420118,0,1
299.8,311.1,1763,25.5,171,0,11.300000000000011,4707.833671036985,0.14825581395348839,0,1
299.8,311.1,1820,24.9,174,0,11.300000000000011,4745.6898625127415,0.14228571428571427,1,0
299.8,311.1,1498,38.1,176,0,11.300000000000011,5976.754359748438,0.2152542372881356,0,1
299.8,311.1,1603,35.1,179,0,11.300000000000011,5892.088437734193,0.195,1,0
299.8,311.1,1412,42.5,181,0,11.300000000000011,6284.232504730783,0.23351648351648352,1,0
299.8,311.1,1588,38.0,183,0,11.300000000000011,6319.208902940749,0.20652173913043478,1,0
299.8,311.0,1948,20.0,185,0,11.199999999999989,4079.8816594619443,0.10752688172043011,0,1
299.7,310.9,1384,48.2,188,0,11.199999999999989,6985.72920032636,0.25502645502645505,1,0
299.7,310.8,1589,36.0,190,0,11.100000000000023,5990.388871865018,0.18848167539267016,1,0
299.7,310.8,1405,47.6,192,0,11.100000000000023,7003.447782892607,0.24663212435233162,0,1
299.7,310.9,1491,40.1,195,0,11.199999999999989,6261.09991082485,0.2045918367346939,1,0
299.7,310.8,1418,46.6,197,0,11.100000000000023,6919.755754600975,0.23535353535353537,0,0
299.6,310.8,1603,35.4,202,0,11.199999999999989,5942.448167971237,0.17438423645320197,0,1
299.6,310.7,1922,23.3,205,1,11.099999999999966,4689.622905621676,0.11310679611650486,1,0
299.5,310.7,1364,49.5,0,0,11.199999999999989,7070.468426169187,49.5,0,1
299.4,310.7,1551,41.2,3,0,11.300000000000011,6691.718015852404,10.3,1,0
299.5,310.7,1589,33.5,5,0,11.199999999999989,5574.389644652169,5.583333333333333,1,0
299.5,310.7,1423,56.5,7,0,11.199999999999989,8419.415951743085,7.0625,0,1
299.4,310.6,1418,53.1,10,0,11.200000000000045,7884.957737538879,4.827272727272727,1,0
299.3,310.5,1404,47.5,12,0,11.199999999999989,6983.760468930111,3.6538461538461537,0,1
299.3,310.5,1281,59.8,15,0,11.199999999999989,8021.931177235393,3.7375,1,0
299.3,310.5,1529,41.3,17,0,11.199999999999989,6612.811680369739,2.2944444444444443,1,0
299.3,310.5,1563,42.1,19,0,11.199999999999989,6890.800742310388,2.105,0,1
299.4,310.6,1348,54.5,22,0,11.200000000000045,7693.341529620925,2.369565217391304,1,0
299.3,310.5,1462,40.5,24,0,11.199999999999989,6200.561420390175,1.62,0,1
299.3,310.4,1510,45.5,27,0,11.099999999999966,7194.770775496224,1.625,0,0
299.2,310.4,1472,43.3,32,0,11.199999999999989,6674.5858639148255,1.312121212121212,1,0
299.2,310.4,1325,52.0,34,0,11.199999999999989,7215.191127744558,1.4857142857142858,0,1
299.2,310.4,1570,37.3,37,0,11.199999999999989,6132.493579562396,0.981578947368421,1,0
299.2,310.4,1379,46.8,39,0,11.199999999999989,6758.319780108506,1.17,1,0
299.1,310.2,1352,52.8,41,0,11.099999999999966,7475.482551069985,1.2571428571428571,1,0
299.1,310.3,1727,28.7,43,0,11.199999999999989,5190.424190530425,0.6522727272727272,1,0
299.0,310.1,1432,50.0,45,0,11.100000000000023,7497.934466567639,1.0869565217391304,0,0
298.9,310.1,1466,43.4,50,0,11.200000000000045,6662.73158763528,0.8509803921568627,1,0
298.9,310.1,1510,38.0,52,0,11.200000000000045,6008.819548766077,0.7169811320754716,1,0
299.0,310.2,1490,41.1,54,0,11.199999999999989,6412.933083772845,0.7472727272727273,1,0
299.0,310.1,1463,37.4,56,0,11.100000000000023,5729.867065078329,0.6561403508771929,1,0
298.9,310.0,1561,45.3,58,0,11.100000000000023,7405.079459703037,0.7677966101694915,0,1
298.9,310.1,2109,18.0,61,0,11.200000000000045,3975.3713438525247,0.2903225806451613,1,0
298.9,310.2,1705,32.5,63,0,11.300000000000011,5802.783430568147,0.5078125,1,0
298.9,310.1,1549,40.2,65,0,11.200000000000045,6520.87820735019,0.6090909090909091,0,1
299.0,310.2,1637,38.0,68,0,11.199999999999989,6514.197086973555,0.5507246376811594,0,0
298.9,310.1,1484,37.9,73,0,11.200000000000045,5889.816019048096,0.5121621621621621,0,1
298.9,310.1,1401,44.4,76,0,11.200000000000045,6514.029535365364,0.5766233766233766,1,0
298.9,310.1,1571,36.8,78,0,11.200000000000045,6054.142258781865,0.46582278481012657,1,0
298.9,310.1,1513,41.5,80,0,11.200000000000045,6575.301064085877,0.5123456790123457,0,1
299.0,310.1,1470,40.3,83,0,11.100000000000023,6203.703013043763,0.4797619047619047,1,0
299.0,310.1,1505,41.3,85,0,11.100000000000023,6509.013459095132,0.48023255813953486,1,0
299.0,310.2,1432,42.2,87,0,11.199999999999989,6328.256689783088,0.47954545454545455,1,0
299.0,310.2,1625,31.8,89,0,11.199999999999989,5411.393345808419,0.35333333333333333,0,1
299.0,310.2,1377,62.5,92,1,11.199999999999989,9012.443924985719,0.6720430107526881,1,0
299.1,310.3,1441,43.9,94,0,11.199999999999989,6624.561236894166,0.46210526315789474,0,1
299.0,310.2,1564,39.9,97,0,11.199999999999989,6534.889710585201,0.40714285714285714,0,1
298.9,310.1,1580,37.3,100,0,11.200000000000045,6171.5540482220285,0.3693069306930693,1,0
299.0,310.2,1516,35.3,102,0,11.199999999999989,5604.056751277568,0.34271844660194173,1,0
299.0,310.1,1447,42.8,104,0,11.100000000000023,6485.461986168721,0.4076190476190476,1,0
298.9,310.0,1323,52.9,106,0,11.100000000000023,7328.990085633092,0.49439252336448597,0,1
298.9,310.0,1470,45.9,109,0,11.100000000000023,7065.756037188803,0.41727272727272724,1,0
299.0,310.0,2049,19.5,111,0,11.0,4184.130175683566,0.17410714285714285,0,1
298.9,310.0,1794,27.2,114,0,11.100000000000023,5109.988946623013,0.23652173913043478,1,0
298.9,310.1,1356,47.8,116,0,11.200000000000045,6787.599423639962,0.40854700854700854,1,0
299.0,310.1,1555,38.6,118,0,11.100000000000023,6285.593861547339,0.3243697478991597,0,0
299.0,310.1,1487,47.5,123,0,11.100000000000023,7396.61810348937,0.38306451612903225,0,1
299.0,310.0,1341,58.9,126,0,11.0,8271.279386150816,0.4637795275590551,0,1
298.9,310.0,1487,36.6,129,0,11.100000000000023,5699.288896583388,0.28153846153846157,0,1
299.0,310.0,1569,34.3,132,0,11.0,5635.671645348194,0.25789473684210523,0,0
299.0,310.1,2053,19.7,137,0,11.100000000000023,4235.296248035032,0.1427536231884058,0,0
299.0,310.1,1583,35.8,142,0,11.100000000000023,5934.615130288286,0.25034965034965034,1,0
299.0,310.0,1672,33.2,144,0,11.0,5813.035494594363,0.22896551724137934,1,0
299.0,310.0,1337,57.4,146,0,11.0,8036.591942952145,0.3904761904761905,0,1
299.1,310.1,1421,41.2,149,0,11.0,6130.839007431506,0.27466666666666667,0,0
299.1,310.2,1425,52.7,154,0,11.099999999999966,7864.191810098649,0.34,1,0
299.2,310.2,1609,33.2,156,0,11.0,5594.003654786081,0.21146496815286625,1,0
299.2,310.3,1507,41.3,158,0,11.100000000000023,6517.663310868017,0.259748427672956,1,0
299.2,310.3,1463,38.9,160,0,11.100000000000023,5959.674567688422,0.24161490683229814,1,0
299.3,310.4,1393,44.9,162,0,11.099999999999966,6549.770387787705,0.27546012269938647,0,0
299.3,310.4,1725,26.8,167,0,11.099999999999966,4841.194279181871,0.15952380952380954,1,0
299.4,310.5,1514,36.1,169,0,11.100000000000023,5723.500103967052,0.2123529411764706,1,0
299.3,310.4,1365,53.9,171,0,11.099999999999966,7704.598903296288,0.3133720930232558,1,0
299.4,310.5,1372,46.3,173,0,11.100000000000023,6652.175836319219,0.26609195402298846,1,0
299.4,310.4,1509,40.6,175,0,11.0,6415.697685308004,0.23068181818181818,1,0
299.3,310.4,1629,32.6,177,0,11.099999999999966,5561.18448353158,0.18314606741573033,1,0
299.4,310.5,1749,28.1,179,0,11.100000000000023,5146.651332890407,0.15611111111111112,1,0
299.4,310.4,1582,31.7,181,0,11.0,5251.6328873978655,0.17417582417582417,1,0
299.2,310.2,1458,47.0,183,0,11.0,7176.025939329805,0.2554347826086957,1,0
299.1,310.1,1416,41.2,185,0,11.0,6109.2667378768565,0.22150537634408604,1,0
299.1,310.0,1657,33.1,187,0,10.899999999999977,5743.532993121444,0.17606382978723406,0,0
299.1,310.0,1437,41.1,192,0,10.899999999999977,6184.822041195691,0.21295336787564767,0,1
299.1,310.0,1580,36.0,195,0,10.899999999999977,5956.459671206248,0.1836734693877551,0,1
299.0,310.0,1488,46.3,198,0,11.0,7214.604697115888,0.23266331658291456,0,1
299.0,309.9,1373,55.7,201,1,10.899999999999977,8008.558464506613,0.27574257425742577,1,0
299.1,310.0,1367,56.3,203,1,10.899999999999977,8059.452265494767,0.2759803921568627,1,0
299.1,310.0,1431,49.5,205,0,10.899999999999977,7417.77149402354,0.24029126213592233,0,0
299.0,310.1,1623,33.0,210,0,11.100000000000023,5608.685364453857,0.15639810426540285,1,0
299.0,310.0,1484,39.6,212,0,11.0,6154.0030172639745,0.18591549295774648,1,0
299.0,309.9,1548,34.5,214,0,10.899999999999977,5592.66324192055,0.16046511627906976,1,0
298.9,309.8,1287,61.9,216,1,10.900000000000034,8342.530707534232,0.28525345622119813,1,0
298.9,309.8,1392,43.1,218,0,10.900000000000034,6282.682652355012,0.19680365296803654,0,1
299.0,310.0,1458,44.9,221,0,11.0,6855.39499310443,0.20225225225225224,0,0
299.1,310.1,1570,30.9,226,0,11.0,5080.269480120055,0.13612334801762113,0,1
299.1,310.1,1435,48.8,229,1,11.0,7333.315011519535,0.21217391304347824,1,0
299.1,310.2,1317,54.8,231,1,11.099999999999966,7557.792278594038,0.23620689655172414,1,0
299.2,310.3,1610,33.3,233,0,11.100000000000023,5614.340231230319,0.1423076923076923,1,0
299.1,310.3,1838,24.0,235,0,11.199999999999989,4619.397837838431,0.1016949152542373,0,1
299.2,310.3,1352,48.9,238,1,11.100000000000023,6923.316226275043,0.20460251046025105,1,0
299.1,310.3,1619,35.2,240,0,11.199999999999989,5967.853180563267,0.14605809128630706,1,0
299.1,310.3,1619,31.1,242,0,11.199999999999989,5272.733918054478,0.1279835390946502,1,0
299.0,310.2,1690,30.7,244,0,11.199999999999989,5433.175054873308,0.1253061224489796,1,0
299.0,310.2,1412,44.1,246,0,11.199999999999989,6520.815375497119,0.1785425101214575,1,0
299.0,310.2,1744,31.5,0,0,11.199999999999989,5752.884467253629,31.5,0,0
299.0,310.1,1593,35.4,5,0,11.100000000000023,5905.377374658877,5.8999999999999995,0,1
299.1,310.2,1695,29.6,8,0,11.099999999999966,5253.99955386357,3.288888888888889,1,0
299.0,310.2,1298,57.2,10,0,11.199999999999989,7774.981050712212,5.2,0,1
299.0,310.1,1886,21.2,13,0,11.100000000000023,4187.030912900381,1.5142857142857142,1,0
299.0,310.1,2033,19.3,15,0,11.100000000000023,4108.878559654579,1.20625,1,0
299.1,310.2,1711,28.1,17,0,11.099999999999966,5034.831578373633,1.5611111111111111,0,1
299.1,310.2,1598,33.4,20,0,11.099999999999966,5589.228433952624,1.5904761904761904,1,0
299.1,310.1,1894,24.2,22,0,11.0,4799.809031958582,1.0521739130434782,1,0
299.1,310.1,1412,44.4,24,0,11.0,6565.174663765806,1.776,0,1
299.1,310.0,1394,46.6,27,0,10.899999999999977,6802.637180475147,1.6642857142857144,1,0
299.0,310.0,1338,56.4,29,0,11.0,7902.487824545909,1.88,0,1
298.9,309.9,1376,51.0,32,0,11.0,7348.813535277243,1.5454545454545454,0,0
299.0,310.0,1360,48.1,37,0,11.0,6850.347500907665,1.2657894736842106,1,0
299.1,310.1,1486,40.7,39,0,11.0,6333.471733588047,1.0175,1,0
299.1,310.1,1649,31.6,41,0,11.0,5456.778887677279,0.7523809523809524,0,1
299.1,310.1,1367,45.6,44,0,11.0,6527.726879335016,1.0133333333333334,1,0
299.0,310.1,1362,59.5,46,0,11.100000000000023,8486.384235142106,1.2659574468085106,1,0
298.9,310.0,1520,35.6,48,0,11.100000000000023,5666.59538903503,0.726530612244898,0,1
299.0,310.0,1582,31.9,51,0,11.0,5284.766217917726,0.6134615384615384,1,0
299.0,310.0,1667,30.0,53,0,11.0,5237.034953534185,0.5555555555555556,0,1
298.9,310.0,1693,28.8,56,0,11.100000000000023,5105.967708026419,0.5052631578947369,1,0
298.9,310.0,1559,33.4,58,0,11.100000000000023,5452.820480933756,0.5661016949152542,1,0
298.9,309.9,1592,32.0,60,0,11.0,5334.8432048159475,0.5245901639344263,1,0
298.9,309.9,1404,39.8,62,0,11.0,5851.656140282492,0.6317460317460317,1,0
298.8,309.8,1413,45.5,64,0,11.0,6732.590136275606,0.7,0,1
298.8,309.8,1663,28.2,67,0,11.0,4911.0004679446365,0.41470588235294115,1,0
298.8,309.8,1508,36.3,69,0,11.0,5732.401283152222,0.5185714285714286,1,0
298.9,309.8,1353,53.7,71,0,10.900000000000034,7608.528999949513,0.7458333333333333,0,1
298.8,309.8,1485,42.4,74,0,11.0,6593.574661354258,0.5653333333333334,1,0
298.9,310.0,1633,31.2,76,0,11.100000000000023,5335.429635444618,0.40519480519480516,1,0
298.9,310.0,1422,43.6,78,0,11.100000000000023,6492.54104161481,0.5518987341772152,1,0
298.9,310.1,1577,41.4,80,0,11.200000000000045,6836.922428301324,0.5111111111111111,1,0
298.9,310.0,1482,41.1,82,0,11.100000000000023,6378.501228289502,0.4951807228915663,1,0
299.0,310.1,1705,30.1,84,0,11.100000000000023,5374.270192618499,0.35411764705882354,0,1
299.0,310.1,1699,32.9,87,0,11.100000000000023,5853.530623899133,0.37386363636363634,1,0
299.0,310.1,1664,29.7,89,0,11.100000000000023,5175.334073817682,0.33,1,0
299.0,310.0,1486,34.6,91,0,11.0,5384.229041330379,0.3760869565217391,0,1
299.1,310.1,1336,61.3,94,0,11.0,8576.212841083754,0.6452631578947368,1,0
299.1,310.1,1429,42.9,96,0,11.0,6419.750339831135,0.4422680412371134,0,0
299.1,310.2,1456,48.4,101,0,11.099999999999966,7379.643031184472,0.4745098039215686,0,1
299.1,310.2,1496,45.0,104,0,11.099999999999966,7049.733914655496,0.42857142857142855,1,0
299.1,310.1,1894,20.1,106,0,11.0,3986.6182455523763,0.18785046728971963,1,0
299.1,310.1,1373,55.6,108,0,11.0,7994.180442128683,0.5100917431192661,1,0
299.0,310.0,1387,45.2,110,0,11.0,6565.132775863758,0.4072072072072072,0,0
298.9,309.9,1500,44.2,115,0,11.0,6942.919764433444,0.38103448275862073,1,0
298.9,309.9,1517,36.6,117,0,11.0,5814.271187704774,0.3101694915254237,1,0
298.9,309.9,1309,56.2,119,0,11.0,7703.792561181866,0.4683333333333334,1,0
298.9,309.9,1357,54.5,121,0,11.0,7744.706569507118,0.44672131147540983,0,1
298.8,309.8,1490,40.6,124,0,11.0,6334.916866208699,0.32480000000000003,1,0
298.8,309.8,1911,21.6,126,0,11.0,4322.580163927269,0.1700787401574803,0,0
298.8,309.8,1599,33.6,131,0,11.0,5626.215451460889,0.2545454545454546,1,0
298.8,309.7,2098,19.0,133,0,10.899999999999977,4174.338878579878,0.1417910447761194,0,1
298.7,309.7,1629,27.9,136,0,11.0,4759.418622408928,0.20364963503649633,0,1
298.8,309.8,1557,37.2,139,0,11.0,6065.410104432742,0.26571428571428574,1,0
298.8,309.8,1461,39.4,141,0,11.0,6028.025151855023,0.27746478873239433,1,0
298.8,309.8,1563,33.7,143,0,11.0,5515.914133393351,0.2340277777777778,1,0
298.7,309.8,1695,29.0,145,0,11.100000000000023,5147.499562906876,0.19863013698630136,1,0
298.8,310.0,1528,36.7,147,0,11.199999999999989,5872.432539698233,0.247972972972973,1,0
298.8,310.0,1389,49.6,149,0,11.199999999999989,7214.604697115888,0.33066666666666666,1,0
298.9,310.0,2231,17.4,151,0,11.100000000000023,4065.1580618921207,0.11447368421052631,1,0
298.9,310.1,1442,42.9,153,0,11.200000000000045,6478.152547261368,0.2785714285714286,0,1
298.9,310.1,1458,44.3,156,0,11.200000000000045,6763.786151325751,0.2821656050955414,0,0
299.0,310.1,1444,47.7,161,0,11.100000000000023,7212.971068936021,0.29444444444444445,1,0
298.9,310.0,1348,58.2,163,0,11.100000000000023,8215.64178025574,0.35487804878048784,0,1
298.9,310.0,1791,27.6,166,0,11.100000000000023,5176.465047172974,0.16526946107784432,1,0
299.0,310.0,1509,38.0,168,0,11.0,6004.840198071531,0.22485207100591717,1,0
298.9,310.0,1515,42.9,170,0,11.100000000000023,6806.103404369607,0.25087719298245614,1,0
298.9,310.1,1655,31.5,172,0,11.200000000000045,5459.302633775663,0.18208092485549132,0,1
298.9,310.1,1495,42.9,175,0,11.200000000000045,6716.253854476939,0.24375,1,0
298.9,310.2,1623,37.2,177,0,11.300000000000011,6322.51804720253,0.20898876404494385,1,0
298.9,310.2,1562,42.5,179,0,11.300000000000011,6951.820943618614,0.2361111111111111,1,0
298.8,310.1,1574,36.2,181,0,11.300000000000011,5966.80598301207,0.19890109890109892,1,0
298.8,310.0,1611,32.4,183,0,11.199999999999989,5465.994226127809,0.1760869565217391,1,0
298.8,310.0,1403,45.6,185,0,11.199999999999989,6699.634829339449,0.24516129032258066,1,0
298.8,310.1,1481,47.4,187,0,11.300000000000011,7351.263977547044,0.2521276595744681,1,0
298.9,310.1,1441,41.2,189,0,11.200000000000045,6217.128085650106,0.21684210526315792,0,1
298.8,310.1,1483,45.4,192,0,11.300000000000011,7050.592616647476,0.23523316062176164,0,0
298.7,310.0,1555,32.6,197,0,11.300000000000011,5308.558546280913,0.16464646464646465,1,0
298.6,309.9,1615,28.8,199,0,11.299999999999955,4870.725250125615,0.14400000000000002,1,0
298.6,309.8,1561,32.6,201,0,11.199999999999989,5329.041730382319,0.1613861386138614,1,0
298.5,309.8,1593,35.1,203,0,11.300000000000011,5855.331803687192,0.17205882352941176,1,0
298.5,309.7,1552,34.0,205,0,11.199999999999989,5525.852038154206,0.1650485436893204,0,1
298.5,309.7,1561,35.3,208,0,11.199999999999989,5770.4040822851475,0.16889952153110047,0,0
298.6,309.8,1597,35.9,213,0,11.199999999999989,6003.82441644687,0.16775700934579438,1,0
298.6,309.9,1517,34.0,215,0,11.299999999999955,5401.235529561812,0.1574074074074074,0,1
298.6,309.8,2271,16.2,218,1,11.199999999999989,3852.6607348033067,0.07397260273972603,1,0
298.5,309.7,1613,36.7,0,0,11.199999999999989,6199.105815794012,36.7,1,0
298.5,309.6,1509,47.3,2,0,11.100000000000023,7474.445825494299,15.766666666666666,0,1
298.6,309.7,1703,26.1,5,0,11.099999999999966,4654.615091485173,4.3500000000000005,1,0
298.6,309.7,1925,22.1,7,0,11.099999999999966,4455.040182178126,2.7625,1,0
298.6,309.6,1635,29.7,9,0,11.0,5085.138948733118,2.9699999999999998,0,1
298.5,309.5,1294,66.7,12,1,11.0,9038.34112042681,5.130769230769231,1,0
298.6,309.6,1472,39.1,14,0,11.0,6027.166449863042,2.606666666666667,1,0
298.6,309.6,1449,42.5,16,0,11.0,6448.904319656449,2.5,0,0
298.6,309.6,1563,35.0,21,0,11.0,5728.694203820988,1.5909090909090908,1,0
298.6,309.6,1611,35.7,23,0,11.0,6022.715860270457,1.4875,1,0
298.6,309.6,1386,48.6,25,0,11.0,7053.880816958234,1.8692307692307693,1,0
298.6,309.5,1584,31.8,27,0,10.899999999999977,5274.859729083406,1.1357142857142857,0,0
298.7,309.6,1424,50.4,32,0,10.900000000000034,7515.694937035934,1.5272727272727273,0,1
298.5,309.5,1561,34.8,35,0,11.0,5688.6703134142535,0.9666666666666666,1,0
298.5,309.4,1560,37.9,37,0,10.899999999999977,6191.450801694764,0.9973684210526316,1,0
298.6,309.5,1375,41.0,39,0,10.899999999999977,5903.576194870819,1.025,0,0
298.6,309.5,1684,27.8,44,0,10.899999999999977,4902.476279877897,0.6177777777777778,0,1
298.6,309.6,1397,54.1,47,0,11.0,7914.47823650711,1.1270833333333334,0,1
298.6,309.6,1387,57.6,50,0,11.0,8366.186900215762,1.1294117647058823,1,0
298.7,309.7,1311,54.5,52,0,11.0,7482.17414342213,1.028301886792453,0,0
298.8,309.8,1509,36.2,57,0,11.0,5720.400399215511,0.6241379310344828,1,0
298.8,309.8,1477,46.7,59,0,11.0,7223.13935715814,0.7783333333333334,0,1
298.8,309.9,1441,41.6,62,0,11.099999999999966,6277.488552501078,0.6603174603174603,1,0
298.7,309.9,1404,47.1,64,0,11.199999999999989,6924.94985445491,0.7246153846153847,1,0
298.8,309.9,1466,44.6,66,0,11.099999999999966,6846.954580841786,0.6656716417910448,0,0
298.7,309.8,1435,48.8,71,0,11.100000000000023,7333.315011519535,0.6777777777777777,0,1
298.7,309.7,1697,29.8,74,0,11.0,5295.740848254267,0.3973333333333333,0,0
298.7,309.6,1738,27.3,79,0,10.900000000000034,4968.680109064545,0.34125,0,1
298.6,309.5,1420,50.4,82,0,10.899999999999977,7494.583434403809,0.6072289156626506,0,0
298.5,309.5,1535,39.8,87,0,11.0,6397.643999525373,0.4522727272727272,0,1
298.6,309.6,1715,28.4,90,0,11.0,5100.480392858149,0.3120879120879121,1,0
298.6,309.5,1483,43.2,92,0,10.899999999999977,6708.933943594075,0.4645161290322581,1,0
298.5,309.4,1521,37.5,94,0,10.899999999999977,5972.953032637593,0.39473684210526316,0,1
298.5,309.4,1573,36.0,97,0,10.899999999999977,5930.070292916093,0.3673469387755102,0,0
298.5,309.4,1414,46.7,102,0,10.899999999999977,6915.043365620589,0.45339805825242724,0,0
298.5,309.3,1590,33.9,107,0,10.800000000000011,5644.4995207047805,0.3138888888888889,1,0
298.5,309.3,1623,33.1,109,0,10.800000000000011,5625.681380709778,0.3009090909090909,1,0
298.4,309.3,1694,30.9,111,0,10.900000000000034,5481.513693836543,0.2758928571428571,0,0
298.4,309.2,1597,33.5,116,0,10.800000000000011,5602.454539024237,0.2863247863247863,0,1
298.5,309.3,1471,44.7,119,0,10.800000000000011,6885.711362211573,0.3725,1,0
298.5,309.3,1551,34.7,121,0,10.800000000000011,5635.985804613554,0.28442622950819674,0,1
298.5,309.3,1421,50.3,124,0,10.800000000000011,7484.980632859338,0.4024,0,0
298.4,309.3,1496,45.6,129,0,10.900000000000034,7143.730366850903,0.3507692307692308,0,1
298.4,309.3,1984,19.2,132,0,10.900000000000034,3989.068687822175,0.14436090225563908,0,0
298.4,309.2,1692,29.8,137,0,10.800000000000011,5280.137604741437,0.21594202898550724,1,0
298.4,309.1,1467,42.5,139,0,10.700000000000045,6529.014932322988,0.30357142857142855,1,0
298.4,309.2,1651,28.5,141,0,10.800000000000011,4927.430997522911,0.2007042253521127,1,0
298.3,309.1,1417,60.5,143,0,10.800000000000011,8977.467526775752,0.4201388888888889,1,0
298.2,309.0,1413,55.0,145,0,10.800000000000011,8138.295769124359,0.3767123287671233,1,0
298.2,309.0,1441,44.2,147,0,10.800000000000011,6669.831587032395,0.29864864864864865,0,1
298.2,309.0,1353,50.3,150,0,10.800000000000011,7126.797182448053,0.33311258278145695,0,1
298.1,309.0,1502,40.9,153,0,10.899999999999977,6433.123052559914,0.2655844155844156,1,0
298.2,309.0,1610,31.7,155,0,10.800000000000011,5344.582142042075,0.2032051282051282,1,0
298.2,309.1,1411,45.8,157,0,10.900000000000034,6767.388510901868,0.289873417721519,0,1
298.3,309.1,1387,52.3,160,0,10.800000000000011,7596.38150835563,0.3248447204968944,1,0
298.3,309.1,1430,40.9,162,0,10.800000000000011,6124.744317683541,0.250920245398773,0,0
298.4,309.1,1576,38.8,167,0,10.700000000000045,6403.487361861051,0.23095238095238094,0,1
298.5,309.2,1721,29.4,170,0,10.699999999999989,5298.547337691473,0.1719298245614035,0,1
298.5,309.3,1465,42.4,173,0,10.800000000000011,6504.7723090127865,0.24367816091954023,0,1
298.6,309.4,1407,45.1,176,0,10.799999999999955,6645.065364946595,0.25480225988700567,0,1
298.6,309.4,1464,36.9,179,0,10.799999999999955,5657.128723172212,0.205,0,1
298.6,309.5,1568,36.7,182,0,10.899999999999977,6026.161140213893,0.20054644808743172,0,1
298.6,309.4,1667,35.6,185,0,10.799999999999955,6214.614811527233,0.1913978494623656,1,0
298.5,309.4,1360,60.9,187,1,10.899999999999977,8673.308998030701,0.32393617021276594,1,0
298.5,309.3,1488,43.7,189,0,10.800000000000011,6809.464908508949,0.23,0,1
298.4,309.3,1504,39.3,192,0,10.900000000000034,6189.691509808754,0.20362694300518133,1,0
298.4,309.2,1610,32.4,194,0,10.800000000000011,5462.601306061932,0.16615384615384615,1,0
298.4,309.2,1345,52.7,196,0,10.800000000000011,7422.693322514164,0.26751269035533,1,0
298.3,309.3,1376,57.0,198,0,11.0,8213.379833545154,0.2864321608040201,0,1
298.4,309.4,1385,50.0,201,0,11.0,7251.843042036439,0.24752475247524752,1,0
298.4,309.4,1429,41.8,203,0,11.0,6255.141356758541,0.20490196078431372,0,1
298.3,309.3,1337,56.1,206,1,11.0,7854.578536578664,0.2710144927536232,1,0
298.4,309.3,1542,35.4,208,0,10.900000000000034,5716.3163287658435,0.16937799043062202,1,0
298.4,309.2,2118,17.7,210,0,10.800000000000011,3925.7970117788773,0.08388625592417061,1,0
298.3,309.1,1386,45.3,212,0,10.800000000000011,6574.913600991934,0.21267605633802816,1,0
298.3,309.1,1632,32.7,0,0,10.800000000000011,5588.516339617811,32.7,0,1
298.4,309.3,1545,36.9,3,0,10.900000000000034,5970.125599249363,9.225,1,0
298.4,309.3,1390,53.6,5,0,10.900000000000034,7802.040635435132,8.933333333333334,0,1
298.4,309.3,1355,50.6,8,0,10.900000000000034,7179.900570269234,5.622222222222223,0,1
298.4,309.2,1425,45.5,11,0,10.800000000000011,6789.767122570939,3.7916666666666665,1,0
298.4,309.2,1491,51.2,13,0,10.800000000000011,7994.2223300307305,3.6571428571428575,0,1
298.3,309.2,1486,42.4,16,0,10.899999999999977,6598.014778971331,2.4941176470588236,0,0
298.3,309.2,1359,51.4,21,0,10.899999999999977,7314.947166471546,2.3363636363636364,0,1
298.4,309.3,1395,47.6,24,0,10.900000000000034,6953.601179455648,1.9040000000000001,1,0
298.3,309.2,1383,52.1,26,0,10.899999999999977,7545.5086513185015,1.9296296296296296,1,0
298.3,309.1,1484,37.0,28,0,10.800000000000011,5749.952314110278,1.2758620689655173,0,0
298.3,309.1,1421,47.4,33,0,10.800000000000011,7053.440993986732,1.3941176470588235,1,0
298.3,309.0,1339,58.8,35,0,10.699999999999989,8244.921423787197,1.6333333333333333,1,0
298.4,309.1,1362,46.1,37,0,10.700000000000045,6575.164928404221,1.2131578947368422,1,0
298.5,309.2,1568,40.6,39,0,10.699999999999989,6666.543386721636,1.0150000000000001,0,0
298.6,309.4,2312,15.5,44,0,10.799999999999955,3752.7371444681276,0.34444444444444444,1,0
298.5,309.3,1498,34.6,46,0,10.800000000000011,5427.708683656062,0.7361702127659575,0,1
298.5,309.3,1761,27.2,49,0,10.800000000000011,5015.992494427607,0.544,0,1
298.6,309.4,1316,51.4,52,0,10.799999999999955,7083.495563706075,0.969811320754717,1,0
298.6,309.4,1525,37.8,54,0,10.799999999999955,6036.5702838727875,0.6872727272727273,1,0
298.6,309.4,1362,45.3,56,0,10.799999999999955,6461.062283225839,0.7947368421052631,0,0
298.7,309.6,1516,38.5,61,0,10.900000000000034,6112.073227314062,0.6209677419354839,1,0
298.6,309.5,1450,44.2,63,0,10.899999999999977,6711.489105618995,0.690625,1,0
298.6,309.5,1366,55.0,65,0,10.899999999999977,7867.595202140039,0.8333333333333334,0,1
298.5,309.5,1547,33.1,68,0,11.0,5362.248364730763,0.4797101449275363,1,0
298.6,309.5,1580,33.9,70,0,10.899999999999977,5608.999523719216,0.47746478873239434,0,1
298.7,309.6,1755,26.9,73,0,10.900000000000034,4943.767279321577,0.3635135135135135,0,0
298.7,309.6,1800,24.8,78,0,10.900000000000034,4674.689868541612,0.3139240506329114,0,1
298.8,309.7,1439,45.8,81,0,10.899999999999977,6901.681124867319,0.5585365853658536,0,1
298.9,309.8,1411,56.3,84,0,10.900000000000034,8318.864042877189,0.6623529411764706,1,0
298.9,309.9,1645,31.4,86,0,11.0,5409.089511195785,0.36091954022988504,0,1
298.9,309.8,2450,13.9,89,0,10.900000000000034,3566.2312606000137,0.15444444444444444,0,1
299.0,309.9,1630,34.0,92,0,10.899999999999977,5803.568828731544,0.3655913978494624,1,0
299.0,309.9,1411,44.7,94,0,10.899999999999977,6604.852978980645,0.47052631578947374,1,0
298.9,309.9,1526,35.4,96,0,11.0,5657.003059466069,0.3649484536082474,1,0
298.9,309.9,1590,31.3,98,0,11.0,5211.588053040107,0.31616161616161614,1,0
299.0,309.9,1884,25.6,100,0,10.899999999999977,5050.675677323239,0.25346534653465347,0,0
298.9,309.8,1947,21.7,105,0,10.900000000000034,4424.399181830113,0.20471698113207545,0,1
298.9,309.9,1373,52.1,108,0,11.0,7490.949658901159,0.4779816513761468,1,0
298.9,309.8,1616,36.5,110,0,10.900000000000034,6176.7900359780115,0.32882882882882886,1,0
298.9,309.9,1449,44.1,112,0,11.0,6691.686599925868,0.39026548672566375,0,1
298.9,309.8,1363,50.6,115,0,10.900000000000034,7222.2911271416715,0.4362068965517242,0,1
298.8,309.7,1461,55.1,118,0,10.899999999999977,8430.055478863243,0.46302521008403363,0,0
298.8,309.7,1374,58.6,123,0,10.899999999999977,8431.657691116576,0.47258064516129034,1,0
298.7,309.7,1293,59.1,125,0,11.0,8002.296223150458,0.46904761904761905,1,0
298.8,309.8,1490,38.6,127,0,11.0,6022.851995952113,0.3015625,0,1
298.8,309.8,1753,27.5,130,0,11.0,5048.277594930998,0.2099236641221374,1,0
298.8,309.8,1493,38.5,132,0,11.0,6019.343884155604,0.2894736842105263,1,0
298.8,309.8,1895,22.0,134,0,11.0,4365.766590938616,0.16296296296296298,1,0
298.7,309.6,1654,34.3,136,0,10.900000000000034,5940.982091399561,0.2503649635036496,0,0
298.7,309.5,1673,30.8,141,0,10.800000000000011,5396.041429707876,0.21690140845070424,1,0
298.8,309.6,1613,27.7,143,0,10.800000000000011,4678.88913072191,0.1923611111111111,1,0
298.8,309.6,1903,22.3,145,0,10.800000000000011,4443.98177603749,0.15273972602739727,1,0
298.8,309.5,1368,44.7,147,0,10.699999999999989,6403.571137665147,0.30202702702702705,1,0
298.8,309.6,1575,34.4,149,0,10.800000000000011,5673.716332383166,0.22933333333333333,0,1
298.8,309.6,1516,40.2,152,0,10.800000000000011,6381.95698020845,0.2627450980392157,0,0
298.8,309.5,1645,32.8,157,0,10.699999999999989,5650.259107236362,0.20759493670886073,1,0
298.8,309.5,1374,48.1,159,0,10.699999999999989,6920.865784005244,0.30062500000000003,1,0
298.9,309.7,1407,48.6,161,0,10.800000000000011,7160.757799033359,0.3,0,0
298.9,309.6,1284,55.3,166,0,10.700000000000045,7435.647156222465,0.3311377245508982,0,1
298.9,309.5,1645,31.1,169,0,10.600000000000023,5357.410312044234,0.18294117647058825,1,0
298.8,309.4,1387,54.1,171,0,10.599999999999966,7857.824848987374,0.31453488372093025,1,0
298.8,309.3,1618,35.1,173,0,10.5,5947.223388804694,0.2017241379310345,0,1
298.8,309.3,1357,47.1,176,0,10.5,6693.131732546518,0.26610169491525426,1,0
298.7,309.2,1396,44.8,178,0,10.5,6549.257260987618,0.2502793296089385,1,0
298.7,309.2,1586,31.4,180,0,10.5,5215.085692861105,0.1734806629834254,1,0
298.7,309.2,1449,42.3,182,0,10.5,6418.55653462277,0.23114754098360654,0,0
298.7,309.2,1423,48.9,187,0,10.5,7286.892744074989,0.2601063829787234,0,1
298.7,309.3,1402,45.3,190,0,10.600000000000023,6650.814479502664,0.23717277486910993,0,0
298.7,309.2,1437,45.7,195,0,10.5,6877.040566487666,0.23316326530612247,0,1
298.6,309.1,1537,35.7,198,0,10.5,5746.06721119534,0.17939698492462314,1,0
298.7,309.1,1423,49.5,200,0,10.400000000000034,7376.302470996155,0.2462686567164179,0,1
298.6,309.1,1587,37.3,203,0,10.5,6198.896376283771,0.18284313725490195,0,1
298.6,309.1,1487,43.2,206,0,10.5,6727.029517278753,0.20869565217391306,0,1
298.6,309.0,1456,47.7,0,0,10.399999999999977,7272.912656766515,47.7,1,0
298.7,309.1,1607,32.7,2,0,10.400000000000034,5502.90793980749,10.9,1,0
298.6,309.0,1469,46.0,4,0,10.399999999999977,7076.3327324558895,9.2,1,0
298.6,309.0,1481,40.8,6,0,10.399999999999977,6327.670259154418,5.828571428571428,0,1
298.6,308.9,1327,58.8,9,0,10.299999999999955,8171.031164574764,5.88,1,0
298.5,308.8,1589,30.6,11,0,10.300000000000011,5091.830541085265,2.5500000000000003,1,0
298.5,308.8,1670,29.6,13,0,10.300000000000011,5176.506935075022,2.1142857142857143,1,0
298.5,308.7,1662,28.3,15,0,10.199999999999989,4925.451794151149,1.76875,0,1
298.5,308.8,1553,34.9,18,0,10.300000000000011,5675.779311559023,1.8368421052631578,0,1
298.5,308.8,1557,36.0,21,0,10.300000000000011,5869.751713967169,1.6363636363636365,0,1
298.4,308.8,1352,56.7,24,0,10.400000000000034,8027.6488758649275,2.2680000000000002,1,0
298.5,308.8,1305,58.7,26,0,10.300000000000011,8021.899761308857,2.174074074074074,1,0
298.5,308.7,1450,43.9,28,0,10.199999999999989,6665.936012141943,1.513793103448276,0,0
298.5,308.7,1347,48.5,33,0,10.199999999999989,6841.289242089813,1.4264705882352942,0,1
298.6,308.8,1566,39.1,36,0,10.199999999999989,6412.053437829839,1.0567567567567568,0,0
298.5,308.7,1615,33.3,41,0,10.199999999999989,5631.776070457742,0.7928571428571428,0,1
298.5,308.6,1384,54.4,44,0,10.100000000000023,7884.308475057136,1.208888888888889,0,1
298.5,308.7,1367,47.3,47,0,10.199999999999989,6771.0851182575925,0.9854166666666666,0,1
298.5,308.6,1897,20.2,50,0,10.100000000000023,4012.7981843322905,0.396078431372549,0,1
298.5,308.6,1522,36.9,53,0,10.100000000000023,5881.249943079308,0.6833333333333333,1,0
298.4,308.5,1576,27.4,55,0,10.100000000000023,4522.050353479196,0.48928571428571427,0,1
298.4,308.4,1479,39.2,58,0,10.0,6071.316298621491,0.664406779661017,0,0
298.3,308.3,1452,45.5,63,0,10.0,6918.415341735443,0.7109375,1,0
298.3,308.3,1432,46.9,65,0,10.0,7033.062529640445,0.7106060606060606,1,0
298.3,308.2,1663,28.4,67,0,9.899999999999977,4945.830258497435,0.41764705882352937,1,0
298.3,308.3,1597,32.4,69,0,10.0,5418.493345205531,0.46285714285714286,1,0
298.3,308.2,1472,44.3,71,0,9.899999999999977,6828.733343450965,0.6152777777777777,1,0
298.4,308.3,1452,48.5,73,0,9.900000000000034,7374.574595036681,0.6554054054054054,1,0
298.3,308.2,1534,33.2,75,0,9.899999999999977,5333.251464538129,0.4368421052631579,0,0
298.3,308.1,1505,46.1,80,0,9.800000000000011,7265.508970079555,0.5691358024691359,1,0
298.3,308.1,1528,33.9,82,0,9.800000000000011,5424.39953939428,0.40843373493975904,1,0
298.3,308.1,2636,12.8,84,0,9.800000000000011,3533.3283135414163,0.15058823529411766,0,0
298.3,308.1,1722,28.6,89,0,9.800000000000011,5157.364163839148,0.31777777777777777,0,1
298.4,308.1,1395,44.0,92,0,9.700000000000045,6427.698569244716,0.4731182795698925,1,0
298.4,308.1,1375,50.8,94,0,9.700000000000045,7314.674895108234,0.5347368421052632,1,0
298.3,308.0,1766,26.0,96,0,9.699999999999989,4808.312276074298,0.26804123711340205,0,1
298.3,307.9,1399,47.8,99,0,9.599999999999966,7002.840408312913,0.478,1,0
298.3,308.0,1578,37.8,101,0,9.699999999999989,6246.365841279513,0.3705882352941176,1,0
298.3,307.9,1502,42.0,103,0,9.599999999999966,6606.1410319686165,0.40384615384615385,1,0
298.2,307.9,1529,36.6,105,0,9.699999999999989,5860.264104153329,0.34528301886792456,0,1
298.2,307.8,1804,25.1,108,0,9.600000000000023,4741.752399720243,0.23027522935779818,1,0
298.2,307.8,1411,53.4,110,0,9.600000000000023,7890.361276903052,0.48108108108108105,0,1
298.1,307.8,1413,54.1,113,0,9.699999999999989,8005.123656538688,0.47456140350877196,1,0
298.2,307.8,1355,59.4,115,0,9.600000000000023,8428.578930316056,0.5120689655172413,1,0
298.2,307.8,1429,46.9,117,0,9.600000000000023,7018.32846009511,0.3974576271186441,1,0
298.1,307.8,1565,35.3,119,0,9.699999999999989,5785.190511708043,0.29416666666666663,1,0
298.1,307.9,1446,42.8,121,0,9.799999999999955,6480.979980649599,0.3508196721311475,0,1
298.2,307.9,1462,38.8,124,0,9.699999999999989,5940.290941015773,0.31039999999999995,0,1
298.2,307.8,1578,34.5,127,0,9.600000000000023,5701.048188469397,0.26953125,0,1
298.1,307.8,1606,33.0,130,0,9.699999999999989,5549.937581831729,0.25190839694656486,1,0
298.1,307.8,1525,35.9,132,0,9.699999999999989,5733.144793413573,0.2699248120300752,0,1
298.1,307.8,1379,49.1,135,0,9.699999999999989,7090.459427421532,0.3610294117647059,1,0
298.2,307.8,1575,35.0,137,0,9.600000000000023,5772.676500971245,0.2536231884057971,1,0
298.2,307.9,1399,54.9,139,0,9.699999999999989,8043.011263940982,0.3921428571428571,1,0
298.2,307.9,1429,49.4,141,0,9.699999999999989,7392.439785260094,0.34788732394366195,1,0
298.3,307.9,1435,39.9,143,0,9.599999999999966,5995.8866590088,0.27708333333333335,1,0
298.3,307.9,1766,26.5,145,0,9.599999999999966,4900.779819844957,0.1815068493150685,1,0
298.3,307.9,1703,28.9,147,0,9.599999999999966,5153.960771797759,0.19527027027027027,1,0
298.3,307.9,1507,41.2,149,0,9.599999999999966,6501.882043771485,0.27466666666666667,1,0
298.3,307.9,1609,32.4,151,0,9.599999999999966,5459.208385996054,0.2131578947368421,0,1
298.4,308.0,1605,32.4,154,0,9.600000000000023,5445.636705732547,0.2090322580645161,1,0
298.4,308.1,1491,50.0,156,0,9.700000000000045,7806.857744170636,0.3184713375796178,1,0
298.4,308.1,1891,24.7,158,0,9.700000000000045,4891.218906202533,0.15534591194968553,0,0
298.5,308.2,1563,44.6,163,0,9.699999999999989,7299.993185440459,0.27195121951219514,0,0
298.6,308.2,1390,51.4,168,0,9.599999999999966,7481.807624279211,0.3041420118343195,1,0
298.5,308.2,1444,40.5,170,0,9.699999999999989,6124.220718907942,0.23684210526315788,1,0
298.6,308.2,1361,68.2,172,1,9.599999999999966,9720.108614157845,0.3942196531791908,1,0
298.6,308.3,1589,34.1,174,0,9.699999999999989,5674.229459183253,0.19485714285714287,0,1
298.6,308.2,1705,26.3,177,0,9.599999999999966,4695.790899198224,0.14775280898876406,1,0
298.6,308.3,1422,40.4,179,0,9.699999999999989,6016.024267918309,0.22444444444444445,1,0
298.6,308.3,1377,52.1,181,0,9.699999999999989,7512.7732558680955,0.28626373626373625,0,0
298.5,308.3,1334,49.8,186,0,9.800000000000011,6956.8684358153805,0.2663101604278075,1,0
298.6,308.4,1559,36.6,188,0,9.799999999999955,5975.246395274715,0.19365079365079366,1,0
298.7,308.5,1353,47.0,190,0,9.800000000000011,6659.233947814284,0.24607329842931938,1,0
298.7,308.4,1507,45.7,192,0,9.699999999999989,7212.039063115458,0.2367875647668394,0,1
298.7,308.4,1694,28.7,195,0,9.699999999999989,5091.244110456595,0.14642857142857144,1,0
298.7,308.4,1432,42.8,197,0,9.699999999999989,6418.2319033818985,0.21616161616161614,0,0
298.7,308.5,1572,35.6,202,0,9.800000000000011,5860.452599712544,0.17536945812807883,0,0
298.8,308.6,1507,42.3,207,0,9.800000000000011,6675.475981833344,0.20336538461538461,0,1
298.8,308.6,1500,37.1,210,0,9.800000000000011,5827.654372409067,0.17582938388625594,0,1
298.9,308.6,1771,24.1,213,0,9.700000000000045,4469.554340237712,0.11261682242990655,1,0
298.8,308.5,1577,33.2,0,0,9.699999999999989,5482.749386946955,33.2,0,1
298.8,308.5,1527,36.2,3,0,9.699999999999989,5788.635791651481,9.05,1,0
298.9,308.4,1827,26.1,5,0,9.5,4993.53010695444,4.3500000000000005,0,1
298.8,308.4,1484,39.2,8,0,9.599999999999966,6091.841370624944,4.355555555555556,1,0
298.8,308.4,1401,47.3,10,0,9.599999999999966,6939.495428441029,4.3,1,0
298.8,308.3,1634,27.9,12,0,9.5,4774.0270282481215,2.146153846153846,1,0
298.8,308.4,1604,29.5,14,0,9.599999999999966,4955.129372752061,1.9666666666666666,0,1
298.9,308.4,1632,31.8,17,0,9.5,5434.703963298055,1.7666666666666666,0,0
299.0,308.6,1645,33.4,22,0,9.600000000000023,5753.617505539466,1.452173913043478,0,1
299.0,308.7,1408,48.5,25,0,9.699999999999989,7151.102637611326,1.8653846153846154,0,0
299.0,308.7,1500,40.2,30,0,9.699999999999989,6314.601233715485,1.2967741935483872,0,1
